short_id,config_id,arch_str,depth,width_sum,activation,optimizer,loss_fn,lr,weight_decay,dropout,batch_size,input_noise,momentum,nesterov,alpha,mean_mee,std_mee,mean_train,gen_gap,mean_epochs,min_mee,max_mee,elapsed_sec
C0322,256x128x64_gelu_adam_lr0.01_wd0.001_do0_bs32_ns0_lossmse,256x128x64,3,448,gelu,adam,mse,0.01,0.001,0.0,32,0.0,,,,18.703566317560835,0.9879227822280332,12.71632614084081,5.987240176720025,88.8,16.997666725825248,19.39951302945077,19.05967354774475
C0466,256x128x64_gelu_nadam_lr0.01_wd0.001_do0_bs32_ns0_lossmse,256x128x64,3,448,gelu,nadam,mse,0.01,0.001,0.0,32,0.0,,,,18.962559782763794,1.054741400548637,13.799964991201097,5.162594791562697,71.6,17.640118426650748,20.324011356911694,15.680376529693604
C0178,128x128x64_gelu_nadam_lr0.01_wd0.001_do0_bs32_ns0_lossmse,128x128x64,3,320,gelu,nadam,mse,0.01,0.001,0.0,32,0.0,,,,19.065234951389478,1.2881148844953267,13.719576465867243,5.345658485522234,67.8,17.052186120337247,20.550120725070663,10.813956022262573
C0324,256x128x64_gelu_adam_lr0.01_wd0.001_do0_bs32_ns0_lossmee,256x128x64,3,448,gelu,adam,mee,0.01,0.001,0.0,32,0.0,,,,19.166643951028576,1.1304295106864428,12.138848420532204,7.0277955304963715,66.6,17.87447157540651,20.686789643176844,15.283342123031616
C0034,128x128x64_gelu_adam_lr0.01_wd0.001_do0_bs32_ns0_lossmse,128x128x64,3,320,gelu,adam,mse,0.01,0.001,0.0,32,0.0,,,,19.333469510269598,2.0305787107792432,14.550628648579991,4.782840861689607,75.2,16.557234112707686,21.480772832028528,10.694292068481445
C0323,256x128x64_gelu_adam_lr0.01_wd0.001_do0_bs32_ns0_losshuber,256x128x64,3,448,gelu,adam,huber,0.01,0.001,0.0,32,0.0,,,,19.40883338506963,1.4728920806892856,16.985710293405106,2.423123091664525,109.6,17.444947360697,21.53615645548043,22.1396906375885
C0180,128x128x64_gelu_nadam_lr0.01_wd0.001_do0_bs32_ns0_lossmee,128x128x64,3,320,gelu,nadam,mee,0.01,0.001,0.0,32,0.0,,,,19.473426201302026,1.2357275487862809,12.443272061258778,7.030154140043248,62.8,17.84050142049073,21.098902831947004,10.673776626586914
C0036,128x128x64_gelu_adam_lr0.01_wd0.001_do0_bs32_ns0_lossmee,128x128x64,3,320,gelu,adam,mee,0.01,0.001,0.0,32,0.0,,,,19.515120209276926,1.4850842183771358,13.387324784375759,6.1277954249011675,52.8,17.2827309103672,21.309143376760577,8.68709421157837
C0317,256x128x64_gelu_adam_lr0.003_wd0.001_do0_bs32_ns0_losshuber,256x128x64,3,448,gelu,adam,huber,0.003,0.001,0.0,32,0.0,,,,19.521864783663123,1.2236762300118593,16.32562024602958,3.196244537633543,79.6,17.956538912077686,21.04389546715035,17.944326877593994
C0538,256x128x64_gelu_radam_lr0.01_wd0.001_do0_bs32_ns0_lossmse,256x128x64,3,448,gelu,radam,mse,0.01,0.001,0.0,32,0.0,,,,19.632888833031643,1.0880936628805054,14.61227023168765,5.020618601343994,68.6,17.830907810995637,20.79539006104842,16.589452266693115
C0468,256x128x64_gelu_nadam_lr0.01_wd0.001_do0_bs32_ns0_lossmee,256x128x64,3,448,gelu,nadam,mee,0.01,0.001,0.0,32,0.0,,,,19.75477300837144,1.0612736538776513,14.178244291811518,5.576528716559922,56.0,18.53659865831802,21.128933066376117,13.566937685012817
C0172,128x128x64_gelu_nadam_lr0.003_wd0.001_do0_bs32_ns0_lossmse,128x128x64,3,320,gelu,nadam,mse,0.003,0.001,0.0,32,0.0,,,,19.879788246643283,0.9836899676454751,15.284063336839122,4.5957249098041615,63.6,18.244255655656694,20.75816953957645,10.683692455291748
C0028,128x128x64_gelu_adam_lr0.003_wd0.001_do0_bs32_ns0_lossmse,128x128x64,3,320,gelu,adam,mse,0.003,0.001,0.0,32,0.0,,,,19.93882901729406,1.1437738897056693,15.567515827596509,4.371313189697553,60.4,18.071055435651154,20.891864245497345,8.870443344116211
C0316,256x128x64_gelu_adam_lr0.003_wd0.001_do0_bs32_ns0_lossmse,256x128x64,3,448,gelu,adam,mse,0.003,0.001,0.0,32,0.0,,,,19.938833280744245,1.134528311365094,15.276245038573473,4.662588242170772,59.6,18.23927558749346,21.275815305879597,14.416678190231323
C0173,128x128x64_gelu_nadam_lr0.003_wd0.001_do0_bs32_ns0_losshuber,128x128x64,3,320,gelu,nadam,huber,0.003,0.001,0.0,32,0.0,,,,19.93994859263875,0.995374104647617,17.27797005447461,2.6619785381641385,67.8,18.419356406429348,20.972425958593398,11.42127776145935
C0539,256x128x64_gelu_radam_lr0.01_wd0.001_do0_bs32_ns0_losshuber,256x128x64,3,448,gelu,radam,huber,0.01,0.001,0.0,32,0.0,,,,20.02190479109509,1.7284574421709082,17.77323064320935,2.2486741478857404,58.4,17.308537214136813,21.698828463951394,14.754444122314453
C0460,256x128x64_gelu_nadam_lr0.003_wd0.001_do0_bs32_ns0_lossmse,256x128x64,3,448,gelu,nadam,mse,0.003,0.001,0.0,32,0.0,,,,20.03666367149588,0.8724260911338904,15.348551463277408,4.688112208218472,50.8,18.861219547975,20.96375155315228,12.232497930526733
C0464,256x128x64_gelu_nadam_lr0.01_wd0.0001_do0_bs32_ns0_losshuber,256x128x64,3,448,gelu,nadam,huber,0.01,0.0001,0.0,32,0.0,,,,20.04509731516496,0.9739418383019222,11.303772118761485,8.741325196403475,50.0,18.740814861269023,20.80578986140819,11.977747917175293
C0029,128x128x64_gelu_adam_lr0.003_wd0.001_do0_bs32_ns0_losshuber,128x128x64,3,320,gelu,adam,huber,0.003,0.001,0.0,32,0.0,,,,20.08090164326662,1.3749550572512197,17.501086592787466,2.579815050479155,66.8,17.942714256250973,21.521160505460955,9.663862943649292
C0461,256x128x64_gelu_nadam_lr0.003_wd0.001_do0_bs32_ns0_losshuber,256x128x64,3,448,gelu,nadam,huber,0.003,0.001,0.0,32,0.0,,,,20.10102653572722,1.3062007181381134,17.308286103417814,2.792740432309408,57.4,18.189076860046594,21.743947898426892,13.248780727386475
C0251,128x128x64_gelu_radam_lr0.01_wd0.001_do0_bs32_ns0_losshuber,128x128x64,3,320,gelu,radam,huber,0.01,0.001,0.0,32,0.0,,,,20.11449848015145,1.6462845079945072,17.655431593468084,2.4590668866833667,70.4,17.597339392480954,21.788928410108223,12.833879232406616
C0250,128x128x64_gelu_radam_lr0.01_wd0.001_do0_bs32_ns0_lossmse,128x128x64,3,320,gelu,radam,mse,0.01,0.001,0.0,32,0.0,,,,20.145187316701843,1.2990133174330953,16.320236142846085,3.8249511738557587,54.2,18.056948504012674,21.491621356827768,10.15749979019165
C0032,128x128x64_gelu_adam_lr0.01_wd0.0001_do0_bs32_ns0_losshuber,128x128x64,3,320,gelu,adam,huber,0.01,0.0001,0.0,32,0.0,,,,20.146536834512283,1.2316006250317022,15.089794317434954,5.056742517077328,32.8,18.11529004870641,21.334642072491583,5.93757438659668
C0521,256x128x64_relu_radam_lr0.01_wd0.001_do0_bs32_ns0_losshuber,256x128x64,3,448,relu,radam,huber,0.01,0.001,0.0,32,0.0,,,,20.162764198804602,0.4807890324112852,16.864176218297867,3.298587980506735,69.8,19.328437581005986,20.535845953849776,14.729352235794067
C0170,128x128x64_gelu_nadam_lr0.003_wd0.0001_do0_bs32_ns0_losshuber,128x128x64,3,320,gelu,nadam,huber,0.003,0.0001,0.0,32,0.0,,,,20.19287935418223,0.8300586027741224,14.25079935901996,5.942079995162272,45.8,19.311427020471513,21.060177162976764,8.488605499267578
C0035,128x128x64_gelu_adam_lr0.01_wd0.001_do0_bs32_ns0_losshuber,128x128x64,3,320,gelu,adam,huber,0.01,0.001,0.0,32,0.0,,,,20.207954081466724,1.645048751880987,18.634361089192225,1.5735929922744987,61.2,17.92525313602897,21.448241538887657,9.029752016067505
C0174,128x128x64_gelu_nadam_lr0.003_wd0.001_do0_bs32_ns0_lossmee,128x128x64,3,320,gelu,nadam,mee,0.003,0.001,0.0,32,0.0,,,,20.209673046317516,0.7485730542763908,14.045869714757709,6.163803331559807,53.0,19.46859043145481,21.330095961822863,9.847897052764893
C0176,128x128x64_gelu_nadam_lr0.01_wd0.0001_do0_bs32_ns0_losshuber,128x128x64,3,320,gelu,nadam,huber,0.01,0.0001,0.0,32,0.0,,,,20.229395864989378,0.6954832380985874,11.290301860270025,8.939094004719353,48.4,19.261615974365263,20.97231773977517,8.582786798477173
C0320,256x128x64_gelu_adam_lr0.01_wd0.0001_do0_bs32_ns0_losshuber,256x128x64,3,448,gelu,adam,huber,0.01,0.0001,0.0,32,0.0,,,,20.23410379293452,0.6365470581879084,13.951988747167325,6.282115045767194,40.2,19.656149062004367,21.111197499858452,11.483772039413452
C0025,128x128x64_gelu_adam_lr0.003_wd0.0001_do0_bs32_ns0_lossmse,128x128x64,3,320,gelu,adam,mse,0.003,0.0001,0.0,32,0.0,,,,20.25604586734022,1.0860523332154783,15.576181759619754,4.679864107720466,38.0,18.577007775916776,21.043824001314828,6.2893595695495605
C0252,128x128x64_gelu_radam_lr0.01_wd0.001_do0_bs32_ns0_lossmee,128x128x64,3,320,gelu,radam,mee,0.01,0.001,0.0,32,0.0,,,,20.279989863027954,1.0791253433657468,14.75441319607578,5.525576666952174,57.4,18.99543818487558,21.46571088152835,11.886789083480835
C0392,256x128x64_gelu_adamw_lr0.01_wd0.0001_do0_bs32_ns0_losshuber,256x128x64,3,448,gelu,adamw,huber,0.01,0.0001,0.0,32,0.0,,,,20.291835098312212,1.226908258639025,14.070003006561194,6.221832091751018,37.8,18.39202208896283,21.684601777933235,9.531898498535156
C0016,128x128x64_relu_adam_lr0.01_wd0.001_do0_bs32_ns0_lossmse,128x128x64,3,320,relu,adam,mse,0.01,0.001,0.0,32,0.0,,,,20.31374946092604,0.542838440463366,16.746531238973756,3.5672182219522846,64.4,19.442783919162633,20.886802710208038,8.011323928833008
C0313,256x128x64_gelu_adam_lr0.003_wd0.0001_do0_bs32_ns0_lossmse,256x128x64,3,448,gelu,adam,mse,0.003,0.0001,0.0,32,0.0,,,,20.315520959658535,0.533534217323174,14.63562133587846,5.679899623780075,40.4,19.63906138442092,20.944103905720475,11.237572193145752
C0442,256x128x64_relu_nadam_lr0.003_wd0.001_do0_bs32_ns0_lossmse,256x128x64,3,448,relu,nadam,mse,0.003,0.001,0.0,32,0.0,,,,20.31635442472389,0.46407329888820015,16.02529983649124,4.291054588232651,58.6,19.493343693389296,20.623075393302287,13.106637716293335
C0018,128x128x64_relu_adam_lr0.01_wd0.001_do0_bs32_ns0_lossmee,128x128x64,3,320,relu,adam,mee,0.01,0.001,0.0,32,0.0,,,,20.33567181509061,0.5051080159337786,14.367883527460526,5.967788287630084,59.2,19.572506357903116,20.798907021525274,8.10931134223938
C0026,128x128x64_gelu_adam_lr0.003_wd0.0001_do0_bs32_ns0_losshuber,128x128x64,3,320,gelu,adam,huber,0.003,0.0001,0.0,32,0.0,,,,20.33644717715875,0.8265296749488699,15.204902998925556,5.131544178233193,39.0,19.06519558102152,21.07515625812567,6.40903902053833
C0455,256x128x64_gelu_nadam_lr0.001_wd0.001_do0_bs32_ns0_losshuber,256x128x64,3,448,gelu,nadam,huber,0.001,0.001,0.0,32,0.0,,,,20.357165877031683,0.6190682667577715,16.73524520709777,3.621920669933914,71.6,19.7573895550217,21.250124809479992,15.835466623306274
C0462,256x128x64_gelu_nadam_lr0.003_wd0.001_do0_bs32_ns0_lossmee,256x128x64,3,448,gelu,nadam,mee,0.003,0.001,0.0,32,0.0,,,,20.359217549282,0.8253282195204366,15.081211454728223,5.278006094553778,37.0,19.309707722162464,21.23622027787029,10.215096235275269
C0100,128x128x64_gelu_adamw_lr0.003_wd0.001_do0_bs32_ns0_lossmse,128x128x64,3,320,gelu,adamw,mse,0.003,0.001,0.0,32,0.0,,,,20.36142885937156,0.9748063525005989,15.471003811783325,4.890425047588236,37.2,18.937692966986006,21.064521941655837,7.135598182678223
C0175,128x128x64_gelu_nadam_lr0.01_wd0.0001_do0_bs32_ns0_lossmse,128x128x64,3,320,gelu,nadam,mse,0.01,0.0001,0.0,32,0.0,,,,20.3649143231929,0.7924861102730768,12.92964150523927,7.43527281795363,37.8,19.54458518631704,21.33297588654997,7.28991174697876
C0097,128x128x64_gelu_adamw_lr0.003_wd0.0001_do0_bs32_ns0_lossmse,128x128x64,3,320,gelu,adamw,mse,0.003,0.0001,0.0,32,0.0,,,,20.365440464780146,0.9727051807280399,15.462599224959465,4.902841239820681,37.2,18.947619231201546,21.067058543828406,6.954253435134888
C0312,256x128x64_gelu_adam_lr0.001_wd0.001_do0_bs32_ns0_lossmee,256x128x64,3,448,gelu,adam,mee,0.001,0.001,0.0,32,0.0,,,,20.377657916766307,0.8279727985951018,15.93453243250882,4.443125484257486,54.6,19.2710319136841,21.23508423428782,14.51449704170227
C0318,256x128x64_gelu_adam_lr0.003_wd0.001_do0_bs32_ns0_lossmee,256x128x64,3,448,gelu,adam,mee,0.003,0.001,0.0,32,0.0,,,,20.381009399674575,0.831225554811259,15.131797003707117,5.249212395967458,42.4,19.185883469814563,21.031461303933717,11.61305284500122
C0027,128x128x64_gelu_adam_lr0.003_wd0.0001_do0_bs32_ns0_lossmee,128x128x64,3,320,gelu,adam,mee,0.003,0.0001,0.0,32,0.0,,,,20.381278136914794,1.0322048052302557,14.477023375699707,5.904254761215087,43.2,19.137758686114896,21.334761520450467,7.389928340911865
C0458,256x128x64_gelu_nadam_lr0.003_wd0.0001_do0_bs32_ns0_losshuber,256x128x64,3,448,gelu,nadam,huber,0.003,0.0001,0.0,32,0.0,,,,20.385035563390808,0.5411313379153323,15.547501576789136,4.837533986601672,32.2,19.791320279563504,21.174938728208083,8.974634647369385
C0445,256x128x64_relu_nadam_lr0.01_wd0.0001_do0_bs32_ns0_lossmse,256x128x64,3,448,relu,nadam,mse,0.01,0.0001,0.0,32,0.0,,,,20.38711986537041,0.4720876939531451,15.649912941662638,4.73720692370777,49.8,19.668203271128636,20.91657811749583,14.522777557373047
C0310,256x128x64_gelu_adam_lr0.001_wd0.001_do0_bs32_ns0_lossmse,256x128x64,3,448,gelu,adam,mse,0.001,0.001,0.0,32,0.0,,,,20.388204365023057,0.73333488715034,16.238757421462854,4.1494469435602035,69.4,19.29025912666285,21.12291125744441,17.891064643859863
C0467,256x128x64_gelu_nadam_lr0.01_wd0.001_do0_bs32_ns0_losshuber,256x128x64,3,448,gelu,nadam,huber,0.01,0.001,0.0,32,0.0,,,,20.39137749329535,1.076350565970046,18.58936622521635,1.8020112680790028,85.2,18.694236656490226,21.506704224344606,18.0527560710907
C0520,256x128x64_relu_radam_lr0.01_wd0.001_do0_bs32_ns0_lossmse,256x128x64,3,448,relu,radam,mse,0.01,0.001,0.0,32,0.0,,,,20.393280951209135,0.42680084370433824,15.681547039920014,4.711733911289121,64.8,19.669354125905517,20.72177071549491,13.978160858154297
C0522,256x128x64_relu_radam_lr0.01_wd0.001_do0_bs32_ns0_lossmee,256x128x64,3,448,relu,radam,mee,0.01,0.001,0.0,32,0.0,,,,20.39740933742126,0.6552745071015249,15.30788136875412,5.089527968667138,53.0,19.321854765950963,20.92544889685642,12.379339933395386
C0307,256x128x64_gelu_adam_lr0.001_wd0.0001_do0_bs32_ns0_lossmse,256x128x64,3,448,gelu,adam,mse,0.001,0.0001,0.0,32,0.0,,,,20.39862327165926,0.7066237091912908,15.496285808070493,4.902337463588768,61.8,19.338353884740094,21.149627150692016,27.534451961517334
C0154,128x128x64_relu_nadam_lr0.003_wd0.001_do0_bs32_ns0_lossmse,128x128x64,3,320,relu,nadam,mse,0.003,0.001,0.0,32,0.0,,,,20.39910410140957,0.6478402621550012,14.582100005856068,5.817004095553502,68.0,19.390968495923914,21.01614325053301,10.165220737457275
C0099,128x128x64_gelu_adamw_lr0.003_wd0.0001_do0_bs32_ns0_lossmee,128x128x64,3,320,gelu,adamw,mee,0.003,0.0001,0.0,32,0.0,,,,20.401539823836885,0.9681907105600639,14.295072090956936,6.106467732879949,42.8,19.30677981525802,21.298199610300486,8.209655284881592
C0533,256x128x64_gelu_radam_lr0.003_wd0.001_do0_bs32_ns0_losshuber,256x128x64,3,448,gelu,radam,huber,0.003,0.001,0.0,32,0.0,,,,20.404608947972555,0.8627702464884878,16.68777388212049,3.7168350658520666,90.2,19.090194290812924,21.257852261350223,18.44785475730896
C0248,128x128x64_gelu_radam_lr0.01_wd0.0001_do0_bs32_ns0_losshuber,128x128x64,3,320,gelu,radam,huber,0.01,0.0001,0.0,32,0.0,,,,20.409152443339643,0.6145784451501477,16.11232008831474,4.296832355024904,41.0,19.53044496574586,20.973013932618993,8.380751371383667
C0443,256x128x64_relu_nadam_lr0.003_wd0.001_do0_bs32_ns0_losshuber,256x128x64,3,448,relu,nadam,huber,0.003,0.001,0.0,32,0.0,,,,20.414760887876604,0.5768611505246355,16.861721937839388,3.553038950037216,59.6,19.431612394251783,20.885345665004003,12.977680683135986
C0388,256x128x64_gelu_adamw_lr0.003_wd0.001_do0_bs32_ns0_lossmse,256x128x64,3,448,gelu,adamw,mse,0.003,0.001,0.0,32,0.0,,,,20.41605546304811,0.6623108171279487,14.860905381740896,5.5551500813072145,38.6,19.67103738954141,21.14417461534858,9.590148687362671
C0177,128x128x64_gelu_nadam_lr0.01_wd0.0001_do0_bs32_ns0_lossmee,128x128x64,3,320,gelu,nadam,mee,0.01,0.0001,0.0,32,0.0,,,,20.41628444721986,0.26992075071899285,12.75792489473559,7.658359552484269,35.0,20.096551135098377,20.765021983957393,7.141683340072632
C0454,256x128x64_gelu_nadam_lr0.001_wd0.001_do0_bs32_ns0_lossmse,256x128x64,3,448,gelu,nadam,mse,0.001,0.001,0.0,32,0.0,,,,20.419725110150758,0.5713636955505688,16.103816970247323,4.315908139903435,65.6,19.777211702121186,21.198418467901785,14.704838991165161
C0102,128x128x64_gelu_adamw_lr0.003_wd0.001_do0_bs32_ns0_lossmee,128x128x64,3,320,gelu,adamw,mee,0.003,0.001,0.0,32,0.0,,,,20.422143488561208,0.9410056279067099,14.314786998640997,6.10735648992021,42.8,19.404834120575313,21.300950408546328,8.172253131866455
C0463,256x128x64_gelu_nadam_lr0.01_wd0.0001_do0_bs32_ns0_lossmse,256x128x64,3,448,gelu,nadam,mse,0.01,0.0001,0.0,32,0.0,,,,20.432089630920593,0.3719900120893267,14.805412763064822,5.626676867855771,36.2,19.845920026329928,20.708504740556272,9.854591846466064
C0385,256x128x64_gelu_adamw_lr0.003_wd0.0001_do0_bs32_ns0_lossmse,256x128x64,3,448,gelu,adamw,mse,0.003,0.0001,0.0,32,0.0,,,,20.432672262247422,0.631301233133363,15.716010945499963,4.716661316747459,34.2,19.729240850496698,21.135697030501237,9.011487483978271
C0314,256x128x64_gelu_adam_lr0.003_wd0.0001_do0_bs32_ns0_losshuber,256x128x64,3,448,gelu,adam,huber,0.003,0.0001,0.0,32,0.0,,,,20.43557785356494,0.7164040458154564,14.86551828333631,5.570059570228629,37.2,19.59481692774475,21.16950838278148,10.500072717666626
C0308,256x128x64_gelu_adam_lr0.001_wd0.0001_do0_bs32_ns0_losshuber,256x128x64,3,448,gelu,adam,huber,0.001,0.0001,0.0,32,0.0,,,,20.440646311577723,0.7240962039540152,15.737437038976708,4.703209272601015,55.4,19.465981724466605,21.205714019999796,26.135677576065063
C0030,128x128x64_gelu_adam_lr0.003_wd0.001_do0_bs32_ns0_lossmee,128x128x64,3,320,gelu,adam,mee,0.003,0.001,0.0,32,0.0,,,,20.442284527191447,0.8104461242387325,14.908124307429492,5.534160219761954,45.6,19.56162935342095,21.252689381706706,7.753159999847412
C0169,128x128x64_gelu_nadam_lr0.003_wd0.0001_do0_bs32_ns0_lossmse,128x128x64,3,320,gelu,nadam,mse,0.003,0.0001,0.0,32,0.0,,,,20.447220185724007,0.9160698483669918,15.721569318469886,4.725650867254121,36.6,19.418947419052454,21.57496756076911,6.984118938446045
C0383,256x128x64_gelu_adamw_lr0.001_wd0.001_do0_bs32_ns0_losshuber,256x128x64,3,448,gelu,adamw,huber,0.001,0.001,0.0,32,0.0,,,,20.4603372476253,0.662545293470248,15.357469365924729,5.102867881700572,56.0,19.60028370999391,21.180676020275563,12.55748462677002
C0382,256x128x64_gelu_adamw_lr0.001_wd0.001_do0_bs32_ns0_lossmse,256x128x64,3,448,gelu,adamw,mse,0.001,0.001,0.0,32,0.0,,,,20.463748425255897,0.7885643382981781,15.783064146934194,4.680684278321703,56.4,19.353524824567778,21.451027671873256,12.677343130111694
C0380,256x128x64_gelu_adamw_lr0.001_wd0.0001_do0_bs32_ns0_losshuber,256x128x64,3,448,gelu,adamw,huber,0.001,0.0001,0.0,32,0.0,,,,20.46494658308152,0.6560078809376388,15.41547806209025,5.049468520991271,55.0,19.62106287372603,21.18280058205128,12.296569585800171
C0379,256x128x64_gelu_adamw_lr0.001_wd0.0001_do0_bs32_ns0_lossmse,256x128x64,3,448,gelu,adamw,mse,0.001,0.0001,0.0,32,0.0,,,,20.465209980884246,0.7886864302665769,15.779402499039136,4.68580748184511,56.4,19.354183629493427,21.45175716416968,12.528907060623169
C0311,256x128x64_gelu_adam_lr0.001_wd0.001_do0_bs32_ns0_losshuber,256x128x64,3,448,gelu,adam,huber,0.001,0.001,0.0,32,0.0,,,,20.467923940194176,0.7466118960877717,17.078634247246562,3.3892896929476137,65.6,19.582756072908104,21.156457356788493,16.33146619796753
C0249,128x128x64_gelu_radam_lr0.01_wd0.0001_do0_bs32_ns0_lossmee,128x128x64,3,320,gelu,radam,mee,0.01,0.0001,0.0,32,0.0,,,,20.46929023019556,1.0341930635800125,14.658411219085332,5.810879011110229,47.8,19.183381542100463,21.347498553280907,10.067038536071777
C0391,256x128x64_gelu_adamw_lr0.01_wd0.0001_do0_bs32_ns0_lossmse,256x128x64,3,448,gelu,adamw,mse,0.01,0.0001,0.0,32,0.0,,,,20.48241102283463,0.6472413581819566,13.0856281857079,7.396782837126729,46.8,19.698500289801455,21.122858976168082,11.033807039260864
C0374,256x128x64_relu_adamw_lr0.01_wd0.0001_do0_bs32_ns0_losshuber,256x128x64,3,448,relu,adamw,huber,0.01,0.0001,0.0,32,0.0,,,,20.488355923644594,0.3717124379703724,16.782330176834087,3.706025746810507,41.6,20.080663793593676,21.07651474922689,9.345667123794556
C0101,128x128x64_gelu_adamw_lr0.003_wd0.001_do0_bs32_ns0_losshuber,128x128x64,3,320,gelu,adamw,huber,0.003,0.001,0.0,32,0.0,,,,20.489496606014363,0.9195817682832655,16.120161659075542,4.369334946938821,30.2,19.17714628394103,21.205445455210743,6.214299440383911
C0098,128x128x64_gelu_adamw_lr0.003_wd0.0001_do0_bs32_ns0_losshuber,128x128x64,3,320,gelu,adamw,huber,0.003,0.0001,0.0,32,0.0,,,,20.490050078211908,0.9195690592152249,16.11427825386702,4.375771824344888,30.2,19.178470380098435,21.207961529611232,6.143028736114502
C0394,256x128x64_gelu_adamw_lr0.01_wd0.001_do0_bs32_ns0_lossmse,256x128x64,3,448,gelu,adamw,mse,0.01,0.001,0.0,32,0.0,,,,20.49221740498636,0.6595215191105013,13.393967945869042,7.0982494591173175,44.0,19.473771819427014,21.100158791194286,10.407000303268433
C0107,128x128x64_gelu_adamw_lr0.01_wd0.001_do0_bs32_ns0_losshuber,128x128x64,3,320,gelu,adamw,huber,0.01,0.001,0.0,32,0.0,,,,20.494423100353167,0.9555881393590621,16.027053989131765,4.467369111221402,21.6,19.313599427003446,21.52788165528762,4.893275260925293
C0104,128x128x64_gelu_adamw_lr0.01_wd0.0001_do0_bs32_ns0_losshuber,128x128x64,3,320,gelu,adamw,huber,0.01,0.0001,0.0,32,0.0,,,,20.506177693820526,0.9227503285167435,16.029079887842776,4.477097805977749,21.6,19.384148093110458,21.500971198790374,5.146077632904053
C0389,256x128x64_gelu_adamw_lr0.003_wd0.001_do0_bs32_ns0_losshuber,256x128x64,3,448,gelu,adamw,huber,0.003,0.001,0.0,32,0.0,,,,20.507608140392,0.752095201518562,15.671951371844514,4.835656768547487,31.8,19.60116816072595,21.20194874889578,8.500871419906616
C0536,256x128x64_gelu_radam_lr0.01_wd0.0001_do0_bs32_ns0_losshuber,256x128x64,3,448,gelu,radam,huber,0.01,0.0001,0.0,32,0.0,,,,20.50807782527884,0.9686037787531454,14.67364457774936,5.8344332475294785,45.2,19.127676047179893,21.611280094223833,12.408995151519775
C0309,256x128x64_gelu_adam_lr0.001_wd0.0001_do0_bs32_ns0_lossmee,256x128x64,3,448,gelu,adam,mee,0.001,0.0001,0.0,32,0.0,,,,20.508081947422493,0.5880311260769242,15.73430952325746,4.773772424165033,48.0,19.77965224176786,21.18949822039152,19.488535404205322
C0384,256x128x64_gelu_adamw_lr0.001_wd0.001_do0_bs32_ns0_lossmee,256x128x64,3,448,gelu,adamw,mee,0.001,0.001,0.0,32,0.0,,,,20.508116913705884,0.5858614410992371,16.044673461287797,4.463443452418087,44.6,19.764950568720575,21.187416477531208,11.156526803970337
C0381,256x128x64_gelu_adamw_lr0.001_wd0.0001_do0_bs32_ns0_lossmee,256x128x64,3,448,gelu,adamw,mee,0.001,0.0001,0.0,32,0.0,,,,20.50913985803597,0.5857412028076386,16.041971193478453,4.467168664557516,44.6,19.764477055601297,21.188079305150936,11.119651794433594
C0162,128x128x64_relu_nadam_lr0.01_wd0.001_do0_bs32_ns0_lossmee,128x128x64,3,320,relu,nadam,mee,0.01,0.001,0.0,32,0.0,,,,20.509675122328588,0.7970243990548506,16.24509664222396,4.264578480104628,40.0,19.511474020384576,21.46531918410359,8.395415306091309
C0386,256x128x64_gelu_adamw_lr0.003_wd0.0001_do0_bs32_ns0_losshuber,256x128x64,3,448,gelu,adamw,huber,0.003,0.0001,0.0,32,0.0,,,,20.51561634848166,0.7720358708774779,15.663395150355786,4.852221198125875,31.8,19.589122108579677,21.25416599789625,8.522174596786499
C0519,256x128x64_relu_radam_lr0.01_wd0.0001_do0_bs32_ns0_lossmee,256x128x64,3,448,relu,radam,mee,0.01,0.0001,0.0,32,0.0,,,,20.521526078256194,0.7698474265283443,15.143235923217128,5.378290155039066,49.8,19.760249960974285,21.635495081989266,11.734367609024048
C0540,256x128x64_gelu_radam_lr0.01_wd0.001_do0_bs32_ns0_lossmee,256x128x64,3,448,gelu,radam,mee,0.01,0.001,0.0,32,0.0,,,,20.53203751791285,0.718881365033864,16.367247930951546,4.164789586961305,37.2,19.509767232014163,21.213173356361974,11.236677646636963
C0171,128x128x64_gelu_nadam_lr0.003_wd0.0001_do0_bs32_ns0_lossmee,128x128x64,3,320,gelu,nadam,mee,0.003,0.0001,0.0,32,0.0,,,,20.53319285132677,0.7310182420354181,14.44589443454928,6.087298416777491,38.6,19.698108212336063,21.33493916988929,8.081609964370728
C0444,256x128x64_relu_nadam_lr0.003_wd0.001_do0_bs32_ns0_lossmee,256x128x64,3,448,relu,nadam,mee,0.003,0.001,0.0,32,0.0,,,,20.537566572374097,0.48618281228115723,15.662491302017866,4.875075270356231,43.6,19.69192469299842,20.929609353640707,10.177980661392212
C0452,256x128x64_gelu_nadam_lr0.001_wd0.0001_do0_bs32_ns0_losshuber,256x128x64,3,448,gelu,nadam,huber,0.001,0.0001,0.0,32,0.0,,,,20.55210690546388,0.5557697529625559,15.755699818866807,4.796407086597073,55.2,19.849177496054505,21.27328825249602,12.942214250564575
C0033,128x128x64_gelu_adam_lr0.01_wd0.0001_do0_bs32_ns0_lossmee,128x128x64,3,320,gelu,adam,mee,0.01,0.0001,0.0,32,0.0,,,,20.552539869229342,1.1170162786924438,14.215154230399694,6.337385638829648,31.6,19.224618973498202,21.96097957883485,6.1656694412231445
C0031,128x128x64_gelu_adam_lr0.01_wd0.0001_do0_bs32_ns0_lossmse,128x128x64,3,320,gelu,adam,mse,0.01,0.0001,0.0,32,0.0,,,,20.55520636090697,1.3640620805782142,15.116044436409146,5.439161924497823,37.2,18.51249957017857,21.60296056762835,6.420653581619263
C0152,128x128x64_relu_nadam_lr0.003_wd0.0001_do0_bs32_ns0_losshuber,128x128x64,3,320,relu,nadam,huber,0.003,0.0001,0.0,32,0.0,,,,20.555413412482533,0.5376984805113688,14.865496074504332,5.689917337978201,45.8,19.75571790607762,21.204388076285507,7.519261360168457
C0535,256x128x64_gelu_radam_lr0.01_wd0.0001_do0_bs32_ns0_lossmse,256x128x64,3,448,gelu,radam,mse,0.01,0.0001,0.0,32,0.0,,,,20.55894525996344,0.8982979726197984,16.30676054268066,4.2521847172827805,36.4,19.439666342499287,21.392371629792507,10.940306901931763
C0160,128x128x64_relu_nadam_lr0.01_wd0.001_do0_bs32_ns0_lossmse,128x128x64,3,320,relu,nadam,mse,0.01,0.001,0.0,32,0.0,,,,20.56249384350692,0.7207070289950924,17.149186327197206,3.4133075163097146,53.4,19.61117522456319,21.349262256111633,10.58086085319519
C0014,128x128x64_relu_adam_lr0.01_wd0.0001_do0_bs32_ns0_losshuber,128x128x64,3,320,relu,adam,huber,0.01,0.0001,0.0,32,0.0,,,,20.564632176462986,0.514652717248687,16.629103198470496,3.9355289779924902,45.4,19.718798064494763,21.11695143037595,6.289858818054199
C0298,256x128x64_relu_adam_lr0.003_wd0.001_do0_bs32_ns0_lossmse,256x128x64,3,448,relu,adam,mse,0.003,0.001,0.0,32,0.0,,,,20.568077982897186,0.7602693542314376,16.474735311238806,4.09334267165838,64.4,19.402738637450632,21.391858256443033,28.450252294540405
C0450,256x128x64_relu_nadam_lr0.01_wd0.001_do0_bs32_ns0_lossmee,256x128x64,3,448,relu,nadam,mee,0.01,0.001,0.0,32,0.0,,,,20.569955996864014,0.7672129271340072,17.433754974804902,3.1362010220591117,45.6,19.750130351272936,21.48619417799172,13.203516006469727
C0233,128x128x64_relu_radam_lr0.01_wd0.001_do0_bs32_ns0_losshuber,128x128x64,3,320,relu,radam,huber,0.01,0.001,0.0,32,0.0,,,,20.57463975427089,0.7680470397052644,17.58931490380009,2.9853248504708,49.0,19.208225932013836,21.0231039552067,8.420830726623535
C0451,256x128x64_gelu_nadam_lr0.001_wd0.0001_do0_bs32_ns0_lossmse,256x128x64,3,448,gelu,nadam,mse,0.001,0.0001,0.0,32,0.0,,,,20.578457150913554,0.5971140927847244,16.112019237031177,4.466437913882377,53.0,19.82587864534092,21.25674423236087,12.701794862747192
C0319,256x128x64_gelu_adam_lr0.01_wd0.0001_do0_bs32_ns0_lossmse,256x128x64,3,448,gelu,adam,mse,0.01,0.0001,0.0,32,0.0,,,,20.57885008955673,0.45688719748012896,15.986583380082275,4.5922667094744565,34.4,20.082933050287107,21.147224693147557,9.691618919372559
C0530,256x128x64_gelu_radam_lr0.003_wd0.0001_do0_bs32_ns0_losshuber,256x128x64,3,448,gelu,radam,huber,0.003,0.0001,0.0,32,0.0,,,,20.584341966883983,0.5768780838921455,15.064508984154575,5.519832982729408,67.0,19.771109717090944,21.31205373992375,16.691385984420776
C0446,256x128x64_relu_nadam_lr0.01_wd0.0001_do0_bs32_ns0_losshuber,256x128x64,3,448,relu,nadam,huber,0.01,0.0001,0.0,32,0.0,,,,20.587458114991932,0.6450020157921297,17.057691819591714,3.5297662954002185,40.2,19.714584725923828,21.185546913873132,11.154908418655396
C0457,256x128x64_gelu_nadam_lr0.003_wd0.0001_do0_bs32_ns0_lossmse,256x128x64,3,448,gelu,nadam,mse,0.003,0.0001,0.0,32,0.0,,,,20.588922189595063,0.6784701249315067,15.698414433492726,4.890507756102338,32.8,19.884130879413384,21.40812315820755,9.051214218139648
C0376,256x128x64_relu_adamw_lr0.01_wd0.001_do0_bs32_ns0_lossmse,256x128x64,3,448,relu,adamw,mse,0.01,0.001,0.0,32,0.0,,,,20.593255852492046,0.3928565261226047,15.62509190807898,4.968163944413066,58.2,19.915991223702623,20.87186540749699,12.556914567947388
C0247,128x128x64_gelu_radam_lr0.01_wd0.0001_do0_bs32_ns0_lossmse,128x128x64,3,320,gelu,radam,mse,0.01,0.0001,0.0,32,0.0,,,,20.595228333266938,0.8498899340453161,16.144920894406493,4.450307438860445,42.2,19.37314055684235,21.422800153398327,8.69624137878418
C0296,256x128x64_relu_adam_lr0.003_wd0.0001_do0_bs32_ns0_losshuber,256x128x64,3,448,relu,adam,huber,0.003,0.0001,0.0,32,0.0,,,,20.59894013638658,0.7923847390266824,16.536627048244206,4.062313088142375,43.8,19.50287948340641,21.462741705013734,12.443325757980347
C0302,256x128x64_relu_adam_lr0.01_wd0.0001_do0_bs32_ns0_losshuber,256x128x64,3,448,relu,adam,huber,0.01,0.0001,0.0,32,0.0,,,,20.6101234745458,0.3901756548778431,16.833612581441564,3.7765108931042377,44.0,19.999384831669015,21.03347153145028,26.35682988166809
C0306,256x128x64_relu_adam_lr0.01_wd0.001_do0_bs32_ns0_lossmee,256x128x64,3,448,relu,adam,mee,0.01,0.001,0.0,32,0.0,,,,20.61612136810249,0.544808977426132,16.255113899911642,4.361007468190849,54.6,19.838990108722843,21.20280749232976,22.671097993850708
C0299,256x128x64_relu_adam_lr0.003_wd0.001_do0_bs32_ns0_losshuber,256x128x64,3,448,relu,adam,huber,0.003,0.001,0.0,32,0.0,,,,20.61696496697633,0.5300472638352105,16.570451610767787,4.046513356208543,82.0,19.825093342647286,21.161869420069802,35.14182162284851
C0157,128x128x64_relu_nadam_lr0.01_wd0.0001_do0_bs32_ns0_lossmse,128x128x64,3,320,relu,nadam,mse,0.01,0.0001,0.0,32,0.0,,,,20.619825890152363,0.5096320869908078,15.31866804483225,5.3011578453201125,45.0,20.03121736240563,21.430658116610424,9.132495403289795
C0534,256x128x64_gelu_radam_lr0.003_wd0.001_do0_bs32_ns0_lossmee,256x128x64,3,448,gelu,radam,mee,0.003,0.001,0.0,32,0.0,,,,20.62469450993064,1.0555264292137527,16.07682095036396,4.547873559566682,56.8,19.461546095129343,21.982747454975442,15.6061692237854
C0155,128x128x64_relu_nadam_lr0.003_wd0.001_do0_bs32_ns0_losshuber,128x128x64,3,320,relu,nadam,huber,0.003,0.001,0.0,32,0.0,,,,20.625477885724603,0.7457993855878239,17.683765898734134,2.9417119869904695,49.0,19.37361771841345,21.25611205300852,7.95896577835083
C0529,256x128x64_gelu_radam_lr0.003_wd0.0001_do0_bs32_ns0_lossmse,256x128x64,3,448,gelu,radam,mse,0.003,0.0001,0.0,32,0.0,,,,20.63052199682398,0.591602542527953,15.492634907027048,5.137887089796932,65.0,19.739316463954026,21.150886360431247,16.600847482681274
C0393,256x128x64_gelu_adamw_lr0.01_wd0.0001_do0_bs32_ns0_lossmee,256x128x64,3,448,gelu,adamw,mee,0.01,0.0001,0.0,32,0.0,,,,20.632254013495704,0.7291615836097693,13.600033903735937,7.032220109759766,38.0,19.766910750269243,21.74113136206595,10.090868949890137
C0518,256x128x64_relu_radam_lr0.01_wd0.0001_do0_bs32_ns0_losshuber,256x128x64,3,448,relu,radam,huber,0.01,0.0001,0.0,32,0.0,,,,20.633152041516663,0.6021445067048605,15.807137718633083,4.82601432288358,49.2,19.78741279142252,21.296486170106245,11.406145811080933
C0103,128x128x64_gelu_adamw_lr0.01_wd0.0001_do0_bs32_ns0_lossmse,128x128x64,3,320,gelu,adamw,mse,0.01,0.0001,0.0,32,0.0,,,,20.646696378734028,1.079582166368472,16.302821458210627,4.343874920523401,28.6,19.177196252294518,21.668041203310942,5.8687903881073
C0229,128x128x64_relu_radam_lr0.01_wd0.0001_do0_bs32_ns0_lossmse,128x128x64,3,320,relu,radam,mse,0.01,0.0001,0.0,32,0.0,,,,20.648463771723264,0.635512137391322,14.75998006299589,5.8884837087273745,56.2,19.64296230034416,21.378114659484595,9.346861362457275
C0106,128x128x64_gelu_adamw_lr0.01_wd0.001_do0_bs32_ns0_lossmse,128x128x64,3,320,gelu,adamw,mse,0.01,0.001,0.0,32,0.0,,,,20.65286403198014,1.0628201903453114,15.890241395333442,4.762622636646698,30.2,19.22302445598931,21.670296301763273,6.147426128387451
C0159,128x128x64_relu_nadam_lr0.01_wd0.0001_do0_bs32_ns0_lossmee,128x128x64,3,320,relu,nadam,mee,0.01,0.0001,0.0,32,0.0,,,,20.66205781737264,0.6478496318074547,15.255355930506687,5.406701886865955,36.6,19.878558985443448,21.57842228791811,7.8608880043029785
C0088,128x128x64_relu_adamw_lr0.01_wd0.001_do0_bs32_ns0_lossmse,128x128x64,3,320,relu,adamw,mse,0.01,0.001,0.0,32,0.0,,,,20.662257970794307,0.8962806879403106,14.758014952599822,5.904243018194485,57.0,19.433777367946,21.56262785544631,8.317315101623535
C0440,256x128x64_relu_nadam_lr0.003_wd0.0001_do0_bs32_ns0_losshuber,256x128x64,3,448,relu,nadam,huber,0.003,0.0001,0.0,32,0.0,,,,20.665233061793884,0.5263542306365552,16.238846078603434,4.426386983190451,41.6,19.90320925485849,21.1577559513494,9.346724510192871
C0515,256x128x64_relu_radam_lr0.003_wd0.001_do0_bs32_ns0_losshuber,256x128x64,3,448,relu,radam,huber,0.003,0.001,0.0,32,0.0,,,,20.66716091011694,0.5098366251221359,17.389773102853866,3.277387807263075,69.0,19.83915449467749,21.188155670155446,14.916644811630249
C0395,256x128x64_gelu_adamw_lr0.01_wd0.001_do0_bs32_ns0_losshuber,256x128x64,3,448,gelu,adamw,huber,0.01,0.001,0.0,32,0.0,,,,20.67091217447721,1.095679506044861,13.966004447167734,6.704907727309475,36.8,19.142824963644436,21.86658065921805,9.413098573684692
C0007,128x128x64_relu_adam_lr0.003_wd0.0001_do0_bs32_ns0_lossmse,128x128x64,3,320,relu,adam,mse,0.003,0.0001,0.0,32,0.0,,,,20.676370918160522,0.8678781510492397,15.231105752747732,5.44526516541279,60.4,19.33155611465687,21.676557406364775,7.147305011749268
C0010,128x128x64_relu_adam_lr0.003_wd0.001_do0_bs32_ns0_lossmse,128x128x64,3,320,relu,adam,mse,0.003,0.001,0.0,32,0.0,,,,20.685782343508254,1.016303054936199,16.36176959492479,4.324012748583463,63.2,19.388651235362627,22.16843087421418,7.588136434555054
C0439,256x128x64_relu_nadam_lr0.003_wd0.0001_do0_bs32_ns0_lossmse,256x128x64,3,448,relu,nadam,mse,0.003,0.0001,0.0,32,0.0,,,,20.688534653558907,0.7314726013291152,14.726359050699594,5.962175602859313,54.6,19.636915523359427,21.39623169533542,11.704778909683228
C0512,256x128x64_relu_radam_lr0.003_wd0.0001_do0_bs32_ns0_losshuber,256x128x64,3,448,relu,radam,huber,0.003,0.0001,0.0,32,0.0,,,,20.69105564589331,0.42971475687066096,15.54190219472456,5.1491534511687505,70.4,20.01310125472748,21.124964803415775,14.806145668029785
C0447,256x128x64_relu_nadam_lr0.01_wd0.0001_do0_bs32_ns0_lossmee,256x128x64,3,448,relu,nadam,mee,0.01,0.0001,0.0,32,0.0,,,,20.693851748463384,0.420479846423796,16.125518789261033,4.568332959202351,41.2,20.093525737604597,21.20886531208717,13.173768758773804
C0086,128x128x64_relu_adamw_lr0.01_wd0.0001_do0_bs32_ns0_losshuber,128x128x64,3,320,relu,adamw,huber,0.01,0.0001,0.0,32,0.0,,,,20.69418358887636,0.9243158722795353,16.250851128444765,4.443332460431595,37.0,19.513189951210514,21.889761562551733,5.976315975189209
C0353,256x128x64_elu_adam_lr0.003_wd0.001_do0_bs32_ns0_losshuber,256x128x64,3,448,elu,adam,huber,0.003,0.001,0.0,32,0.0,,,,20.695373279281387,0.47775929797604594,17.615411366251017,3.0799619130303704,91.4,20.123096449174376,21.213204370383117,15.92638611793518
C0532,256x128x64_gelu_radam_lr0.003_wd0.001_do0_bs32_ns0_lossmse,256x128x64,3,448,gelu,radam,mse,0.003,0.001,0.0,32,0.0,,,,20.702133774583412,1.1883498935129304,16.718310903740722,3.9838228708426904,70.6,19.27814502975264,22.50137158021787,15.419137239456177
C0293,256x128x64_relu_adam_lr0.001_wd0.001_do0_bs32_ns0_losshuber,256x128x64,3,448,relu,adam,huber,0.001,0.001,0.0,32,0.0,,,,20.703922022990515,0.879492588893342,17.18031959466368,3.5236024283268357,74.2,19.357879775832647,21.79979773403361,15.993731260299683
C0465,256x128x64_gelu_nadam_lr0.01_wd0.0001_do0_bs32_ns0_lossmee,256x128x64,3,448,gelu,nadam,mee,0.01,0.0001,0.0,32,0.0,,,,20.70674293530729,1.008945480531701,13.671649932338592,7.035093002968697,35.0,19.27899056626658,21.735916263630905,9.81746220588684
C0459,256x128x64_gelu_nadam_lr0.003_wd0.0001_do0_bs32_ns0_lossmee,256x128x64,3,448,gelu,nadam,mee,0.003,0.0001,0.0,32,0.0,,,,20.70824863313142,0.6892670600111902,15.84958923415735,4.858659398974069,28.4,19.654781835127103,21.333132603405407,8.727893352508545
C0108,128x128x64_gelu_adamw_lr0.01_wd0.001_do0_bs32_ns0_lossmee,128x128x64,3,320,gelu,adamw,mee,0.01,0.001,0.0,32,0.0,,,,20.71275380445662,1.2695710939970386,14.051254027519786,6.661499776936836,27.4,19.221086359631787,22.402202388159775,5.9694788455963135
C0456,256x128x64_gelu_nadam_lr0.001_wd0.001_do0_bs32_ns0_lossmee,256x128x64,3,448,gelu,nadam,mee,0.001,0.001,0.0,32,0.0,,,,20.721668987800832,0.8764904313824781,16.17700839668592,4.544660591114912,49.6,19.827758241741712,21.98850658706134,12.48606824874878
C0156,128x128x64_relu_nadam_lr0.003_wd0.001_do0_bs32_ns0_lossmee,128x128x64,3,320,relu,nadam,mee,0.003,0.001,0.0,32,0.0,,,,20.728867600982912,0.5643017206220012,14.800311484142677,5.928556116840236,45.4,19.9064185159856,21.374429350004032,8.120494365692139
C0453,256x128x64_gelu_nadam_lr0.001_wd0.0001_do0_bs32_ns0_lossmee,256x128x64,3,448,gelu,nadam,mee,0.001,0.0001,0.0,32,0.0,,,,20.730187755618765,0.8173888097909876,16.316879269714935,4.41330848590383,40.0,19.950706858058346,21.972050677353753,10.860604286193848
C0065,128x128x64_elu_adam_lr0.003_wd0.001_do0_bs32_ns0_losshuber,128x128x64,3,320,elu,adam,huber,0.003,0.001,0.0,32,0.0,,,,20.737974265005413,0.6857825322566652,17.617308052413716,3.120666212591697,90.8,19.88520347974925,21.740875754917493,12.011302709579468
C0085,128x128x64_relu_adamw_lr0.01_wd0.0001_do0_bs32_ns0_lossmse,128x128x64,3,320,relu,adamw,mse,0.01,0.0001,0.0,32,0.0,,,,20.743061098751582,0.703473190847316,16.13006931647393,4.612991782277653,47.2,19.702781825176128,21.54344752150182,7.05346155166626
C0387,256x128x64_gelu_adamw_lr0.003_wd0.0001_do0_bs32_ns0_lossmee,256x128x64,3,448,gelu,adamw,mee,0.003,0.0001,0.0,32,0.0,,,,20.74351921566271,0.8621761738852433,15.101073115923947,5.642446099738764,32.6,19.654895922072875,21.475183688959568,9.075586795806885
C0377,256x128x64_relu_adamw_lr0.01_wd0.001_do0_bs32_ns0_losshuber,256x128x64,3,448,relu,adamw,huber,0.01,0.001,0.0,32,0.0,,,,20.74385021607254,0.5348246344954282,16.16398218153463,4.57986803453791,44.8,19.846782105475306,21.222297072299323,9.150393724441528
C0448,256x128x64_relu_nadam_lr0.01_wd0.001_do0_bs32_ns0_lossmse,256x128x64,3,448,relu,nadam,mse,0.01,0.001,0.0,32,0.0,,,,20.74603632450062,1.175882436215732,18.73686789836069,2.0091684261399294,51.6,19.222336566804717,22.50712508707546,15.640011310577393
C0301,256x128x64_relu_adam_lr0.01_wd0.0001_do0_bs32_ns0_lossmse,256x128x64,3,448,relu,adam,mse,0.01,0.0001,0.0,32,0.0,,,,20.748023675822026,0.5149361304903678,17.134920025451983,3.613103650370043,50.2,20.081036998060156,21.323502448572526,16.29960322380066
C0517,256x128x64_relu_radam_lr0.01_wd0.0001_do0_bs32_ns0_lossmse,256x128x64,3,448,relu,radam,mse,0.01,0.0001,0.0,32,0.0,,,,20.749823681031934,0.4901856450381669,16.154192703117022,4.595630977914912,48.0,19.99635554635436,21.351174098297957,11.166597366333008
C0047,128x128x64_selu_adam_lr0.003_wd0.001_do0_bs32_ns0_losshuber,128x128x64,3,320,selu,adam,huber,0.003,0.001,0.0,32,0.0,,,,20.759367856777068,0.47826096796500056,17.796932662458772,2.962435194318296,74.2,20.2530947287596,21.48135469022275,9.813140630722046
C0390,256x128x64_gelu_adamw_lr0.003_wd0.001_do0_bs32_ns0_lossmee,256x128x64,3,448,gelu,adamw,mee,0.003,0.001,0.0,32,0.0,,,,20.76131235810083,0.901896232616244,15.68179233446364,5.0795200236371905,29.8,19.625698896025558,21.634025894893874,8.571491003036499
C0011,128x128x64_relu_adam_lr0.003_wd0.001_do0_bs32_ns0_losshuber,128x128x64,3,320,relu,adam,huber,0.003,0.001,0.0,32,0.0,,,,20.761626839210855,1.2454167975327521,17.682136638398966,3.0794902008118896,54.6,19.40466024738715,22.661442596535764,6.902644395828247
C0164,128x128x64_gelu_nadam_lr0.001_wd0.0001_do0_bs32_ns0_losshuber,128x128x64,3,320,gelu,nadam,huber,0.001,0.0001,0.0,32,0.0,,,,20.762715088533696,0.7081989489021678,16.12781535945985,4.634899729073847,69.8,19.872046366963428,21.50689773457666,11.061748743057251
C0161,128x128x64_relu_nadam_lr0.01_wd0.001_do0_bs32_ns0_losshuber,128x128x64,3,320,relu,nadam,huber,0.01,0.001,0.0,32,0.0,,,,20.770689002548,1.223088169075737,18.577603331210696,2.193085671337304,63.2,19.68289061313655,22.711563364079545,15.352230787277222
C0315,256x128x64_gelu_adam_lr0.003_wd0.0001_do0_bs32_ns0_lossmee,256x128x64,3,448,gelu,adam,mee,0.003,0.0001,0.0,32,0.0,,,,20.772179421743694,0.8908218415443659,16.28793298193839,4.484246439805304,26.6,19.552446961418006,21.55089918053657,9.053718090057373
C0179,128x128x64_gelu_nadam_lr0.01_wd0.001_do0_bs32_ns0_losshuber,128x128x64,3,320,gelu,nadam,huber,0.01,0.001,0.0,32,0.0,,,,20.77451243758918,0.9862022742755836,19.5353896666606,1.2391227709285815,57.0,19.66770680488974,22.004395699434053,9.300458669662476
C0232,128x128x64_relu_radam_lr0.01_wd0.001_do0_bs32_ns0_lossmse,128x128x64,3,320,relu,radam,mse,0.01,0.001,0.0,32,0.0,,,,20.77774500220942,0.9765722670503114,16.375080937494246,4.402664064715175,56.0,19.511414242412034,22.07181140796309,9.55601167678833
C0153,128x128x64_relu_nadam_lr0.003_wd0.0001_do0_bs32_ns0_lossmee,128x128x64,3,320,relu,nadam,mee,0.003,0.0001,0.0,32,0.0,,,,20.786794061193905,0.7802317433146889,13.898973893314556,6.887820167879349,44.8,19.628986707637964,21.60602380637773,7.933586835861206
C0167,128x128x64_gelu_nadam_lr0.001_wd0.001_do0_bs32_ns0_losshuber,128x128x64,3,320,gelu,nadam,huber,0.001,0.001,0.0,32,0.0,,,,20.788177022592198,0.6144447228198333,17.964818682859242,2.8233583397329554,74.0,19.971867464712812,21.2756731933329,11.427388668060303
C0020,128x128x64_gelu_adam_lr0.001_wd0.0001_do0_bs32_ns0_losshuber,128x128x64,3,320,gelu,adam,huber,0.001,0.0001,0.0,32,0.0,,,,20.792831331959935,0.923414725315662,17.02785622086443,3.764975111095506,65.8,19.62119481706734,21.814667267442807,9.258259057998657
C0151,128x128x64_relu_nadam_lr0.003_wd0.0001_do0_bs32_ns0_lossmse,128x128x64,3,320,relu,nadam,mse,0.003,0.0001,0.0,32,0.0,,,,20.801675169244838,0.6241899641968985,16.091914140055724,4.709761029189114,42.6,19.750996619113106,21.329615074424332,7.214849948883057
C0575,256x128x64_elu_radam_lr0.01_wd0.001_do0_bs32_ns0_losshuber,256x128x64,3,448,elu,radam,huber,0.01,0.001,0.0,32,0.0,,,,20.803553044867453,0.3059256913152039,18.322930530918647,2.4806225139488056,76.4,20.369335028562,21.17910099811302,14.62418818473816
C0531,256x128x64_gelu_radam_lr0.003_wd0.0001_do0_bs32_ns0_lossmee,256x128x64,3,448,gelu,radam,mee,0.003,0.0001,0.0,32,0.0,,,,20.80358079213942,0.9216001339891124,16.369458275505895,4.434122516633526,48.0,19.61286972945356,22.006264203868632,13.607776403427124
C0163,128x128x64_gelu_nadam_lr0.001_wd0.0001_do0_bs32_ns0_lossmse,128x128x64,3,320,gelu,nadam,mse,0.001,0.0001,0.0,32,0.0,,,,20.804035990408423,0.6558070957446077,15.921924233047923,4.8821117573605,76.8,19.98065785436314,21.544021687962534,11.699698686599731
C0166,128x128x64_gelu_nadam_lr0.001_wd0.001_do0_bs32_ns0_lossmse,128x128x64,3,320,gelu,nadam,mse,0.001,0.001,0.0,32,0.0,,,,20.806201256731054,0.6456255971916829,17.421051255971996,3.385150000759058,69.4,20.012953202175677,21.34081825819242,11.089938640594482
C0095,128x128x64_gelu_adamw_lr0.001_wd0.001_do0_bs32_ns0_losshuber,128x128x64,3,320,gelu,adamw,huber,0.001,0.001,0.0,32,0.0,,,,20.80721983005882,0.9250694303000204,16.770008611507812,4.037211218551008,65.8,19.59831714365655,21.810064269761202,10.04047679901123
C0092,128x128x64_gelu_adamw_lr0.001_wd0.0001_do0_bs32_ns0_losshuber,128x128x64,3,320,gelu,adamw,huber,0.001,0.0001,0.0,32,0.0,,,,20.808153486095428,0.9245025760520377,16.765777246874414,4.042376239221014,65.8,19.597766165782264,21.80956810283108,10.003493785858154
C0013,128x128x64_relu_adam_lr0.01_wd0.0001_do0_bs32_ns0_lossmse,128x128x64,3,320,relu,adam,mse,0.01,0.0001,0.0,32,0.0,,,,20.81325790534317,0.8989903988460507,17.61305965593629,3.2001982494068812,41.4,19.941188944559645,22.11586165403601,5.666861295700073
C0321,256x128x64_gelu_adam_lr0.01_wd0.0001_do0_bs32_ns0_lossmee,256x128x64,3,448,gelu,adam,mee,0.01,0.0001,0.0,32,0.0,,,,20.814922160064445,1.1325371469596859,14.357534601607274,6.457387558457171,34.0,19.42103838756254,22.062277060642792,10.003339529037476
C0441,256x128x64_relu_nadam_lr0.003_wd0.0001_do0_bs32_ns0_lossmee,256x128x64,3,448,relu,nadam,mee,0.003,0.0001,0.0,32,0.0,,,,20.819270305676348,0.5071206325492953,13.902265740529888,6.91700456514646,48.0,20.05173045236176,21.426009973618367,11.624132871627808
C0015,128x128x64_relu_adam_lr0.01_wd0.0001_do0_bs32_ns0_lossmee,128x128x64,3,320,relu,adam,mee,0.01,0.0001,0.0,32,0.0,,,,20.837698766685413,0.6348205263794504,17.05089999318981,3.7867987734956046,31.8,19.766558946758316,21.40223692997096,5.03075385093689
C0368,256x128x64_relu_adamw_lr0.003_wd0.0001_do0_bs32_ns0_losshuber,256x128x64,3,448,relu,adamw,huber,0.003,0.0001,0.0,32,0.0,,,,20.84023463157465,0.6538629421460707,16.3129892526576,4.527245378917048,45.0,19.965565232599396,21.789568894386065,9.39853572845459
C0362,256x128x64_relu_adamw_lr0.001_wd0.0001_do0_bs32_ns0_losshuber,256x128x64,3,448,relu,adamw,huber,0.001,0.0001,0.0,32,0.0,,,,20.85267707078034,0.4248116080214037,16.170490945893043,4.6821861248872985,60.4,20.18439533277825,21.2029722430069,11.65377140045166
C0165,128x128x64_gelu_nadam_lr0.001_wd0.0001_do0_bs32_ns0_lossmee,128x128x64,3,320,gelu,nadam,mee,0.001,0.0001,0.0,32,0.0,,,,20.859327840096256,0.8909079733549782,16.16562146477756,4.693706375318698,60.8,19.6721309674581,21.78649233364505,10.386651515960693
C0378,256x128x64_relu_adamw_lr0.01_wd0.001_do0_bs32_ns0_lossmee,256x128x64,3,448,relu,adamw,mee,0.01,0.001,0.0,32,0.0,,,,20.859720989791267,0.5158721893935002,18.017705054386678,2.8420159354045893,30.2,20.444449297012575,21.481111259763182,7.191209316253662
C0295,256x128x64_relu_adam_lr0.003_wd0.0001_do0_bs32_ns0_lossmse,256x128x64,3,448,relu,adam,mse,0.003,0.0001,0.0,32,0.0,,,,20.8630424822686,0.5111257382388867,16.658386388854808,4.204656093413792,50.4,20.053831451748827,21.456374594128715,13.651226282119751
C0089,128x128x64_relu_adamw_lr0.01_wd0.001_do0_bs32_ns0_losshuber,128x128x64,3,320,relu,adamw,huber,0.01,0.001,0.0,32,0.0,,,,20.882858449452087,0.5579228576488966,17.048253999279886,3.8346044501722005,35.0,20.04945929494276,21.379248761931137,5.695781469345093
C0552,256x128x64_selu_radam_lr0.003_wd0.001_do0_bs32_ns0_lossmee,256x128x64,3,448,selu,radam,mee,0.003,0.001,0.0,32,0.0,,,,20.889739340955487,0.6507765049527547,17.119559105875915,3.7701802350795717,99.0,20.047010886790996,21.836348106486607,21.297004461288452
C0079,128x128x64_relu_adamw_lr0.003_wd0.0001_do0_bs32_ns0_lossmse,128x128x64,3,320,relu,adamw,mse,0.003,0.0001,0.0,32,0.0,,,,20.89002862059337,0.8703065748280461,15.667502534357968,5.222526086235401,48.2,19.583815112414367,21.866016153971778,7.002159833908081
C0024,128x128x64_gelu_adam_lr0.001_wd0.001_do0_bs32_ns0_lossmee,128x128x64,3,320,gelu,adam,mee,0.001,0.001,0.0,32,0.0,,,,20.890587932895986,1.0874381154695518,16.264771204252344,4.625816728643642,69.2,19.38818511922984,22.33763402171511,10.169511318206787
C0437,256x128x64_relu_nadam_lr0.001_wd0.001_do0_bs32_ns0_losshuber,256x128x64,3,448,relu,nadam,huber,0.001,0.001,0.0,32,0.0,,,,20.89070691800101,0.34942874574728944,17.239979611920397,3.6507273060806114,64.6,20.46570922567211,21.310622123892415,12.928329706192017
C0244,128x128x64_gelu_radam_lr0.003_wd0.001_do0_bs32_ns0_lossmse,128x128x64,3,320,gelu,radam,mse,0.003,0.001,0.0,32,0.0,,,,20.891118560750133,1.1260807713776455,18.052638965535273,2.83847959521486,71.0,19.675920608358183,22.28225022522652,13.252421379089355
C0168,128x128x64_gelu_nadam_lr0.001_wd0.001_do0_bs32_ns0_lossmee,128x128x64,3,320,gelu,nadam,mee,0.001,0.001,0.0,32,0.0,,,,20.892057962909508,0.7307293995337919,16.625401488372148,4.26665647453736,60.6,19.757425499941295,21.63852416489462,10.962087392807007
C0449,256x128x64_relu_nadam_lr0.01_wd0.001_do0_bs32_ns0_losshuber,256x128x64,3,448,relu,nadam,huber,0.01,0.001,0.0,32,0.0,,,,20.89240281937624,0.5602237565182909,19.09606393952229,1.796338879853952,82.6,20.292495383930255,21.417499121636446,28.922151803970337
C0105,128x128x64_gelu_adamw_lr0.01_wd0.0001_do0_bs32_ns0_lossmee,128x128x64,3,320,gelu,adamw,mee,0.01,0.0001,0.0,32,0.0,,,,20.893189458488948,1.2044318632314182,15.272745811660965,5.620443646827983,24.0,19.19748490429391,22.411259619042717,5.690378189086914
C0304,256x128x64_relu_adam_lr0.01_wd0.001_do0_bs32_ns0_lossmse,256x128x64,3,448,relu,adam,mse,0.01,0.001,0.0,32,0.0,,,,20.897003292194846,0.7495587521029383,17.643845361139633,3.2531579310552132,64.8,19.580841301411077,21.43752259655979,23.219271898269653
C0551,256x128x64_selu_radam_lr0.003_wd0.001_do0_bs32_ns0_losshuber,256x128x64,3,448,selu,radam,huber,0.003,0.001,0.0,32,0.0,,,,20.89716891366812,0.5064555156588414,18.338135368149697,2.5590335455184245,98.6,20.17508121238028,21.559407071156002,20.061655282974243
C0365,256x128x64_relu_adamw_lr0.001_wd0.001_do0_bs32_ns0_losshuber,256x128x64,3,448,relu,adamw,huber,0.001,0.001,0.0,32,0.0,,,,20.900049767334156,0.5112728966119529,16.182080401697547,4.717969365636609,60.2,20.108658431705823,21.485523078120366,11.592054843902588
C0023,128x128x64_gelu_adam_lr0.001_wd0.001_do0_bs32_ns0_losshuber,128x128x64,3,320,gelu,adam,huber,0.001,0.001,0.0,32,0.0,,,,20.90062134193414,0.914191007872846,18.201697437716206,2.698923904217935,66.2,19.70074784702236,22.10869384630674,9.343220472335815
C0513,256x128x64_relu_radam_lr0.003_wd0.0001_do0_bs32_ns0_lossmee,256x128x64,3,448,relu,radam,mee,0.003,0.0001,0.0,32,0.0,,,,20.90400767062606,0.44699641654261335,15.420590046747268,5.483417623878793,64.0,20.2513287257244,21.399295318998295,14.226675510406494
C0367,256x128x64_relu_adamw_lr0.003_wd0.0001_do0_bs32_ns0_lossmse,256x128x64,3,448,relu,adamw,mse,0.003,0.0001,0.0,32,0.0,,,,20.904489040325196,0.6872619960524132,16.529461001195443,4.375028039129752,47.0,19.81324804282629,21.52614871145736,9.355355024337769
C0241,128x128x64_gelu_radam_lr0.003_wd0.0001_do0_bs32_ns0_lossmse,128x128x64,3,320,gelu,radam,mse,0.003,0.0001,0.0,32,0.0,,,,20.904684060258013,1.0349576214002538,17.158416274223292,3.7462677860347213,64.2,19.75255366114543,22.168560373125473,11.457535743713379
C0524,256x128x64_gelu_radam_lr0.001_wd0.0001_do0_bs32_ns0_losshuber,256x128x64,3,448,gelu,radam,huber,0.001,0.0001,0.0,32,0.0,,,,20.907196971356665,0.5630401598681535,16.98418475309063,3.9230122182660345,90.4,20.05128666004373,21.59735902666531,20.839489698410034
C0158,128x128x64_relu_nadam_lr0.01_wd0.0001_do0_bs32_ns0_losshuber,128x128x64,3,320,relu,nadam,huber,0.01,0.0001,0.0,32,0.0,,,,20.908756250151253,0.3583194469732683,16.719843244776083,4.18891300537517,33.4,20.368618341327096,21.374492575775026,7.451023578643799
C0557,256x128x64_selu_radam_lr0.01_wd0.001_do0_bs32_ns0_losshuber,256x128x64,3,448,selu,radam,huber,0.01,0.001,0.0,32,0.0,,,,20.90953014855433,0.720838165603749,17.879083921507572,3.0304462270467596,71.8,19.88467021542545,21.77513160932983,15.419301748275757
C0514,256x128x64_relu_radam_lr0.003_wd0.001_do0_bs32_ns0_lossmse,256x128x64,3,448,relu,radam,mse,0.003,0.001,0.0,32,0.0,,,,20.925904270226745,0.5916878772819341,16.8811347107636,4.044769559463145,64.2,20.208060354998036,21.504421899903075,13.598068952560425
C0372,256x128x64_relu_adamw_lr0.003_wd0.001_do0_bs32_ns0_lossmee,256x128x64,3,448,relu,adamw,mee,0.003,0.001,0.0,32,0.0,,,,20.92754535005063,0.6871301834863044,15.586648580768758,5.340896769281871,43.4,19.89230870918875,21.581843024899577,9.598938941955566
C0527,256x128x64_gelu_radam_lr0.001_wd0.001_do0_bs32_ns0_losshuber,256x128x64,3,448,gelu,radam,huber,0.001,0.001,0.0,32,0.0,,,,20.931626479638943,0.5316296055012937,17.429726459445305,3.501900020193638,114.4,20.353248889666954,21.52562474664865,25.324012994766235
C0019,128x128x64_gelu_adam_lr0.001_wd0.0001_do0_bs32_ns0_lossmse,128x128x64,3,320,gelu,adam,mse,0.001,0.0001,0.0,32,0.0,,,,20.932202211077758,0.7438523347736848,17.42602944266141,3.5061727684163486,57.8,19.96188116081708,21.855890406368225,8.264918804168701
C0083,128x128x64_relu_adamw_lr0.003_wd0.001_do0_bs32_ns0_losshuber,128x128x64,3,320,relu,adamw,huber,0.003,0.001,0.0,32,0.0,,,,20.93266575474724,1.097980476223115,15.941454828457893,4.991210926289348,42.2,19.293319666709845,21.9535998487466,6.392838716506958
C0516,256x128x64_relu_radam_lr0.003_wd0.001_do0_bs32_ns0_lossmee,256x128x64,3,448,relu,radam,mee,0.003,0.001,0.0,32,0.0,,,,20.93626055502424,0.3063041436914441,15.527827309252368,5.408433245771873,67.4,20.43088288567308,21.211469413298584,15.018594026565552
C0008,128x128x64_relu_adam_lr0.003_wd0.0001_do0_bs32_ns0_losshuber,128x128x64,3,320,relu,adam,huber,0.003,0.0001,0.0,32,0.0,,,,20.940286482586917,1.0258526654501738,15.6831321939846,5.257154288602317,45.2,19.429622217555742,22.159234564182242,5.826289892196655
C0094,128x128x64_gelu_adamw_lr0.001_wd0.001_do0_bs32_ns0_lossmse,128x128x64,3,320,gelu,adamw,mse,0.001,0.001,0.0,32,0.0,,,,20.943860703901997,0.7431178589762116,17.332015060678444,3.6118456432235533,57.8,19.95406799562648,21.844679670034996,9.100866317749023
C0091,128x128x64_gelu_adamw_lr0.001_wd0.0001_do0_bs32_ns0_lossmse,128x128x64,3,320,gelu,adamw,mse,0.001,0.0001,0.0,32,0.0,,,,20.944135152829713,0.7428891640995786,17.328660855752492,3.6154742970772205,57.8,19.95334921680655,21.843445932604787,8.981461763381958
C0371,256x128x64_relu_adamw_lr0.003_wd0.001_do0_bs32_ns0_losshuber,256x128x64,3,448,relu,adamw,huber,0.003,0.001,0.0,32,0.0,,,,20.948501234401792,0.9597478749051638,16.659376884415547,4.2891243499862455,41.6,19.929794915332472,22.48739025892303,8.869333267211914
C0303,256x128x64_relu_adam_lr0.01_wd0.0001_do0_bs32_ns0_lossmee,256x128x64,3,448,relu,adam,mee,0.01,0.0001,0.0,32,0.0,,,,20.950241881164892,0.7195235956301218,17.08573924811055,3.864502633054343,35.8,19.71407141188687,21.51398542393814,15.228826999664307
C0523,256x128x64_gelu_radam_lr0.001_wd0.0001_do0_bs32_ns0_lossmse,256x128x64,3,448,gelu,radam,mse,0.001,0.0001,0.0,32,0.0,,,,20.95102114492081,0.6221212435559855,17.168834024410543,3.7821871205102653,90.4,20.03122679246116,21.63697831311948,20.88040804862976
C0242,128x128x64_gelu_radam_lr0.003_wd0.0001_do0_bs32_ns0_losshuber,128x128x64,3,320,gelu,radam,huber,0.003,0.0001,0.0,32,0.0,,,,20.951096881994868,1.0116414491303916,17.287203732116776,3.663893149878092,59.4,19.94486144346696,22.317618711416213,10.613160371780396
C0434,256x128x64_relu_nadam_lr0.001_wd0.0001_do0_bs32_ns0_losshuber,256x128x64,3,448,relu,nadam,huber,0.001,0.0001,0.0,32,0.0,,,,20.951672759200335,0.5995581805380116,16.248210908422045,4.7034618507782895,59.4,20.021347337491672,21.669703402698897,11.965787887573242
C0375,256x128x64_relu_adamw_lr0.01_wd0.0001_do0_bs32_ns0_lossmee,256x128x64,3,448,relu,adamw,mee,0.01,0.0001,0.0,32,0.0,,,,20.95208418015891,0.7649195861639637,17.052053448640017,3.9000307315188927,39.4,19.682297952199583,21.587422637758518,8.537565469741821
C0526,256x128x64_gelu_radam_lr0.001_wd0.001_do0_bs32_ns0_lossmse,256x128x64,3,448,gelu,radam,mse,0.001,0.001,0.0,32,0.0,,,,20.953664113505454,0.5671707945792093,17.37822650392795,3.5754376095775022,99.8,20.159862342859146,21.60168900759989,22.576772928237915
C0022,128x128x64_gelu_adam_lr0.001_wd0.001_do0_bs32_ns0_lossmse,128x128x64,3,320,gelu,adam,mse,0.001,0.001,0.0,32,0.0,,,,20.955114792093887,0.7937117229704561,17.907809061797156,3.0473057302967312,60.2,19.970867395932746,22.008929563165022,8.515668153762817
C0245,128x128x64_gelu_radam_lr0.003_wd0.001_do0_bs32_ns0_losshuber,128x128x64,3,320,gelu,radam,huber,0.003,0.001,0.0,32,0.0,,,,20.955315774430783,1.1740275859150928,18.679922726973558,2.275393047457225,67.2,19.779630985059917,22.62091893378571,13.082591772079468
C0305,256x128x64_relu_adam_lr0.01_wd0.001_do0_bs32_ns0_losshuber,256x128x64,3,448,relu,adam,huber,0.01,0.001,0.0,32,0.0,,,,20.95756851637919,0.9768470626188182,19.30516139612549,1.6524071202536987,64.0,19.58422848565458,22.0820582609534,25.52404284477234
C0537,256x128x64_gelu_radam_lr0.01_wd0.0001_do0_bs32_ns0_lossmee,256x128x64,3,448,gelu,radam,mee,0.01,0.0001,0.0,32,0.0,,,,20.9680807725795,0.5007356584089877,15.703653779322016,5.264426993257485,38.6,20.265728237505744,21.480894869806473,11.480927228927612
C0080,128x128x64_relu_adamw_lr0.003_wd0.0001_do0_bs32_ns0_losshuber,128x128x64,3,320,relu,adamw,huber,0.003,0.0001,0.0,32,0.0,,,,20.97409053237374,0.9608988970279293,16.39911821671977,4.5749723156539694,38.6,19.43537271516716,21.933569544533444,5.964375972747803
C0071,128x128x64_elu_adam_lr0.01_wd0.001_do0_bs32_ns0_losshuber,128x128x64,3,320,elu,adam,huber,0.01,0.001,0.0,32,0.0,,,,20.97526409705133,0.7745127929452572,19.256930701096746,1.7183333959545841,64.4,19.933875994583808,21.583376676776727,9.738916397094727
C0090,128x128x64_relu_adamw_lr0.01_wd0.001_do0_bs32_ns0_lossmee,128x128x64,3,320,relu,adamw,mee,0.01,0.001,0.0,32,0.0,,,,20.975523981636066,1.2374186457429819,16.4666820424286,4.508841939207464,33.0,19.42133564065856,22.422603302383102,6.1823484897613525
C0017,128x128x64_relu_adam_lr0.01_wd0.001_do0_bs32_ns0_losshuber,128x128x64,3,320,relu,adam,huber,0.01,0.001,0.0,32,0.0,,,,20.981060521231075,0.6689362679486378,19.556143274879837,1.4249172463512387,45.6,19.95423108454991,21.58320628480022,6.1155407428741455
C0435,256x128x64_relu_nadam_lr0.001_wd0.0001_do0_bs32_ns0_lossmee,256x128x64,3,448,relu,nadam,mee,0.001,0.0001,0.0,32,0.0,,,,20.983701609822837,0.3912357829062246,14.782417732059471,6.201283877763366,66.4,20.4416435684446,21.415603151950457,13.634900093078613
C0300,256x128x64_relu_adam_lr0.003_wd0.001_do0_bs32_ns0_lossmee,256x128x64,3,448,relu,adam,mee,0.003,0.001,0.0,32,0.0,,,,20.987209606165557,0.9356217015368622,15.59307022464689,5.3941393815186665,49.0,19.413173343280047,21.813900482442868,20.60861873626709
C0436,256x128x64_relu_nadam_lr0.001_wd0.001_do0_bs32_ns0_lossmse,256x128x64,3,448,relu,nadam,mse,0.001,0.001,0.0,32,0.0,,,,20.99310978300674,0.2799401002694599,16.789285019984415,4.203824763022325,66.0,20.62126522292198,21.36719731353235,12.986257314682007
C0502,256x128x64_elu_nadam_lr0.01_wd0.001_do0_bs32_ns0_lossmse,256x128x64,3,448,elu,nadam,mse,0.01,0.001,0.0,32,0.0,,,,20.99554860874371,0.2431339675233221,17.738577379866562,3.2569712288771484,50.4,20.59028730815931,21.200778521536243,10.762827634811401
C0528,256x128x64_gelu_radam_lr0.001_wd0.001_do0_bs32_ns0_lossmee,256x128x64,3,448,gelu,radam,mee,0.001,0.001,0.0,32,0.0,,,,20.997282850381065,0.78013300067875,16.637379909182915,4.3599029411981505,96.4,19.982533145454955,22.087543601748358,22.832069158554077
C0077,128x128x64_relu_adamw_lr0.001_wd0.001_do0_bs32_ns0_losshuber,128x128x64,3,320,relu,adamw,huber,0.001,0.001,0.0,32,0.0,,,,20.999434526417573,0.6893521895834104,16.478014079949585,4.521420446467989,61.6,20.21326448890137,21.899644086215392,8.560237646102905
C0352,256x128x64_elu_adam_lr0.003_wd0.001_do0_bs32_ns0_lossmse,256x128x64,3,448,elu,adam,mse,0.003,0.001,0.0,32,0.0,,,,21.00291689300125,0.47450555016254836,17.514627870967292,3.488289022033957,63.0,20.299758268040893,21.499633635600258,11.838040351867676
C0246,128x128x64_gelu_radam_lr0.003_wd0.001_do0_bs32_ns0_lossmee,128x128x64,3,320,gelu,radam,mee,0.003,0.001,0.0,32,0.0,,,,21.016625237480092,1.2117373391861903,17.606215573128264,3.4104096643518282,53.2,19.35116438157234,22.610364734149094,10.911648988723755
C0396,256x128x64_gelu_adamw_lr0.01_wd0.001_do0_bs32_ns0_lossmee,256x128x64,3,448,gelu,adamw,mee,0.01,0.001,0.0,32,0.0,,,,21.02251389296594,0.5565687888902051,15.946309446305523,5.076204446660416,26.0,20.306277006914417,21.80894646390284,7.904687166213989
C0525,256x128x64_gelu_radam_lr0.001_wd0.0001_do0_bs32_ns0_lossmee,256x128x64,3,448,gelu,radam,mee,0.001,0.0001,0.0,32,0.0,,,,21.025834568066067,0.7291784991106454,16.524886307261248,4.500948260804819,88.6,20.08056835227487,22.078734290979938,21.334789037704468
C0547,256x128x64_selu_radam_lr0.003_wd0.0001_do0_bs32_ns0_lossmse,256x128x64,3,448,selu,radam,mse,0.003,0.0001,0.0,32,0.0,,,,21.029765371310553,0.6297315053510489,18.13619153779759,2.8935738335129635,88.4,19.944326321665176,21.475676147870665,18.471786499023438
C0438,256x128x64_relu_nadam_lr0.001_wd0.001_do0_bs32_ns0_lossmee,256x128x64,3,448,relu,nadam,mee,0.001,0.001,0.0,32,0.0,,,,21.03507023271992,0.38600310733097326,15.79429051817272,5.240779714547202,60.8,20.572452955303145,21.592812849832235,13.017985343933105
C0009,128x128x64_relu_adam_lr0.003_wd0.0001_do0_bs32_ns0_lossmee,128x128x64,3,320,relu,adam,mee,0.003,0.0001,0.0,32,0.0,,,,21.04237203016056,0.9560128197659269,16.89924061144489,4.143131418715672,33.0,19.51631597977805,21.834439046152447,4.956479072570801
C0064,128x128x64_elu_adam_lr0.003_wd0.001_do0_bs32_ns0_lossmse,128x128x64,3,320,elu,adam,mse,0.003,0.001,0.0,32,0.0,,,,21.053204657985894,0.896163268264691,18.183352318633602,2.869852339352292,69.4,20.24302171294449,22.296695105494287,9.692519187927246
C0290,256x128x64_relu_adam_lr0.001_wd0.0001_do0_bs32_ns0_losshuber,256x128x64,3,448,relu,adam,huber,0.001,0.0001,0.0,32,0.0,,,,21.053963325667574,0.6403519167431165,16.762151362659758,4.291811963007817,56.8,20.02725914308457,21.774873612856013,42.90625357627869
C0370,256x128x64_relu_adamw_lr0.003_wd0.001_do0_bs32_ns0_lossmse,256x128x64,3,448,relu,adamw,mse,0.003,0.001,0.0,32,0.0,,,,21.058463171987075,0.6227272030881729,16.35439711790014,4.704066054086933,47.8,20.16591248724215,21.81396392463457,9.333984375
C0243,128x128x64_gelu_radam_lr0.003_wd0.0001_do0_bs32_ns0_lossmee,128x128x64,3,320,gelu,radam,mee,0.003,0.0001,0.0,32,0.0,,,,21.06006004651172,1.1259256268478353,17.040604621042363,4.019455425469356,53.2,19.507531760209496,22.4940365599794,10.472301483154297
C0297,256x128x64_relu_adam_lr0.003_wd0.0001_do0_bs32_ns0_lossmee,256x128x64,3,448,relu,adam,mee,0.003,0.0001,0.0,32,0.0,,,,21.06422260013435,1.0336793205898276,17.17183379777278,3.8923888023615696,35.6,19.350866506156695,22.140213576421804,12.901398658752441
C0361,256x128x64_relu_adamw_lr0.001_wd0.0001_do0_bs32_ns0_lossmse,256x128x64,3,448,relu,adamw,mse,0.001,0.0001,0.0,32,0.0,,,,21.06564880479015,0.5337000510629663,16.882801076342645,4.182847728447506,59.4,20.405856222380567,21.563734621947397,11.437466382980347
C0433,256x128x64_relu_nadam_lr0.001_wd0.0001_do0_bs32_ns0_lossmse,256x128x64,3,448,relu,nadam,mse,0.001,0.0001,0.0,32,0.0,,,,21.068133268051945,0.32095279519411835,15.979547980575067,5.088585287476878,65.2,20.534315684990833,21.394920757933132,12.995851039886475
C0373,256x128x64_relu_adamw_lr0.01_wd0.0001_do0_bs32_ns0_lossmse,256x128x64,3,448,relu,adamw,mse,0.01,0.0001,0.0,32,0.0,,,,21.068710882023485,0.6180297627082593,18.007766479274423,3.0609444027490618,38.8,20.13392035002205,21.680592536023173,8.358415603637695
C0479,256x128x64_selu_nadam_lr0.003_wd0.001_do0_bs32_ns0_losshuber,256x128x64,3,448,selu,nadam,huber,0.003,0.001,0.0,32,0.0,,,,21.068713300205996,0.7049703091469486,19.051706818395083,2.0170064818109132,47.6,20.09071207126648,21.838321077996447,10.189815521240234
C0234,128x128x64_relu_radam_lr0.01_wd0.001_do0_bs32_ns0_lossmee,128x128x64,3,320,relu,radam,mee,0.01,0.001,0.0,32,0.0,,,,21.071256758088452,0.8518497868094415,16.606031191226325,4.465225566862127,44.0,19.8683860278211,22.157328316268938,8.408420324325562
C0021,128x128x64_gelu_adam_lr0.001_wd0.0001_do0_bs32_ns0_lossmee,128x128x64,3,320,gelu,adam,mee,0.001,0.0001,0.0,32,0.0,,,,21.072408110329995,1.037917278457425,16.81576895950389,4.2566391508261034,48.6,19.526401429025796,22.31791529685028,7.828788995742798
C0082,128x128x64_relu_adamw_lr0.003_wd0.001_do0_bs32_ns0_lossmse,128x128x64,3,320,relu,adamw,mse,0.003,0.001,0.0,32,0.0,,,,21.072992393910862,0.8128841489364296,15.319712592587077,5.753279801323785,50.4,19.86715558838826,22.01844884306228,7.248431444168091
C0268,128x128x64_selu_radam_lr0.01_wd0.001_do0_bs32_ns0_lossmse,128x128x64,3,320,selu,radam,mse,0.01,0.001,0.0,32,0.0,,,,21.07461006442012,0.7269088474070077,18.374162334165952,2.7004477302541687,63.0,20.306947152123474,22.07054003564244,13.30813217163086
C0087,128x128x64_relu_adamw_lr0.01_wd0.0001_do0_bs32_ns0_lossmee,128x128x64,3,320,relu,adamw,mee,0.01,0.0001,0.0,32,0.0,,,,21.077409823255255,0.7120475238420713,16.348448172931917,4.728961650323338,34.0,20.2054914323157,22.194123739296778,5.894935131072998
C0001,128x128x64_relu_adam_lr0.001_wd0.0001_do0_bs32_ns0_lossmse,128x128x64,3,320,relu,adam,mse,0.001,0.0001,0.0,32,0.0,,,,21.081568254953574,0.7131816926365511,16.561338983617315,4.520229271336259,70.6,19.986166163431665,21.87791339311237,9.508419513702393
C0096,128x128x64_gelu_adamw_lr0.001_wd0.001_do0_bs32_ns0_lossmee,128x128x64,3,320,gelu,adamw,mee,0.001,0.001,0.0,32,0.0,,,,21.083821633479324,1.0380329990913335,16.760086475473024,4.323735158006301,48.6,19.53052328394942,22.317267124708888,8.577967643737793
C0093,128x128x64_gelu_adamw_lr0.001_wd0.0001_do0_bs32_ns0_lossmee,128x128x64,3,320,gelu,adamw,mee,0.001,0.0001,0.0,32,0.0,,,,21.084438556492692,1.0379908855145619,16.75707053288516,4.327368023607534,48.6,19.530796421284645,22.316986534167206,8.384512424468994
C0214,128x128x64_elu_nadam_lr0.01_wd0.001_do0_bs32_ns0_lossmse,128x128x64,3,320,elu,nadam,mse,0.01,0.001,0.0,32,0.0,,,,21.088384189722472,0.356702528311571,17.98748067592381,3.100903513798663,54.0,20.630906874248904,21.630345751715485,8.360497951507568
C0215,128x128x64_elu_nadam_lr0.01_wd0.001_do0_bs32_ns0_losshuber,128x128x64,3,320,elu,nadam,huber,0.01,0.001,0.0,32,0.0,,,,21.08869584296011,0.8398455427740982,19.68271508606722,1.405980756892891,60.4,20.196846652624863,22.07861493486767,9.466470956802368
C0292,256x128x64_relu_adam_lr0.001_wd0.001_do0_bs32_ns0_lossmse,256x128x64,3,448,relu,adam,mse,0.001,0.001,0.0,32,0.0,,,,21.093338696051465,0.7559281688942302,17.75544839067848,3.3378903053729836,66.2,20.100237080718266,22.02998533312954,15.954588413238525
C0070,128x128x64_elu_adam_lr0.01_wd0.001_do0_bs32_ns0_lossmse,128x128x64,3,320,elu,adam,mse,0.01,0.001,0.0,32,0.0,,,,21.09781087374951,0.8136781318319067,17.769367618977306,3.3284432547722034,54.8,20.36832240293678,22.288701990070575,8.584728002548218
C0005,128x128x64_relu_adam_lr0.001_wd0.001_do0_bs32_ns0_losshuber,128x128x64,3,320,relu,adam,huber,0.001,0.001,0.0,32,0.0,,,,21.101683815093963,0.8557249156940004,17.442261804478033,3.6594220106159305,79.0,19.735885597767368,21.95887470384232,8.708016633987427
C0074,128x128x64_relu_adamw_lr0.001_wd0.0001_do0_bs32_ns0_losshuber,128x128x64,3,320,relu,adamw,huber,0.001,0.0001,0.0,32,0.0,,,,21.11869974349046,0.646186631441649,16.92422536394967,4.1944743795407895,53.2,20.11792738901629,21.75708167907192,7.880366325378418
C0574,256x128x64_elu_radam_lr0.01_wd0.001_do0_bs32_ns0_lossmse,256x128x64,3,448,elu,radam,mse,0.01,0.001,0.0,32,0.0,,,,21.119506748245563,0.8173193960377543,19.188039606330186,1.9314671419153768,48.4,20.073614354652005,22.204487761646924,11.448508262634277
C0291,256x128x64_relu_adam_lr0.001_wd0.0001_do0_bs32_ns0_lossmee,256x128x64,3,448,relu,adam,mee,0.001,0.0001,0.0,32,0.0,,,,21.12142770925059,0.5679074851391434,15.771533683279719,5.349894025970871,61.8,20.158637176120358,21.665393767332056,19.700387954711914
C0497,256x128x64_elu_nadam_lr0.003_wd0.001_do0_bs32_ns0_losshuber,256x128x64,3,448,elu,nadam,huber,0.003,0.001,0.0,32,0.0,,,,21.12510333344857,0.8908346223808904,18.8064927677239,2.318610565724672,51.8,20.161425828822313,22.590956118688382,10.97196340560913
C0148,128x128x64_relu_nadam_lr0.001_wd0.001_do0_bs32_ns0_lossmse,128x128x64,3,320,relu,nadam,mse,0.001,0.001,0.0,32,0.0,,,,21.129038624921947,0.5156439121372115,16.739589825656857,4.3894487992650895,74.6,20.48840341262369,21.66755485469266,11.335819959640503
C0149,128x128x64_relu_nadam_lr0.001_wd0.001_do0_bs32_ns0_losshuber,128x128x64,3,320,relu,nadam,huber,0.001,0.001,0.0,32,0.0,,,,21.136596036619114,0.5182506163842489,17.08015087446029,4.056445162158823,79.2,20.422812094060617,21.63499116008013,11.89356803894043
C0081,128x128x64_relu_adamw_lr0.003_wd0.0001_do0_bs32_ns0_lossmee,128x128x64,3,320,relu,adamw,mee,0.003,0.0001,0.0,32,0.0,,,,21.149434494580525,1.1105321525233853,16.211843510713148,4.937590983867377,37.2,19.429799957251305,22.254261906869548,6.250096082687378
C0358,256x128x64_elu_adam_lr0.01_wd0.001_do0_bs32_ns0_lossmse,256x128x64,3,448,elu,adam,mse,0.01,0.001,0.0,32,0.0,,,,21.155215126734852,0.5482392365367348,16.955821079274493,4.199394047460359,71.6,20.276287167550738,21.607132100993578,13.130194425582886
C0294,256x128x64_relu_adam_lr0.001_wd0.001_do0_bs32_ns0_lossmee,256x128x64,3,448,relu,adam,mee,0.001,0.001,0.0,32,0.0,,,,21.15536202106919,0.7953629918880596,15.999826535866763,5.155535485202428,66.2,19.95942806077806,22.120752450551073,16.326538562774658
C0476,256x128x64_selu_nadam_lr0.003_wd0.0001_do0_bs32_ns0_losshuber,256x128x64,3,448,selu,nadam,huber,0.003,0.0001,0.0,32,0.0,,,,21.15792694155557,0.6690900149088739,17.443663281717054,3.7142636598385153,56.4,20.128248190378862,21.894399461845808,11.543038368225098
C0366,256x128x64_relu_adamw_lr0.001_wd0.001_do0_bs32_ns0_lossmee,256x128x64,3,448,relu,adamw,mee,0.001,0.001,0.0,32,0.0,,,,21.162968323758847,0.5040930020190119,15.181729967730353,5.981238356028493,67.8,20.340569226294804,21.55530056169318,13.724077701568604
C0289,256x128x64_relu_adam_lr0.001_wd0.0001_do0_bs32_ns0_lossmse,256x128x64,3,448,relu,adam,mse,0.001,0.0001,0.0,32,0.0,,,,21.169711873130854,0.5789644424113968,16.894330414059763,4.275381459071092,62.4,20.37549000448361,21.88979655227287,15.335903406143188
C0188,128x128x64_selu_nadam_lr0.003_wd0.0001_do0_bs32_ns0_losshuber,128x128x64,3,320,selu,nadam,huber,0.003,0.0001,0.0,32,0.0,,,,21.170063774845943,0.4404227414783727,18.73189086111605,2.4381729137298933,51.6,20.569798246757323,21.786150316090136,8.680768489837646
C0230,128x128x64_relu_radam_lr0.01_wd0.0001_do0_bs32_ns0_losshuber,128x128x64,3,320,relu,radam,huber,0.01,0.0001,0.0,32,0.0,,,,21.17177339400646,0.847523961557788,15.98784856051734,5.183924833489121,47.6,19.98982546663159,22.18342536255136,8.122705221176147
C0076,128x128x64_relu_adamw_lr0.001_wd0.001_do0_bs32_ns0_lossmse,128x128x64,3,320,relu,adamw,mse,0.001,0.001,0.0,32,0.0,,,,21.18160504847834,0.6572290265271815,16.255053841637885,4.926551206840454,75.2,20.27070333427387,21.956563191457356,10.130480766296387
C0364,256x128x64_relu_adamw_lr0.001_wd0.001_do0_bs32_ns0_lossmse,256x128x64,3,448,relu,adamw,mse,0.001,0.001,0.0,32,0.0,,,,21.181973026058998,0.5022130545130525,17.336373710905576,3.8455993151534216,55.4,20.589733265446007,21.56628393516946,10.853378057479858
C0494,256x128x64_elu_nadam_lr0.003_wd0.0001_do0_bs32_ns0_losshuber,256x128x64,3,448,elu,nadam,huber,0.003,0.0001,0.0,32,0.0,,,,21.184672751379644,1.0037232583058406,18.303067241848982,2.8816055095306616,39.0,20.353925926081672,22.817182643044738,9.063878774642944
C0191,128x128x64_selu_nadam_lr0.003_wd0.001_do0_bs32_ns0_losshuber,128x128x64,3,320,selu,nadam,huber,0.003,0.001,0.0,32,0.0,,,,21.19802972799851,0.5655552807890173,19.176217385734052,2.0218123422644574,58.0,20.38911753257752,21.777586382961935,9.426522731781006
C0073,128x128x64_relu_adamw_lr0.001_wd0.0001_do0_bs32_ns0_lossmse,128x128x64,3,320,relu,adamw,mse,0.001,0.0001,0.0,32,0.0,,,,21.201157023197812,0.5825995014991311,16.5148775216717,4.686279501526112,66.8,20.277253699966156,21.81751993980297,9.547409534454346
C0265,128x128x64_selu_radam_lr0.01_wd0.0001_do0_bs32_ns0_lossmse,128x128x64,3,320,selu,radam,mse,0.01,0.0001,0.0,32,0.0,,,,21.20281665076663,0.864289656608545,18.14078364626468,3.0620330045019486,63.0,20.369692217038395,22.490814311681525,13.628999471664429
C0224,128x128x64_relu_radam_lr0.003_wd0.0001_do0_bs32_ns0_losshuber,128x128x64,3,320,relu,radam,huber,0.003,0.0001,0.0,32,0.0,,,,21.20520450656618,0.5787368483483049,15.876579798499472,5.328624708066707,69.2,20.620062995388174,21.965748783732813,11.724658250808716
C0192,128x128x64_selu_nadam_lr0.003_wd0.001_do0_bs32_ns0_lossmee,128x128x64,3,320,selu,nadam,mee,0.003,0.001,0.0,32,0.0,,,,21.21154427540363,0.3146743660567789,17.74131769614985,3.4702265792537794,60.0,20.885672038595956,21.593794382124255,10.176667213439941
C0012,128x128x64_relu_adam_lr0.003_wd0.001_do0_bs32_ns0_lossmee,128x128x64,3,320,relu,adam,mee,0.003,0.001,0.0,32,0.0,,,,21.21750335658724,0.7655938130535263,16.48203967766002,4.735463678927221,37.8,20.150535131735513,22.136736407765348,5.573796033859253
C0335,256x128x64_selu_adam_lr0.003_wd0.001_do0_bs32_ns0_losshuber,256x128x64,3,448,selu,adam,huber,0.003,0.001,0.0,32,0.0,,,,21.223721898002267,0.5410096778317163,18.272898323535166,2.950823574467101,56.0,20.618872753868278,21.964961016967692,10.923612833023071
C0061,128x128x64_elu_adam_lr0.003_wd0.0001_do0_bs32_ns0_lossmse,128x128x64,3,320,elu,adam,mse,0.003,0.0001,0.0,32,0.0,,,,21.22545647243742,0.941873298991342,17.797946740681276,3.4275097317561425,57.6,20.22003372566324,22.468413999348115,8.36714792251587
C0119,128x128x64_selu_adamw_lr0.003_wd0.001_do0_bs32_ns0_losshuber,128x128x64,3,320,selu,adamw,huber,0.003,0.001,0.0,32,0.0,,,,21.22548693107172,0.8274842731530149,18.162597592944557,3.062889338127164,48.0,20.179223844081623,22.01712400590107,7.670275449752808
C0044,128x128x64_selu_adam_lr0.003_wd0.0001_do0_bs32_ns0_losshuber,128x128x64,3,320,selu,adam,huber,0.003,0.0001,0.0,32,0.0,,,,21.225773968376686,0.8173096592770858,18.241752888549478,2.984021079827208,48.0,20.310401377212877,22.107256410675184,7.170135021209717
C0571,256x128x64_elu_radam_lr0.01_wd0.0001_do0_bs32_ns0_lossmse,256x128x64,3,448,elu,radam,mse,0.01,0.0001,0.0,32,0.0,,,,21.230297145520524,0.7517952629720899,17.991438702350784,3.2388584431697396,51.4,20.30836193594888,21.978733759470394,11.907225370407104
C0511,256x128x64_relu_radam_lr0.003_wd0.0001_do0_bs32_ns0_lossmse,256x128x64,3,448,relu,radam,mse,0.003,0.0001,0.0,32,0.0,,,,21.232530434219314,0.6319829122587697,17.744511363429147,3.488019070790166,48.6,20.60643150731611,22.0728717595971,11.55997633934021
C0406,256x128x64_selu_adamw_lr0.003_wd0.001_do0_bs32_ns0_lossmse,256x128x64,3,448,selu,adamw,mse,0.003,0.001,0.0,32,0.0,,,,21.23312814891055,1.0079383494580536,17.916528732626865,3.316599416283683,68.6,19.818179365178313,22.331725088035164,12.749875783920288
C0146,128x128x64_relu_nadam_lr0.001_wd0.0001_do0_bs32_ns0_losshuber,128x128x64,3,320,relu,nadam,huber,0.001,0.0001,0.0,32,0.0,,,,21.239980095817565,0.530491562423622,16.34912540299502,4.890854692822543,60.6,20.703441871452856,21.805218489866434,9.408398628234863
C0369,256x128x64_relu_adamw_lr0.003_wd0.0001_do0_bs32_ns0_lossmee,256x128x64,3,448,relu,adamw,mee,0.003,0.0001,0.0,32,0.0,,,,21.247442628582185,0.7486817478282045,16.782082032285768,4.465360596296417,34.8,20.034410690704732,22.04563494974146,8.060317516326904
C0209,128x128x64_elu_nadam_lr0.003_wd0.001_do0_bs32_ns0_losshuber,128x128x64,3,320,elu,nadam,huber,0.003,0.001,0.0,32,0.0,,,,21.250225751454547,0.6038568149771738,18.6698505641264,2.5803751873281477,73.6,20.545275784202055,21.96253920826126,10.966405630111694
C0136,128x128x64_elu_adamw_lr0.003_wd0.001_do0_bs32_ns0_lossmse,128x128x64,3,320,elu,adamw,mse,0.003,0.001,0.0,32,0.0,,,,21.252088844446387,0.9387496040737101,17.730994734784446,3.5210941096619415,57.6,20.225464521997612,22.487299382076166,8.278185367584229
C0133,128x128x64_elu_adamw_lr0.003_wd0.0001_do0_bs32_ns0_lossmse,128x128x64,3,320,elu,adamw,mse,0.003,0.0001,0.0,32,0.0,,,,21.256472908434212,0.9383010053921231,17.72141117918212,3.5350617292520923,57.6,20.22763225376415,22.49134683826771,8.598484754562378
C0484,256x128x64_selu_nadam_lr0.01_wd0.001_do0_bs32_ns0_lossmse,256x128x64,3,448,selu,nadam,mse,0.01,0.001,0.0,32,0.0,,,,21.25953938998083,0.5586215453295102,17.746181828364048,3.5133575616167825,62.6,20.525837696949644,21.856268552044533,12.537717580795288
C0403,256x128x64_selu_adamw_lr0.003_wd0.0001_do0_bs32_ns0_lossmse,256x128x64,3,448,selu,adamw,mse,0.003,0.0001,0.0,32,0.0,,,,21.262217914117844,0.9278500667549445,17.984635126644285,3.277582787473559,64.2,19.99110921937712,22.36749904314642,12.22565221786499
C0084,128x128x64_relu_adamw_lr0.003_wd0.001_do0_bs32_ns0_lossmee,128x128x64,3,320,relu,adamw,mee,0.003,0.001,0.0,32,0.0,,,,21.270370597948077,0.9048155896902152,16.68797346778751,4.582397130160565,33.0,19.739953338390347,22.133411677832754,5.7449729442596436
C0002,128x128x64_relu_adam_lr0.001_wd0.0001_do0_bs32_ns0_losshuber,128x128x64,3,320,relu,adam,huber,0.001,0.0001,0.0,32,0.0,,,,21.275141869426882,0.9027313161821039,16.870236300830094,4.404905568596789,65.4,20.075322720189703,22.432224972166477,7.175633668899536
C0363,256x128x64_relu_adamw_lr0.001_wd0.0001_do0_bs32_ns0_lossmee,256x128x64,3,448,relu,adamw,mee,0.001,0.0001,0.0,32,0.0,,,,21.27668760571611,0.8333331329992453,15.421803786120062,5.854883819596047,67.4,19.929597967463202,22.13093897785688,13.707094669342041
C0075,128x128x64_relu_adamw_lr0.001_wd0.0001_do0_bs32_ns0_lossmee,128x128x64,3,320,relu,adamw,mee,0.001,0.0001,0.0,32,0.0,,,,21.281837878506536,0.8272892246586963,15.489767643122459,5.792070235384077,66.8,20.056447457260383,22.104109674611237,9.95939016342163
C0239,128x128x64_gelu_radam_lr0.001_wd0.001_do0_bs32_ns0_losshuber,128x128x64,3,320,gelu,radam,huber,0.001,0.001,0.0,32,0.0,,,,21.28538805005976,0.7311031610493977,18.20914469651397,3.076243353545788,119.4,20.25252946334935,22.03507596683792,19.0617778301239
C0231,128x128x64_relu_radam_lr0.01_wd0.0001_do0_bs32_ns0_lossmee,128x128x64,3,320,relu,radam,mee,0.01,0.0001,0.0,32,0.0,,,,21.28812465067633,0.5097754429466251,15.638478766620116,5.6496458840562145,44.0,20.412198829874722,21.740627399960225,8.336381196975708
C0354,256x128x64_elu_adam_lr0.003_wd0.001_do0_bs32_ns0_lossmee,256x128x64,3,448,elu,adam,mee,0.003,0.001,0.0,32,0.0,,,,21.288131219491863,0.8176155821551893,16.494273862018044,4.793857357473819,53.0,20.068636365720543,22.121707247117964,11.181875705718994
C0003,128x128x64_relu_adam_lr0.001_wd0.0001_do0_bs32_ns0_lossmee,128x128x64,3,320,relu,adam,mee,0.001,0.0001,0.0,32,0.0,,,,21.289645841982786,0.5462094478554224,15.873048012571113,5.416597829411673,61.6,20.426196796877246,21.767028173997794,7.348954916000366
C0004,128x128x64_relu_adam_lr0.001_wd0.001_do0_bs32_ns0_lossmse,128x128x64,3,320,relu,adam,mse,0.001,0.001,0.0,32,0.0,,,,21.290958302927784,1.0285976586143162,18.031965561095582,3.258992741832202,63.8,19.946760281578037,22.679841557689844,7.143172025680542
C0509,256x128x64_relu_radam_lr0.001_wd0.001_do0_bs32_ns0_losshuber,256x128x64,3,448,relu,radam,huber,0.001,0.001,0.0,32,0.0,,,,21.292555489314353,0.691498513091889,17.398723408059254,3.8938320812550984,102.8,20.320852084116893,21.88069943091913,15.664910078048706
C0505,256x128x64_relu_radam_lr0.001_wd0.0001_do0_bs32_ns0_lossmse,256x128x64,3,448,relu,radam,mse,0.001,0.0001,0.0,32,0.0,,,,21.295171040192425,0.7738902680977229,16.762893359468848,4.532277680723578,97.2,20.270711465465062,22.127376746408675,18.726367712020874
C0331,256x128x64_selu_adam_lr0.003_wd0.0001_do0_bs32_ns0_lossmse,256x128x64,3,448,selu,adam,mse,0.003,0.0001,0.0,32,0.0,,,,21.299651813499576,0.953446764666671,18.047671578609933,3.2519802348896434,63.0,19.89965410870208,22.223559114318114,11.963948011398315
C0499,256x128x64_elu_nadam_lr0.01_wd0.0001_do0_bs32_ns0_lossmse,256x128x64,3,448,elu,nadam,mse,0.01,0.0001,0.0,32,0.0,,,,21.30212009704008,0.5083746307465993,17.26422497281739,4.03789512422269,44.6,20.626644444852154,21.8656353978427,9.821995973587036
C0344,256x128x64_elu_adam_lr0.001_wd0.0001_do0_bs32_ns0_losshuber,256x128x64,3,448,elu,adam,huber,0.001,0.0001,0.0,32,0.0,,,,21.311580173778683,0.30199086383424284,18.211921202101443,3.09965897167724,78.2,20.97681879472649,21.782584446087455,14.203924179077148
C0216,128x128x64_elu_nadam_lr0.01_wd0.001_do0_bs32_ns0_lossmee,128x128x64,3,320,elu,nadam,mee,0.01,0.001,0.0,32,0.0,,,,21.316215561144716,0.4664874298406661,17.738471334745924,3.577744226398792,47.8,20.854086057410605,21.96262877520308,8.198314428329468
C0116,128x128x64_selu_adamw_lr0.003_wd0.0001_do0_bs32_ns0_losshuber,128x128x64,3,320,selu,adamw,huber,0.003,0.0001,0.0,32,0.0,,,,21.319866344190423,0.8841901019967117,18.305935087205224,3.013931256985199,42.4,20.264502271546835,22.151069836254578,6.691854238510132
C0340,256x128x64_selu_adam_lr0.01_wd0.001_do0_bs32_ns0_lossmse,256x128x64,3,448,selu,adam,mse,0.01,0.001,0.0,32,0.0,,,,21.32201121355151,0.734125823577895,17.301608970334406,4.020402243217102,61.0,20.177485165879585,22.137157120756278,11.70129942893982
C0569,256x128x64_elu_radam_lr0.003_wd0.001_do0_bs32_ns0_losshuber,256x128x64,3,448,elu,radam,huber,0.003,0.001,0.0,32,0.0,,,,21.32708265008295,0.7221593219985599,18.778934121105767,2.5481485289771832,86.6,20.54701137235021,22.320043806943637,17.900805711746216
C0478,256x128x64_selu_nadam_lr0.003_wd0.001_do0_bs32_ns0_lossmse,256x128x64,3,448,selu,nadam,mse,0.003,0.001,0.0,32,0.0,,,,21.32814017105767,1.0129446330949203,18.538379010099675,2.789761160957994,56.4,19.580771600821073,22.036808719872162,11.504220008850098
C0576,256x128x64_elu_radam_lr0.01_wd0.001_do0_bs32_ns0_lossmee,256x128x64,3,448,elu,radam,mee,0.01,0.001,0.0,32,0.0,,,,21.328894101519946,0.6126798839857838,17.767186158859722,3.561707942660224,52.0,20.684152729204584,22.321366007567818,9.84660029411316
C0419,256x128x64_elu_adamw_lr0.001_wd0.001_do0_bs32_ns0_losshuber,256x128x64,3,448,elu,adamw,huber,0.001,0.001,0.0,32,0.0,,,,21.3301442671244,0.2850424355500042,18.128713367297056,3.2014308998273435,78.2,21.04279278377166,21.785676458515002,14.065558433532715
C0416,256x128x64_elu_adamw_lr0.001_wd0.0001_do0_bs32_ns0_losshuber,256x128x64,3,448,elu,adamw,huber,0.001,0.0001,0.0,32,0.0,,,,21.33256493364877,0.28339113752840617,18.125474488880645,3.2070904447681237,78.2,21.049087983698115,21.785235109478286,14.031307458877563
C0548,256x128x64_selu_radam_lr0.003_wd0.0001_do0_bs32_ns0_losshuber,256x128x64,3,448,selu,radam,huber,0.003,0.0001,0.0,32,0.0,,,,21.334861718974313,0.5172775479421692,18.6338388012289,2.701022917745412,77.0,20.64363154518889,21.921791247071706,16.19820785522461
C0066,128x128x64_elu_adam_lr0.003_wd0.001_do0_bs32_ns0_lossmee,128x128x64,3,320,elu,adam,mee,0.003,0.001,0.0,32,0.0,,,,21.33498112706895,1.1213898233435344,17.313447656220198,4.021533470848752,55.0,20.282207253688075,23.068614669308374,9.724419832229614
C0236,128x128x64_gelu_radam_lr0.001_wd0.0001_do0_bs32_ns0_losshuber,128x128x64,3,320,gelu,radam,huber,0.001,0.0001,0.0,32,0.0,,,,21.336284112239184,0.7949197724983903,17.563495214308695,3.7727888979304893,100.0,20.212988599020566,22.216969695123275,17.0907039642334
C0235,128x128x64_gelu_radam_lr0.001_wd0.0001_do0_bs32_ns0_lossmse,128x128x64,3,320,gelu,radam,mse,0.001,0.0001,0.0,32,0.0,,,,21.339281252113082,0.7688366987053821,17.63209663123008,3.7071846208830017,108.6,20.255900234369726,22.202654922812805,18.066701412200928
C0496,256x128x64_elu_nadam_lr0.003_wd0.001_do0_bs32_ns0_lossmse,256x128x64,3,448,elu,nadam,mse,0.003,0.001,0.0,32,0.0,,,,21.34370896888222,0.8178832779834706,18.692826233073724,2.6508827358084943,45.6,20.593435025374923,22.677413431617403,9.935167789459229
C0238,128x128x64_gelu_radam_lr0.001_wd0.001_do0_bs32_ns0_lossmse,128x128x64,3,320,gelu,radam,mse,0.001,0.001,0.0,32,0.0,,,,21.344643638379363,0.687960565136408,18.239493863429555,3.1051497749498083,104.4,20.36559709994163,22.110082274364903,17.51748824119568
C0493,256x128x64_elu_nadam_lr0.003_wd0.0001_do0_bs32_ns0_lossmse,256x128x64,3,448,elu,nadam,mse,0.003,0.0001,0.0,32,0.0,,,,21.345169851280314,0.7584442464049397,18.215692707034144,3.12947714424617,46.0,20.598531903682883,22.601245942386292,10.032038450241089
C0263,128x128x64_selu_radam_lr0.003_wd0.001_do0_bs32_ns0_losshuber,128x128x64,3,320,selu,radam,huber,0.003,0.001,0.0,32,0.0,,,,21.34660832702329,0.5049858432114838,18.601682352152288,2.744925974871002,98.4,20.489103188156765,21.711731859190827,19.31258749961853
C0110,128x128x64_selu_adamw_lr0.001_wd0.0001_do0_bs32_ns0_losshuber,128x128x64,3,320,selu,adamw,huber,0.001,0.0001,0.0,32,0.0,,,,21.358930684236032,0.3369757592237637,18.055369373306302,3.30356131092973,95.2,20.921114483085766,21.858806732540337,12.521714925765991
C0266,128x128x64_selu_radam_lr0.01_wd0.0001_do0_bs32_ns0_losshuber,128x128x64,3,320,selu,radam,huber,0.01,0.0001,0.0,32,0.0,,,,21.361024713942687,0.7165793875285388,18.41861096398498,2.942413749957705,60.0,20.475974500658985,22.330148661676077,13.097185611724854
C0145,128x128x64_relu_nadam_lr0.001_wd0.0001_do0_bs32_ns0_lossmse,128x128x64,3,320,relu,nadam,mse,0.001,0.0001,0.0,32,0.0,,,,21.361790226742727,0.4615603354219488,16.394023725800846,4.967766500941881,64.0,20.8246690955122,21.957711131620066,10.282049179077148
C0506,256x128x64_relu_radam_lr0.001_wd0.0001_do0_bs32_ns0_losshuber,256x128x64,3,448,relu,radam,huber,0.001,0.0001,0.0,32,0.0,,,,21.36905888030151,0.7723295504854901,16.9043523044845,4.464706575817008,89.4,20.51208317309255,22.092985108885443,17.462152004241943
C0359,256x128x64_elu_adam_lr0.01_wd0.001_do0_bs32_ns0_losshuber,256x128x64,3,448,elu,adam,huber,0.01,0.001,0.0,32,0.0,,,,21.37576781316616,0.9308193762883946,19.915436897931876,1.4603309152342838,38.8,19.940153942267365,22.30361107982851,8.510843515396118
C0190,128x128x64_selu_nadam_lr0.003_wd0.001_do0_bs32_ns0_lossmse,128x128x64,3,320,selu,nadam,mse,0.003,0.001,0.0,32,0.0,,,,21.382623191692677,0.3842293973306574,19.29029093208284,2.0923322596098366,58.0,20.973903394236498,21.932681636457243,9.65775179862976
C0473,256x128x64_selu_nadam_lr0.001_wd0.001_do0_bs32_ns0_losshuber,256x128x64,3,448,selu,nadam,huber,0.001,0.001,0.0,32,0.0,,,,21.384272963789876,0.23673318238577445,18.467750182554454,2.9165227812354217,104.6,21.145924023181514,21.65903871421512,18.74002504348755
C0549,256x128x64_selu_radam_lr0.003_wd0.0001_do0_bs32_ns0_lossmee,256x128x64,3,448,selu,radam,mee,0.003,0.0001,0.0,32,0.0,,,,21.385575845433483,0.5479089665175343,18.285345996048505,3.100229849384977,72.0,20.45088792369739,21.798787539095002,16.09984517097473
C0495,256x128x64_elu_nadam_lr0.003_wd0.0001_do0_bs32_ns0_lossmee,256x128x64,3,448,elu,nadam,mee,0.003,0.0001,0.0,32,0.0,,,,21.388514372690775,1.0358045513549337,17.996396066927463,3.3921183057633115,37.6,20.244121777670152,22.885487874772988,9.162232160568237
C0556,256x128x64_selu_radam_lr0.01_wd0.001_do0_bs32_ns0_lossmse,256x128x64,3,448,selu,radam,mse,0.01,0.001,0.0,32,0.0,,,,21.391455304747225,0.6475187749238217,18.73426710132156,2.6571882034256653,57.2,20.30177300333975,21.978541269555045,13.223755836486816
C0341,256x128x64_selu_adam_lr0.01_wd0.001_do0_bs32_ns0_losshuber,256x128x64,3,448,selu,adam,huber,0.01,0.001,0.0,32,0.0,,,,21.39319820971605,1.0734249595144527,19.539766686912106,1.8534315228039446,34.8,19.67527371275093,22.32547301390964,7.856801271438599
C0225,128x128x64_relu_radam_lr0.003_wd0.0001_do0_bs32_ns0_lossmee,128x128x64,3,320,relu,radam,mee,0.003,0.0001,0.0,32,0.0,,,,21.394018840576567,0.8132348201721934,16.400569213307108,4.9934496272694595,55.8,20.605921439211937,22.2984076421072,10.238980531692505
C0054,128x128x64_selu_adam_lr0.01_wd0.001_do0_bs32_ns0_lossmee,128x128x64,3,320,selu,adam,mee,0.01,0.001,0.0,32,0.0,,,,21.397377941838023,0.8933458487414193,18.361421449853673,3.0359564919843507,44.2,20.598146783788792,22.577300662961555,7.496129751205444
C0286,128x128x64_elu_radam_lr0.01_wd0.001_do0_bs32_ns0_lossmse,128x128x64,3,320,elu,radam,mse,0.01,0.001,0.0,32,0.0,,,,21.399348547348104,1.3476678966393842,18.77562566814325,2.6237228792048555,58.4,20.238866387064274,23.535931564616277,9.931029558181763
C0498,256x128x64_elu_nadam_lr0.003_wd0.001_do0_bs32_ns0_lossmee,256x128x64,3,448,elu,nadam,mee,0.003,0.001,0.0,32,0.0,,,,21.401434086908413,1.063488507560425,17.887897418956495,3.513536667951918,40.6,20.15611292220721,22.834773408107086,9.642849922180176
C0475,256x128x64_selu_nadam_lr0.003_wd0.0001_do0_bs32_ns0_lossmse,256x128x64,3,448,selu,nadam,mse,0.003,0.0001,0.0,32,0.0,,,,21.403279982253604,0.9300512520398115,18.639691675165256,2.763588307088348,52.0,19.821637802812155,22.08453531992371,10.968971252441406
C0187,128x128x64_selu_nadam_lr0.003_wd0.0001_do0_bs32_ns0_lossmse,128x128x64,3,320,selu,nadam,mse,0.003,0.0001,0.0,32,0.0,,,,21.405663537506808,0.4336872052982617,19.076288557110395,2.3293749803964126,58.0,20.91048758099886,22.037739272415127,9.304534912109375
C0113,128x128x64_selu_adamw_lr0.001_wd0.001_do0_bs32_ns0_losshuber,128x128x64,3,320,selu,adamw,huber,0.001,0.001,0.0,32,0.0,,,,21.40899184274083,0.3948888039356254,17.83457048102911,3.5744213617117175,96.8,20.865720416425507,21.878987736705476,12.313068628311157
C0508,256x128x64_relu_radam_lr0.001_wd0.001_do0_bs32_ns0_lossmse,256x128x64,3,448,relu,radam,mse,0.001,0.001,0.0,32,0.0,,,,21.415317373508277,0.6613675526703051,17.65094513458957,3.764372238918707,90.4,20.671101562104997,22.03176110386649,13.479422092437744
C0332,256x128x64_selu_adam_lr0.003_wd0.0001_do0_bs32_ns0_losshuber,256x128x64,3,448,selu,adam,huber,0.003,0.0001,0.0,32,0.0,,,,21.418710729935338,0.7829015564675357,17.34869487373181,4.070015856203529,55.2,20.44908894716467,22.234267749393695,10.879141330718994
C0006,128x128x64_relu_adam_lr0.001_wd0.001_do0_bs32_ns0_lossmee,128x128x64,3,320,relu,adam,mee,0.001,0.001,0.0,32,0.0,,,,21.421759309794687,1.07200838300747,17.096935975097413,4.324823334697275,55.8,19.832290257447653,22.518652364327576,7.141000986099243
C0572,256x128x64_elu_radam_lr0.01_wd0.0001_do0_bs32_ns0_losshuber,256x128x64,3,448,elu,radam,huber,0.01,0.0001,0.0,32,0.0,,,,21.428099804945838,0.7039852383092718,17.46750257784915,3.960597227096688,54.2,20.739976686553593,22.529441062442935,12.270240783691406
C0206,128x128x64_elu_nadam_lr0.003_wd0.0001_do0_bs32_ns0_losshuber,128x128x64,3,320,elu,nadam,huber,0.003,0.0001,0.0,32,0.0,,,,21.43048128927963,0.6046892694662077,18.070991240487444,3.3594900487921855,50.4,20.6222936413763,22.242344685101763,8.867833375930786
C0350,256x128x64_elu_adam_lr0.003_wd0.0001_do0_bs32_ns0_losshuber,256x128x64,3,448,elu,adam,huber,0.003,0.0001,0.0,32,0.0,,,,21.435533312942088,0.7207630771854288,17.463499380152353,3.972033932789735,47.0,20.613063407543052,22.53411955593266,9.671891689300537
C0425,256x128x64_elu_adamw_lr0.003_wd0.001_do0_bs32_ns0_losshuber,256x128x64,3,448,elu,adamw,huber,0.003,0.001,0.0,32,0.0,,,,21.435617551273552,0.5575804328132972,16.95792305812996,4.477694493143591,52.2,20.658864380413256,22.16509365339697,10.397662878036499
C0078,128x128x64_relu_adamw_lr0.001_wd0.001_do0_bs32_ns0_lossmee,128x128x64,3,320,relu,adamw,mee,0.001,0.001,0.0,32,0.0,,,,21.44432328113148,1.0417749858902317,16.386890951476776,5.057432329654706,56.8,19.90744290803104,22.58625707646127,8.885112524032593
C0067,128x128x64_elu_adam_lr0.01_wd0.0001_do0_bs32_ns0_lossmse,128x128x64,3,320,elu,adam,mse,0.01,0.0001,0.0,32,0.0,,,,21.44939674130072,0.5941196066677684,17.24653219264173,4.20286454865899,48.4,20.93819993219815,22.457370966529776,8.40845775604248
C0349,256x128x64_elu_adam_lr0.003_wd0.0001_do0_bs32_ns0_lossmse,256x128x64,3,448,elu,adam,mse,0.003,0.0001,0.0,32,0.0,,,,21.45046358683064,0.5662867851983611,18.100678888034714,3.3497846987959257,46.0,20.75919753964368,22.301911462426574,9.653151988983154
C0424,256x128x64_elu_adamw_lr0.003_wd0.001_do0_bs32_ns0_lossmse,256x128x64,3,448,elu,adamw,mse,0.003,0.001,0.0,32,0.0,,,,21.450781561460445,0.5846751248409755,18.06721133483734,3.3835702266231067,46.0,20.72707230376639,22.31585429977178,9.472508430480957
C0488,256x128x64_elu_nadam_lr0.001_wd0.0001_do0_bs32_ns0_losshuber,256x128x64,3,448,elu,nadam,huber,0.001,0.0001,0.0,32,0.0,,,,21.450793365040077,0.768362336457122,18.553625887255354,2.8971674777847234,70.0,20.68313799498267,22.727335968735154,13.090462684631348
C0147,128x128x64_relu_nadam_lr0.001_wd0.0001_do0_bs32_ns0_lossmee,128x128x64,3,320,relu,nadam,mee,0.001,0.0001,0.0,32,0.0,,,,21.451664038941942,0.7165635576275476,15.970590992750369,5.4810730461915735,61.6,20.645748404566195,22.419400689391914,10.432777643203735
C0421,256x128x64_elu_adamw_lr0.003_wd0.0001_do0_bs32_ns0_lossmse,256x128x64,3,448,elu,adamw,mse,0.003,0.0001,0.0,32,0.0,,,,21.453118860146052,0.5882035082523411,18.06511231362157,3.3880065465244833,46.0,20.725828304512483,22.318533628640438,9.43558955192566
C0226,128x128x64_relu_radam_lr0.003_wd0.001_do0_bs32_ns0_lossmse,128x128x64,3,320,relu,radam,mse,0.003,0.001,0.0,32,0.0,,,,21.45314014431149,0.6904935757779862,17.921097290559597,3.532042853751893,63.8,20.65857919935562,22.435965240670562,10.436876058578491
C0573,256x128x64_elu_radam_lr0.01_wd0.0001_do0_bs32_ns0_lossmee,256x128x64,3,448,elu,radam,mee,0.01,0.0001,0.0,32,0.0,,,,21.45751024968112,0.9702060908232415,18.42727527156332,3.0302349781178,43.4,20.308362720171807,22.782392349538036,11.013595819473267
C0503,256x128x64_elu_nadam_lr0.01_wd0.001_do0_bs32_ns0_losshuber,256x128x64,3,448,elu,nadam,huber,0.01,0.001,0.0,32,0.0,,,,21.463820233570846,0.9079203265531783,20.1755685811854,1.2882516523854477,44.8,20.128989829709628,22.224641066935323,9.88251280784607
C0124,128x128x64_selu_adamw_lr0.01_wd0.001_do0_bs32_ns0_lossmse,128x128x64,3,320,selu,adamw,mse,0.01,0.001,0.0,32,0.0,,,,21.464236802854554,1.0796643827249857,17.39073095103666,4.073505851817895,57.0,20.17336468031204,22.991976552437638,8.587687730789185
C0470,256x128x64_selu_nadam_lr0.001_wd0.0001_do0_bs32_ns0_losshuber,256x128x64,3,448,selu,nadam,huber,0.001,0.0001,0.0,32,0.0,,,,21.466526078988707,0.430380464059114,18.748564619539366,2.7179614594493415,79.4,21.023697176710204,22.169955597518634,14.876307487487793
C0334,256x128x64_selu_adam_lr0.003_wd0.001_do0_bs32_ns0_lossmse,256x128x64,3,448,selu,adam,mse,0.003,0.001,0.0,32,0.0,,,,21.469598326818907,1.3323989404630883,18.415902395117143,3.053695931701764,67.8,19.912695562040984,23.339637045593953,12.60274863243103
C0193,128x128x64_selu_nadam_lr0.01_wd0.0001_do0_bs32_ns0_lossmse,128x128x64,3,320,selu,nadam,mse,0.01,0.0001,0.0,32,0.0,,,,21.472987818603286,0.5698955860870846,18.85146749386583,2.6215203247374568,41.8,20.559123439763738,22.05905584631685,7.458798885345459
C0490,256x128x64_elu_nadam_lr0.001_wd0.001_do0_bs32_ns0_lossmse,256x128x64,3,448,elu,nadam,mse,0.001,0.001,0.0,32,0.0,,,,21.474580669847004,0.8291260420802998,18.934616910496448,2.539963759350556,78.8,20.6087855895882,22.74525152950513,15.219924211502075
C0052,128x128x64_selu_adam_lr0.01_wd0.001_do0_bs32_ns0_lossmse,128x128x64,3,320,selu,adam,mse,0.01,0.001,0.0,32,0.0,,,,21.48080419329109,1.0806220197620862,18.572753246393667,2.908050946897422,49.4,20.602121770757623,23.064604221372555,7.370891809463501
C0487,256x128x64_elu_nadam_lr0.001_wd0.0001_do0_bs32_ns0_lossmse,256x128x64,3,448,elu,nadam,mse,0.001,0.0001,0.0,32,0.0,,,,21.481090181698608,0.8078564735855517,18.69123214953496,2.7898580321636466,78.8,20.634288572963907,22.722061016883572,11.861349821090698
C0237,128x128x64_gelu_radam_lr0.001_wd0.0001_do0_bs32_ns0_lossmee,128x128x64,3,320,gelu,radam,mee,0.001,0.0001,0.0,32,0.0,,,,21.483861079470504,1.0869389393799616,18.24389392898046,3.2399671504900454,73.2,19.905126755584718,22.654710919890512,13.943310499191284
C0240,128x128x64_gelu_radam_lr0.001_wd0.001_do0_bs32_ns0_lossmee,128x128x64,3,320,gelu,radam,mee,0.001,0.001,0.0,32,0.0,,,,21.487234052924897,1.074149340407763,18.380243704039277,3.1069903488856205,76.8,19.924400511540785,22.648857231734894,14.307410717010498
C0228,128x128x64_relu_radam_lr0.003_wd0.001_do0_bs32_ns0_lossmee,128x128x64,3,320,relu,radam,mee,0.003,0.001,0.0,32,0.0,,,,21.493308106145072,0.7258328640883502,17.531367058623,3.961941047522071,51.4,20.536926695603754,22.257289237093254,9.283116102218628
C0491,256x128x64_elu_nadam_lr0.001_wd0.001_do0_bs32_ns0_losshuber,256x128x64,3,448,elu,nadam,huber,0.001,0.001,0.0,32,0.0,,,,21.49525866930435,0.86733683148042,18.920662887379006,2.5745957819253427,80.2,20.616379165099172,22.776593033323593,15.664343118667603
C0038,128x128x64_selu_adam_lr0.001_wd0.0001_do0_bs32_ns0_losshuber,128x128x64,3,320,selu,adam,huber,0.001,0.0001,0.0,32,0.0,,,,21.499372225548044,0.4480975583918912,18.352581105577617,3.146791119970427,86.4,20.962223406160273,22.137413203802012,11.056900978088379
C0227,128x128x64_relu_radam_lr0.003_wd0.001_do0_bs32_ns0_losshuber,128x128x64,3,320,relu,radam,huber,0.003,0.001,0.0,32,0.0,,,,21.500438628171445,0.8945562277782761,18.285526539952233,3.2149120882192115,62.8,20.523111072038915,22.663053125629382,10.31081748008728
C0481,256x128x64_selu_nadam_lr0.01_wd0.0001_do0_bs32_ns0_lossmse,256x128x64,3,448,selu,nadam,mse,0.01,0.0001,0.0,32,0.0,,,,21.500762181195874,0.597551918357548,18.197886260974908,3.3028759202209663,45.2,20.745780029542367,22.09987970093274,9.774580240249634
C0472,256x128x64_selu_nadam_lr0.001_wd0.001_do0_bs32_ns0_lossmse,256x128x64,3,448,selu,nadam,mse,0.001,0.001,0.0,32,0.0,,,,21.502156404577796,0.3447201306112308,19.126520556354333,2.375635848223464,80.2,21.012822367973328,21.947899971462725,15.013146162033081
C0220,128x128x64_relu_radam_lr0.001_wd0.001_do0_bs32_ns0_lossmse,128x128x64,3,320,relu,radam,mse,0.001,0.001,0.0,32,0.0,,,,21.503723407440717,0.5510307542461312,17.486167460044864,4.017555947395852,117.8,20.789944235814207,22.34024066200448,17.615042448043823
C0360,256x128x64_elu_adam_lr0.01_wd0.001_do0_bs32_ns0_lossmee,256x128x64,3,448,elu,adam,mee,0.01,0.001,0.0,32,0.0,,,,21.5089836966628,0.5338758058713335,18.41861899521996,3.090364701442841,31.4,20.688498918491966,22.11680344292792,7.750336170196533
C0150,128x128x64_relu_nadam_lr0.001_wd0.001_do0_bs32_ns0_lossmee,128x128x64,3,320,relu,nadam,mee,0.001,0.001,0.0,32,0.0,,,,21.5126390879788,0.79984834106611,16.619637360189948,4.893001727788853,54.8,20.21646800057143,22.37137576036624,9.101430177688599
C0142,128x128x64_elu_adamw_lr0.01_wd0.001_do0_bs32_ns0_lossmse,128x128x64,3,320,elu,adamw,mse,0.01,0.001,0.0,32,0.0,,,,21.51306362387374,0.6042765809134547,17.18649510272281,4.326568521150932,47.8,20.97415282124802,22.51225330744287,7.564997911453247
C0287,128x128x64_elu_radam_lr0.01_wd0.001_do0_bs32_ns0_losshuber,128x128x64,3,320,elu,radam,huber,0.01,0.001,0.0,32,0.0,,,,21.515178715472167,1.0790620852464774,19.400381845911355,2.114796869560813,50.2,19.817146478564105,22.689727776318172,10.290745496749878
C0062,128x128x64_elu_adam_lr0.003_wd0.0001_do0_bs32_ns0_losshuber,128x128x64,3,320,elu,adam,huber,0.003,0.0001,0.0,32,0.0,,,,21.51585289509435,0.8359280223756838,17.923726093058924,3.592126802035427,49.4,20.578818141654136,22.787680523988616,7.393441915512085
C0269,128x128x64_selu_radam_lr0.01_wd0.001_do0_bs32_ns0_losshuber,128x128x64,3,320,selu,radam,huber,0.01,0.001,0.0,32,0.0,,,,21.52355860880806,1.2077764504552122,20.063592886614586,1.4599657221934734,51.4,20.497746670406997,23.141483204398448,11.466809749603271
C0351,256x128x64_elu_adam_lr0.003_wd0.0001_do0_bs32_ns0_lossmee,256x128x64,3,448,elu,adam,mee,0.003,0.0001,0.0,32,0.0,,,,21.524323591313895,0.9403892490757849,16.53414189101003,4.990181700303864,49.2,20.145615890744935,22.67321964174426,10.411318302154541
C0210,128x128x64_elu_nadam_lr0.003_wd0.001_do0_bs32_ns0_lossmee,128x128x64,3,320,elu,nadam,mee,0.003,0.001,0.0,32,0.0,,,,21.528284163275025,0.8810385687210367,17.431485390642603,4.096798772632422,56.0,20.464045333342,22.84462212299232,9.514989614486694
C0223,128x128x64_relu_radam_lr0.003_wd0.0001_do0_bs32_ns0_lossmse,128x128x64,3,320,relu,radam,mse,0.003,0.0001,0.0,32,0.0,,,,21.53054705717348,0.5279323915150281,17.192351496072042,4.338195561101436,59.0,20.704818559280334,22.093936212411872,10.27799129486084
C0422,256x128x64_elu_adamw_lr0.003_wd0.0001_do0_bs32_ns0_losshuber,256x128x64,3,448,elu,adamw,huber,0.003,0.0001,0.0,32,0.0,,,,21.533193054143215,0.7229898070958607,17.56764157131881,3.965551482824406,44.6,20.664486090960455,22.634170197963023,9.256983518600464
C0040,128x128x64_selu_adam_lr0.001_wd0.001_do0_bs32_ns0_lossmse,128x128x64,3,320,selu,adam,mse,0.001,0.001,0.0,32,0.0,,,,21.53355324984397,0.5780679324528237,18.857049281957586,2.676503967886383,89.0,20.709426662089662,22.280952943235583,11.397622108459473
C0139,128x128x64_elu_adamw_lr0.01_wd0.0001_do0_bs32_ns0_lossmse,128x128x64,3,320,elu,adamw,mse,0.01,0.0001,0.0,32,0.0,,,,21.534719541353372,0.6158162418117952,17.49254513104277,4.042174410310601,44.4,20.985868860347445,22.542849208695902,7.160921812057495
C0399,256x128x64_selu_adamw_lr0.001_wd0.0001_do0_bs32_ns0_lossmee,256x128x64,3,448,selu,adamw,mee,0.001,0.0001,0.0,32,0.0,,,,21.54026662327652,0.6090963630646007,17.9065395970703,3.63372702620622,82.2,20.702050722398717,22.26524116408611,14.982941389083862
C0053,128x128x64_selu_adam_lr0.01_wd0.001_do0_bs32_ns0_losshuber,128x128x64,3,320,selu,adam,huber,0.01,0.001,0.0,32,0.0,,,,21.544381319253652,0.49330960996640244,20.10581914926876,1.4385621699848912,32.6,21.017767232434103,22.210182556268435,5.49101996421814
C0469,256x128x64_selu_nadam_lr0.001_wd0.0001_do0_bs32_ns0_lossmse,256x128x64,3,448,selu,nadam,mse,0.001,0.0001,0.0,32,0.0,,,,21.54555337511344,0.3878339975787845,18.80281293361233,2.742740441501109,81.2,21.091719739936185,22.107113001589717,15.189788818359375
C0553,256x128x64_selu_radam_lr0.01_wd0.0001_do0_bs32_ns0_lossmse,256x128x64,3,448,selu,radam,mse,0.01,0.0001,0.0,32,0.0,,,,21.546568894744482,0.499573200891652,18.317354965185864,3.229213929558618,56.2,21.087391342574556,22.321474187970075,12.91236925125122
C0217,128x128x64_relu_radam_lr0.001_wd0.0001_do0_bs32_ns0_lossmse,128x128x64,3,320,relu,radam,mse,0.001,0.0001,0.0,32,0.0,,,,21.546579402057223,0.5256304368380954,16.91999142278628,4.626587979270944,102.2,20.735918192426077,22.080504614451037,14.842890977859497
C0278,128x128x64_elu_radam_lr0.003_wd0.0001_do0_bs32_ns0_losshuber,128x128x64,3,320,elu,radam,huber,0.003,0.0001,0.0,32,0.0,,,,21.554481229599247,0.621393481136028,17.973759493886813,3.5807217357124337,97.8,20.959508646775284,22.59340729977538,19.912832021713257
C0426,256x128x64_elu_adamw_lr0.003_wd0.001_do0_bs32_ns0_lossmee,256x128x64,3,448,elu,adamw,mee,0.003,0.001,0.0,32,0.0,,,,21.55695563580907,0.9523317796931535,16.458003707323527,5.098951928485544,49.2,20.108068929003526,22.690397646769007,10.57266092300415
C0423,256x128x64_elu_adamw_lr0.003_wd0.0001_do0_bs32_ns0_lossmee,256x128x64,3,448,elu,adamw,mee,0.003,0.0001,0.0,32,0.0,,,,21.562502843332158,0.9595445924594005,16.45117110880151,5.111331734530648,49.2,20.096962685655512,22.702176769136248,10.371283054351807
C0041,128x128x64_selu_adam_lr0.001_wd0.001_do0_bs32_ns0_losshuber,128x128x64,3,320,selu,adam,huber,0.001,0.001,0.0,32,0.0,,,,21.564183894272002,0.4154237757408182,18.607983308883103,2.956200585388899,94.8,20.883368970030194,21.911784683686207,12.029803037643433
C0327,256x128x64_selu_adam_lr0.001_wd0.0001_do0_bs32_ns0_lossmee,256x128x64,3,448,selu,adam,mee,0.001,0.0001,0.0,32,0.0,,,,21.5657319657126,0.5831756850231978,17.916144628592633,3.649587337119968,82.2,20.747139739014187,22.270593317633615,15.94702410697937
C0504,256x128x64_elu_nadam_lr0.01_wd0.001_do0_bs32_ns0_lossmee,256x128x64,3,448,elu,nadam,mee,0.01,0.001,0.0,32,0.0,,,,21.56785117241249,0.423919638018582,18.36384928166656,3.2040018907459284,35.4,20.909087764981173,22.046703647013192,8.819696187973022
C0428,256x128x64_elu_adamw_lr0.01_wd0.0001_do0_bs32_ns0_losshuber,256x128x64,3,448,elu,adamw,huber,0.01,0.0001,0.0,32,0.0,,,,21.57293362978645,0.7173484792432349,18.186078128886674,3.3868555008997774,27.2,20.462561647189194,22.37131754091742,6.914064407348633
C0112,128x128x64_selu_adamw_lr0.001_wd0.001_do0_bs32_ns0_lossmse,128x128x64,3,320,selu,adamw,mse,0.001,0.001,0.0,32,0.0,,,,21.573449331823248,0.5484689769578759,18.74892286389535,2.8245264679278996,82.2,20.767420106410462,22.30944827546542,10.771461963653564
C0325,256x128x64_selu_adam_lr0.001_wd0.0001_do0_bs32_ns0_lossmse,256x128x64,3,448,selu,adam,mse,0.001,0.0001,0.0,32,0.0,,,,21.576980200792388,0.5295239741436963,18.516402877722776,3.0605773230696123,79.0,20.876822247555026,22.28926639840048,14.52794361114502
C0211,128x128x64_elu_nadam_lr0.01_wd0.0001_do0_bs32_ns0_lossmse,128x128x64,3,320,elu,nadam,mse,0.01,0.0001,0.0,32,0.0,,,,21.577605440482436,0.408073603471918,18.333389862702674,3.2442155777797623,37.0,21.111405767014922,21.924515409654326,6.8181846141815186
C0431,256x128x64_elu_adamw_lr0.01_wd0.001_do0_bs32_ns0_losshuber,256x128x64,3,448,elu,adamw,huber,0.01,0.001,0.0,32,0.0,,,,21.5785090867339,0.7148985629647808,18.204747651863762,3.3737614348701364,27.2,20.47920930545567,22.385120547734985,6.8163464069366455
C0507,256x128x64_relu_radam_lr0.001_wd0.0001_do0_bs32_ns0_lossmee,256x128x64,3,448,relu,radam,mee,0.001,0.0001,0.0,32,0.0,,,,21.580981210922015,0.4609651139673742,16.44693634926468,5.134044861657337,86.0,21.041814476750762,22.189821621814794,16.147026538848877
C0109,128x128x64_selu_adamw_lr0.001_wd0.0001_do0_bs32_ns0_lossmse,128x128x64,3,320,selu,adamw,mse,0.001,0.0001,0.0,32,0.0,,,,21.58167991529128,0.5272032764452773,18.804804729445564,2.7768751858457144,81.2,20.803995527769594,22.285479921859668,11.298201560974121
C0260,128x128x64_selu_radam_lr0.003_wd0.0001_do0_bs32_ns0_losshuber,128x128x64,3,320,selu,radam,huber,0.003,0.0001,0.0,32,0.0,,,,21.582649506430933,0.3022879969346456,18.237780278294288,3.344869228136645,87.2,21.241058874669456,22.061232845908886,17.636093139648438
C0407,256x128x64_selu_adamw_lr0.003_wd0.001_do0_bs32_ns0_losshuber,256x128x64,3,448,selu,adamw,huber,0.003,0.001,0.0,32,0.0,,,,21.58420537567948,0.6308232368902988,17.7670080806342,3.8171972950452826,46.6,20.8735526229272,22.225061006252673,9.590335130691528
C0045,128x128x64_selu_adam_lr0.003_wd0.0001_do0_bs32_ns0_lossmee,128x128x64,3,320,selu,adam,mee,0.003,0.0001,0.0,32,0.0,,,,21.588075287497286,0.8142352935070593,18.27316366764851,3.3149116198487754,46.2,20.686375906308342,22.592041888063697,7.596422433853149
C0046,128x128x64_selu_adam_lr0.003_wd0.001_do0_bs32_ns0_lossmse,128x128x64,3,320,selu,adam,mse,0.003,0.001,0.0,32,0.0,,,,21.593267876659922,0.9308099687581386,18.748930503307754,2.844337373352168,60.8,20.680804988611005,22.67082670792073,8.771997928619385
C0355,256x128x64_elu_adam_lr0.01_wd0.0001_do0_bs32_ns0_lossmse,256x128x64,3,448,elu,adam,mse,0.01,0.0001,0.0,32,0.0,,,,21.59387243762354,0.6971407017837903,18.57941588419855,3.0144565534249885,38.4,20.8667636863241,22.659903096474608,8.600355625152588
C0492,256x128x64_elu_nadam_lr0.001_wd0.001_do0_bs32_ns0_lossmee,256x128x64,3,448,elu,nadam,mee,0.001,0.001,0.0,32,0.0,,,,21.594006618698792,0.9792209230286302,17.9458053007352,3.6482013179635935,79.8,20.568764930817718,22.97009618381088,16.034785985946655
C0208,128x128x64_elu_nadam_lr0.003_wd0.001_do0_bs32_ns0_lossmse,128x128x64,3,320,elu,nadam,mse,0.003,0.001,0.0,32,0.0,,,,21.594147377892895,0.8163368304306992,19.177794929910554,2.416352447982341,49.0,20.637853294723783,22.882729308432157,8.243980407714844
C0500,256x128x64_elu_nadam_lr0.01_wd0.0001_do0_bs32_ns0_losshuber,256x128x64,3,448,elu,nadam,huber,0.01,0.0001,0.0,32,0.0,,,,21.5972303760787,0.3632025629862824,17.437864436768393,4.159365939310305,34.8,21.171157197642657,22.15042889740326,8.403393268585205
C0356,256x128x64_elu_adam_lr0.01_wd0.0001_do0_bs32_ns0_losshuber,256x128x64,3,448,elu,adam,huber,0.01,0.0001,0.0,32,0.0,,,,21.59750622313694,0.6414017137532333,17.836325826332413,3.7611803968045265,30.4,20.659357649739672,22.404559621141107,7.62101674079895
C0120,128x128x64_selu_adamw_lr0.003_wd0.001_do0_bs32_ns0_lossmee,128x128x64,3,320,selu,adamw,mee,0.003,0.001,0.0,32,0.0,,,,21.60214749827932,0.7428633254977537,18.171913084854676,3.4302344134246425,46.6,20.84741680104956,22.368736755164967,7.984679937362671
C0121,128x128x64_selu_adamw_lr0.01_wd0.0001_do0_bs32_ns0_lossmse,128x128x64,3,320,selu,adamw,mse,0.01,0.0001,0.0,32,0.0,,,,21.603328297104234,0.9762316411520375,18.369074348371175,3.234253948733059,44.8,20.591872008158617,22.97956616844573,7.183777332305908
C0037,128x128x64_selu_adam_lr0.001_wd0.0001_do0_bs32_ns0_lossmse,128x128x64,3,320,selu,adam,mse,0.001,0.0001,0.0,32,0.0,,,,21.60650976523765,0.5515559355726236,18.93103881198551,2.675470953252141,76.8,20.778790999180462,22.323858250342614,10.135772228240967
C0117,128x128x64_selu_adamw_lr0.003_wd0.0001_do0_bs32_ns0_lossmee,128x128x64,3,320,selu,adamw,mee,0.003,0.0001,0.0,32,0.0,,,,21.614080482162972,0.7604084343256201,17.5930336366178,4.021046845545172,48.8,20.785844896229673,22.44746819664846,8.111065149307251
C0212,128x128x64_elu_nadam_lr0.01_wd0.0001_do0_bs32_ns0_losshuber,128x128x64,3,320,elu,nadam,huber,0.01,0.0001,0.0,32,0.0,,,,21.616579319362977,0.5918985206758338,17.24980295207044,4.3667763672925375,37.6,20.888658977974693,22.271642314111496,6.676788568496704
C0333,256x128x64_selu_adam_lr0.003_wd0.0001_do0_bs32_ns0_lossmee,256x128x64,3,448,selu,adam,mee,0.003,0.0001,0.0,32,0.0,,,,21.616740348293916,1.1428097346975599,17.72829409499671,3.8884462532972073,46.2,19.781131990578103,22.696975283812737,10.050080299377441
C0196,128x128x64_selu_nadam_lr0.01_wd0.001_do0_bs32_ns0_lossmse,128x128x64,3,320,selu,nadam,mse,0.01,0.001,0.0,32,0.0,,,,21.621736204647476,0.7179480023271552,19.459993599998107,2.161742604649369,38.6,20.716746194527445,22.665291843364137,6.961406469345093
C0336,256x128x64_selu_adam_lr0.003_wd0.001_do0_bs32_ns0_lossmee,256x128x64,3,448,selu,adam,mee,0.003,0.001,0.0,32,0.0,,,,21.621985118084194,1.2016988965632045,17.304882571342667,4.317102546741527,52.6,19.723199088289412,22.675500142128715,11.07751202583313
C0400,256x128x64_selu_adamw_lr0.001_wd0.001_do0_bs32_ns0_lossmse,256x128x64,3,448,selu,adamw,mse,0.001,0.001,0.0,32,0.0,,,,21.62238871187559,0.568634725998335,19.018006903321343,2.6043818085542476,70.8,20.956014994076703,22.315223950442284,12.186105012893677
C0221,128x128x64_relu_radam_lr0.001_wd0.001_do0_bs32_ns0_losshuber,128x128x64,3,320,relu,radam,huber,0.001,0.001,0.0,32,0.0,,,,21.622955777490155,0.528970738790075,17.933860097307807,3.689095680182348,110.8,20.828489071699497,22.275391118604894,16.680606365203857
C0510,256x128x64_relu_radam_lr0.001_wd0.001_do0_bs32_ns0_lossmee,256x128x64,3,448,relu,radam,mee,0.001,0.001,0.0,32,0.0,,,,21.624355710969,0.5545486211865609,16.892049852630798,4.732305858338201,82.0,20.84188777937127,22.258588337623774,17.84495186805725
C0404,256x128x64_selu_adamw_lr0.003_wd0.0001_do0_bs32_ns0_losshuber,256x128x64,3,448,selu,adamw,huber,0.003,0.0001,0.0,32,0.0,,,,21.625974024783414,0.6586367684793916,17.8658889617836,3.7600850629998135,45.2,20.804709263695095,22.30589732573116,9.40301775932312
C0550,256x128x64_selu_radam_lr0.003_wd0.001_do0_bs32_ns0_lossmse,256x128x64,3,448,selu,radam,mse,0.003,0.001,0.0,32,0.0,,,,21.628349933166493,1.4649916796903224,19.085580185070604,2.542769748095889,75.8,19.957636199814537,23.97677683981771,16.145092010498047
C0049,128x128x64_selu_adam_lr0.01_wd0.0001_do0_bs32_ns0_lossmse,128x128x64,3,320,selu,adam,mse,0.01,0.0001,0.0,32,0.0,,,,21.62877769342542,0.9695700473912834,18.50257927396415,3.126198419461268,43.0,20.68116839155485,22.982947582482737,6.687621593475342
C0137,128x128x64_elu_adamw_lr0.003_wd0.001_do0_bs32_ns0_losshuber,128x128x64,3,320,elu,adamw,huber,0.003,0.001,0.0,32,0.0,,,,21.63032717246539,0.8153905892081679,17.761644648687557,3.8686825237778315,49.4,20.63946604665581,22.857762760334175,7.564492702484131
C0555,256x128x64_selu_radam_lr0.01_wd0.0001_do0_bs32_ns0_lossmee,256x128x64,3,448,selu,radam,mee,0.01,0.0001,0.0,32,0.0,,,,21.634368637670907,0.6240267996954296,18.15266635983603,3.481702277834877,50.0,20.98897195436708,22.419857436106007,12.528064012527466
C0134,128x128x64_elu_adamw_lr0.003_wd0.0001_do0_bs32_ns0_losshuber,128x128x64,3,320,elu,adamw,huber,0.003,0.0001,0.0,32,0.0,,,,21.640653755432094,0.8131197132801014,18.12306744579531,3.5175863096367834,45.4,20.647997764015418,22.863306954651584,6.929569482803345
C0284,128x128x64_elu_radam_lr0.01_wd0.0001_do0_bs32_ns0_losshuber,128x128x64,3,320,elu,radam,huber,0.01,0.0001,0.0,32,0.0,,,,21.64577688509828,1.0324926961568042,17.89814313177952,3.747633753318759,55.0,20.37233356916059,23.09489355444157,9.382167100906372
C0558,256x128x64_selu_radam_lr0.01_wd0.001_do0_bs32_ns0_lossmee,256x128x64,3,448,selu,radam,mee,0.01,0.001,0.0,32,0.0,,,,21.646692319902105,0.5426886832971721,19.52778105555077,2.118911264351336,40.0,21.015855185505494,22.438894516159657,10.524715185165405
C0480,256x128x64_selu_nadam_lr0.003_wd0.001_do0_bs32_ns0_lossmee,256x128x64,3,448,selu,nadam,mee,0.003,0.001,0.0,32,0.0,,,,21.647734422053787,0.7582704985774493,18.780066112796256,2.8676683092575317,43.6,20.441804824227933,22.202207888570843,10.08774209022522
C0489,256x128x64_elu_nadam_lr0.001_wd0.0001_do0_bs32_ns0_lossmee,256x128x64,3,448,elu,nadam,mee,0.001,0.0001,0.0,32,0.0,,,,21.648459735487663,0.938232282146888,18.06121920265061,3.587240532837054,71.8,20.63757465530286,22.930695423416388,14.975439548492432
C0219,128x128x64_relu_radam_lr0.001_wd0.0001_do0_bs32_ns0_lossmee,128x128x64,3,320,relu,radam,mee,0.001,0.0001,0.0,32,0.0,,,,21.649806220528745,0.6162862658136117,17.000265739306094,4.649540481222651,95.4,20.83144350053299,22.388176129260764,15.214483737945557
C0427,256x128x64_elu_adamw_lr0.01_wd0.0001_do0_bs32_ns0_lossmse,256x128x64,3,448,elu,adamw,mse,0.01,0.0001,0.0,32,0.0,,,,21.653021782391313,0.634091099517212,18.52863194998547,3.124389832405843,38.4,21.084345598100647,22.66213155118955,8.597126483917236
C0398,256x128x64_selu_adamw_lr0.001_wd0.0001_do0_bs32_ns0_losshuber,256x128x64,3,448,selu,adamw,huber,0.001,0.0001,0.0,32,0.0,,,,21.65565158379191,1.1645799082823607,18.23183228469411,3.4238192990978007,81.2,20.342668771525013,23.49387757428502,14.656358242034912
C0430,256x128x64_elu_adamw_lr0.01_wd0.001_do0_bs32_ns0_lossmse,256x128x64,3,448,elu,adamw,mse,0.01,0.001,0.0,32,0.0,,,,21.655664409205333,0.6366157954597423,18.545520792032608,3.1101436171727244,38.4,21.094438545195445,22.665869037253564,8.455881834030151
C0207,128x128x64_elu_nadam_lr0.003_wd0.0001_do0_bs32_ns0_lossmee,128x128x64,3,320,elu,nadam,mee,0.003,0.0001,0.0,32,0.0,,,,21.659023275794134,0.8625070513227865,17.3313437855826,4.327679490211533,48.4,20.507826689634715,22.902263003388594,9.041893005371094
C0347,256x128x64_elu_adam_lr0.001_wd0.001_do0_bs32_ns0_losshuber,256x128x64,3,448,elu,adam,huber,0.001,0.001,0.0,32,0.0,,,,21.659093237515993,1.1056636236902257,18.907995655797766,2.751097581718227,71.4,20.67435149404688,23.476287989256946,13.071507692337036
C0357,256x128x64_elu_adam_lr0.01_wd0.0001_do0_bs32_ns0_lossmee,256x128x64,3,448,elu,adam,mee,0.01,0.0001,0.0,32,0.0,,,,21.659590914095787,0.3390712984507117,17.123173510128122,4.536417403967665,35.4,21.26453325732666,21.986224068755806,8.463836193084717
C0205,128x128x64_elu_nadam_lr0.003_wd0.0001_do0_bs32_ns0_lossmse,128x128x64,3,320,elu,nadam,mse,0.003,0.0001,0.0,32,0.0,,,,21.659763108720743,0.7883498934129661,18.84087145608603,2.8188916526347114,46.6,20.714097029995134,22.88258372334867,8.2618088722229
C0408,256x128x64_selu_adamw_lr0.003_wd0.001_do0_bs32_ns0_lossmee,256x128x64,3,448,selu,adamw,mee,0.003,0.001,0.0,32,0.0,,,,21.662250070290657,1.0711505714507479,17.742423984110733,3.919826086179924,46.6,20.143916353418668,22.493026277455623,10.042360305786133
C0282,128x128x64_elu_radam_lr0.003_wd0.001_do0_bs32_ns0_lossmee,128x128x64,3,320,elu,radam,mee,0.003,0.001,0.0,32,0.0,,,,21.66432483432621,0.7971992021012689,18.40802235765263,3.2563024766735786,83.2,20.45954376696187,22.449959084398973,14.2066011428833
C0545,256x128x64_selu_radam_lr0.001_wd0.001_do0_bs32_ns0_losshuber,256x128x64,3,448,selu,radam,huber,0.001,0.001,0.0,32,0.0,,,,21.67041577161362,0.41058963920452773,19.062873912444594,2.607541859169025,122.8,21.263857059663007,22.1453571293144,23.712781190872192
C0326,256x128x64_selu_adam_lr0.001_wd0.0001_do0_bs32_ns0_losshuber,256x128x64,3,448,selu,adam,huber,0.001,0.0001,0.0,32,0.0,,,,21.67121881916763,1.0390469219330414,18.305603050362958,3.3656157688046733,84.0,20.908736680236586,23.480434857996023,15.214559555053711
C0259,128x128x64_selu_radam_lr0.003_wd0.0001_do0_bs32_ns0_lossmse,128x128x64,3,320,selu,radam,mse,0.003,0.0001,0.0,32,0.0,,,,21.675271909793885,0.5173879938260875,19.000312368179124,2.6749595416147613,83.8,21.018822169549185,22.073149202120742,17.44266939163208
C0072,128x128x64_elu_adam_lr0.01_wd0.001_do0_bs32_ns0_lossmee,128x128x64,3,320,elu,adam,mee,0.01,0.001,0.0,32,0.0,,,,21.679839029938147,0.8135614853942452,17.734477511082382,3.9453615188557656,38.6,20.723681885417403,22.50957497226941,7.210053443908691
C0111,128x128x64_selu_adamw_lr0.001_wd0.0001_do0_bs32_ns0_lossmee,128x128x64,3,320,selu,adamw,mee,0.001,0.0001,0.0,32,0.0,,,,21.680404542229702,0.8151337036661223,18.207070917281726,3.4733336249479763,83.2,20.816411605668524,22.974610343721263,11.68413519859314
C0412,256x128x64_selu_adamw_lr0.01_wd0.001_do0_bs32_ns0_lossmse,256x128x64,3,448,selu,adamw,mse,0.01,0.001,0.0,32,0.0,,,,21.681310451664167,0.7755533950199066,17.27268559316839,4.408624858495777,51.6,20.483612137653875,22.413974381614103,10.299543380737305
C0222,128x128x64_relu_radam_lr0.001_wd0.001_do0_bs32_ns0_lossmee,128x128x64,3,320,relu,radam,mee,0.001,0.001,0.0,32,0.0,,,,21.694802464787507,0.6129084938213938,17.595442722723384,4.099359742064124,88.2,20.728824846195725,22.28117148015636,15.197169065475464
C0566,256x128x64_elu_radam_lr0.003_wd0.0001_do0_bs32_ns0_losshuber,256x128x64,3,448,elu,radam,huber,0.003,0.0001,0.0,32,0.0,,,,21.698861993164485,0.6221472684661932,18.68361117640154,3.0152508167629435,63.4,20.89275706143847,22.398610558645025,13.967544794082642
C0218,128x128x64_relu_radam_lr0.001_wd0.0001_do0_bs32_ns0_losshuber,128x128x64,3,320,relu,radam,huber,0.001,0.0001,0.0,32,0.0,,,,21.701948500152568,0.49134375784978573,17.19783837388371,4.504110126268859,93.8,21.013995234259742,22.333014531444764,14.02953839302063
C0288,128x128x64_elu_radam_lr0.01_wd0.001_do0_bs32_ns0_lossmee,128x128x64,3,320,elu,radam,mee,0.01,0.001,0.0,32,0.0,,,,21.702824114767157,1.0497408353126314,18.42416795803401,3.278656156733149,52.8,20.371551932759036,23.131972334596092,17.49306321144104
C0043,128x128x64_selu_adam_lr0.003_wd0.0001_do0_bs32_ns0_lossmse,128x128x64,3,320,selu,adam,mse,0.003,0.0001,0.0,32,0.0,,,,21.703800187622228,0.9568336852366415,18.946919833747568,2.75688035387466,53.8,20.520506292196952,22.644493968787685,7.637712717056274
C0123,128x128x64_selu_adamw_lr0.01_wd0.0001_do0_bs32_ns0_lossmee,128x128x64,3,320,selu,adamw,mee,0.01,0.0001,0.0,32,0.0,,,,21.70587886706946,0.69616181474633,18.732037740198194,2.973841126871264,36.4,20.95345393681925,22.5195798458359,6.751209020614624
C0050,128x128x64_selu_adam_lr0.01_wd0.0001_do0_bs32_ns0_losshuber,128x128x64,3,320,selu,adam,huber,0.01,0.0001,0.0,32,0.0,,,,21.70609823552761,0.9626513761057566,19.423194255553746,2.282903979973863,28.6,20.551221612674695,22.899546191988765,5.144683122634888
C0048,128x128x64_selu_adam_lr0.003_wd0.001_do0_bs32_ns0_lossmee,128x128x64,3,320,selu,adam,mee,0.003,0.001,0.0,32,0.0,,,,21.706331482548734,0.747920727723897,18.82429287466207,2.8820386078866633,43.0,20.912645440234247,22.601108646980855,7.246227264404297
C0337,256x128x64_selu_adam_lr0.01_wd0.0001_do0_bs32_ns0_lossmse,256x128x64,3,448,selu,adam,mse,0.01,0.0001,0.0,32,0.0,,,,21.70702621963819,0.7217687903266428,17.34298725695384,4.364038962684351,53.0,20.57637931812339,22.38775643418355,10.550034284591675
C0541,256x128x64_selu_radam_lr0.001_wd0.0001_do0_bs32_ns0_lossmse,256x128x64,3,448,selu,radam,mse,0.001,0.0001,0.0,32,0.0,,,,21.71324471727736,0.37490851849995555,19.255055508114935,2.4581892091624233,114.0,21.23103442346137,22.239394841885655,22.43038296699524
C0405,256x128x64_selu_adamw_lr0.003_wd0.0001_do0_bs32_ns0_lossmee,256x128x64,3,448,selu,adamw,mee,0.003,0.0001,0.0,32,0.0,,,,21.71534298779088,1.206202276485545,17.773243959929808,3.9420990278610724,44.8,20.11304970765596,22.774244390116774,9.847511768341064
C0485,256x128x64_selu_nadam_lr0.01_wd0.001_do0_bs32_ns0_losshuber,256x128x64,3,448,selu,nadam,huber,0.01,0.001,0.0,32,0.0,,,,21.725768136976534,0.31071875860259174,20.38725099850969,1.3385171384668446,29.4,21.367578254119156,22.12280495897739,6.250401735305786
C0068,128x128x64_elu_adam_lr0.01_wd0.0001_do0_bs32_ns0_losshuber,128x128x64,3,320,elu,adam,huber,0.01,0.0001,0.0,32,0.0,,,,21.729237920888448,0.47087243514812266,18.895658840620865,2.833579080267583,26.0,21.210695445678276,22.404634006911696,5.4069108963012695
C0343,256x128x64_elu_adam_lr0.001_wd0.0001_do0_bs32_ns0_lossmse,256x128x64,3,448,elu,adam,mse,0.001,0.0001,0.0,32,0.0,,,,21.736612273774405,1.0511818832655009,18.607457075032748,3.129155198741657,75.0,21.024301765872565,23.57333975370024,13.705986738204956
C0544,256x128x64_selu_radam_lr0.001_wd0.001_do0_bs32_ns0_lossmse,256x128x64,3,448,selu,radam,mse,0.001,0.001,0.0,32,0.0,,,,21.740807821375196,0.39166959679704594,19.49313595904623,2.247671862328964,111.6,21.26245564420693,22.309560187627937,21.880494117736816
C0186,128x128x64_selu_nadam_lr0.001_wd0.001_do0_bs32_ns0_lossmee,128x128x64,3,320,selu,nadam,mee,0.001,0.001,0.0,32,0.0,,,,21.74490910473399,0.6641710553429798,18.78711919039542,2.9577899143385693,79.8,20.634437070428145,22.24653832831617,12.56464695930481
C0262,128x128x64_selu_radam_lr0.003_wd0.001_do0_bs32_ns0_lossmse,128x128x64,3,320,selu,radam,mse,0.003,0.001,0.0,32,0.0,,,,21.74605732873448,0.6724331133696644,19.502941367374234,2.243115961360246,77.6,20.862405002274254,22.42945767546643,15.591435432434082
C0402,256x128x64_selu_adamw_lr0.001_wd0.001_do0_bs32_ns0_lossmee,256x128x64,3,448,selu,adamw,mee,0.001,0.001,0.0,32,0.0,,,,21.747534301680712,0.7606927854336405,19.035449102898504,2.7120851987822086,58.8,20.700328119581552,22.52935920621531,11.948965549468994
C0126,128x128x64_selu_adamw_lr0.01_wd0.001_do0_bs32_ns0_lossmee,128x128x64,3,320,selu,adamw,mee,0.01,0.001,0.0,32,0.0,,,,21.748461896760766,0.9684843410106557,17.557837676912676,4.19062421984809,47.4,20.374811852440406,22.924254374093888,8.17805290222168
C0330,256x128x64_selu_adam_lr0.001_wd0.001_do0_bs32_ns0_lossmee,256x128x64,3,448,selu,adam,mee,0.001,0.001,0.0,32,0.0,,,,21.75098645721123,0.7197214613788061,19.00626390990151,2.7447225473097205,60.8,20.618536391041335,22.400191006877314,12.390496969223022
C0429,256x128x64_elu_adamw_lr0.01_wd0.0001_do0_bs32_ns0_lossmee,256x128x64,3,448,elu,adamw,mee,0.01,0.0001,0.0,32,0.0,,,,21.758320866118968,0.33070129040222157,17.463408568776746,4.294912297342222,30.8,21.178708867693466,21.952652780348853,7.752414226531982
C0418,256x128x64_elu_adamw_lr0.001_wd0.001_do0_bs32_ns0_lossmse,256x128x64,3,448,elu,adamw,mse,0.001,0.001,0.0,32,0.0,,,,21.761309164866788,1.0460121757295786,18.660078920748596,3.1012302441181916,70.8,21.026312113698726,23.571554845631294,13.054290533065796
C0415,256x128x64_elu_adamw_lr0.001_wd0.0001_do0_bs32_ns0_lossmse,256x128x64,3,448,elu,adamw,mse,0.001,0.0001,0.0,32,0.0,,,,21.762523056033576,1.0450905960714274,18.65690064733206,3.1056224087015174,70.8,21.027161969971765,23.571142415908554,13.065592288970947
C0279,128x128x64_elu_radam_lr0.003_wd0.0001_do0_bs32_ns0_lossmee,128x128x64,3,320,elu,radam,mee,0.003,0.0001,0.0,32,0.0,,,,21.76555634863044,0.9293811274354773,18.290767041191,3.4747893074394405,77.6,20.485697103096946,22.925482270871804,16.430880546569824
C0477,256x128x64_selu_nadam_lr0.003_wd0.0001_do0_bs32_ns0_lossmee,256x128x64,3,448,selu,nadam,mee,0.003,0.0001,0.0,32,0.0,,,,21.767007398360835,0.7067673657854714,17.353505299383567,4.413502098977268,50.2,20.622407721885587,22.383796062715852,11.077766180038452
C0181,128x128x64_selu_nadam_lr0.001_wd0.0001_do0_bs32_ns0_lossmse,128x128x64,3,320,selu,nadam,mse,0.001,0.0001,0.0,32,0.0,,,,21.77138935566042,0.7633840103043364,19.226515407831766,2.5448739478286555,80.6,20.51049172029771,22.448198437476826,11.665919780731201
C0267,128x128x64_selu_radam_lr0.01_wd0.0001_do0_bs32_ns0_lossmee,128x128x64,3,320,selu,radam,mee,0.01,0.0001,0.0,32,0.0,,,,21.771401435883668,0.527879918733416,18.99921136816675,2.7721900677169167,50.4,21.103672940369954,22.372243038853792,11.976503372192383
C0131,128x128x64_elu_adamw_lr0.001_wd0.001_do0_bs32_ns0_losshuber,128x128x64,3,320,elu,adamw,huber,0.001,0.001,0.0,32,0.0,,,,21.77476815008194,0.4799419847787138,18.987295065876403,2.787473084205537,76.6,21.22998271734245,22.532120982017922,10.218436479568481
C0128,128x128x64_elu_adamw_lr0.001_wd0.0001_do0_bs32_ns0_losshuber,128x128x64,3,320,elu,adamw,huber,0.001,0.0001,0.0,32,0.0,,,,21.775302662721316,0.48054190088002324,18.98392422827076,2.7913784344505572,76.6,21.229596884660815,22.533481792821533,10.553090333938599
C0125,128x128x64_selu_adamw_lr0.01_wd0.001_do0_bs32_ns0_losshuber,128x128x64,3,320,selu,adamw,huber,0.01,0.001,0.0,32,0.0,,,,21.778702776308062,0.7429825497905221,19.513698360800227,2.2650044155078355,28.0,20.81138699221294,22.634655711459153,5.33304762840271
C0189,128x128x64_selu_nadam_lr0.003_wd0.0001_do0_bs32_ns0_lossmee,128x128x64,3,320,selu,nadam,mee,0.003,0.0001,0.0,32,0.0,,,,21.782573848648585,0.9169367342042603,19.475445144544533,2.307128704104052,38.2,20.82693317236096,23.090204673822406,7.462819337844849
C0185,128x128x64_selu_nadam_lr0.001_wd0.001_do0_bs32_ns0_losshuber,128x128x64,3,320,selu,nadam,huber,0.001,0.001,0.0,32,0.0,,,,21.786120096364268,0.6055003502335656,19.434869238521063,2.3512508578432048,85.8,20.90638973966132,22.427211164568728,12.214627027511597
C0401,256x128x64_selu_adamw_lr0.001_wd0.001_do0_bs32_ns0_losshuber,256x128x64,3,448,selu,adamw,huber,0.001,0.001,0.0,32,0.0,,,,21.788300416774856,1.0235341654543815,18.754159514500845,3.034140902274011,67.4,20.735132016153525,23.487784013692252,12.63420844078064
C0056,128x128x64_elu_adam_lr0.001_wd0.0001_do0_bs32_ns0_losshuber,128x128x64,3,320,elu,adam,huber,0.001,0.0001,0.0,32,0.0,,,,21.789002769092896,0.4617301688070838,19.149844465145577,2.639158303947319,72.4,21.24391678014614,22.51587677667512,10.000758647918701
C0560,256x128x64_elu_radam_lr0.001_wd0.0001_do0_bs32_ns0_losshuber,256x128x64,3,448,elu,radam,huber,0.001,0.0001,0.0,32,0.0,,,,21.790641566990928,0.3571531329080563,18.73134933826235,3.0592922287285766,123.4,21.4413070916304,22.32500984071939,24.011332273483276
C0115,128x128x64_selu_adamw_lr0.003_wd0.0001_do0_bs32_ns0_lossmse,128x128x64,3,320,selu,adamw,mse,0.003,0.0001,0.0,32,0.0,,,,21.79189611094423,0.8623923784121897,19.112931786198466,2.6789643247457633,48.6,20.851346696389424,22.74175394532791,7.3862526416778564
C0069,128x128x64_elu_adam_lr0.01_wd0.0001_do0_bs32_ns0_lossmee,128x128x64,3,320,elu,adam,mee,0.01,0.0001,0.0,32,0.0,,,,21.793423878211332,0.5166736608673413,16.982159475699156,4.811264402512176,36.6,21.326197930603968,22.593061128099286,7.0264787673950195
C0328,256x128x64_selu_adam_lr0.001_wd0.001_do0_bs32_ns0_lossmse,256x128x64,3,448,selu,adam,mse,0.001,0.001,0.0,32,0.0,,,,21.794128939403777,0.35765352139480716,19.53591466478813,2.2582142746156464,62.0,21.457413276431463,22.238921987349084,12.336788654327393
C0184,128x128x64_selu_nadam_lr0.001_wd0.001_do0_bs32_ns0_lossmse,128x128x64,3,320,selu,nadam,mse,0.001,0.001,0.0,32,0.0,,,,21.796273078697247,0.7372897309692718,19.38794191659946,2.408331162097788,80.6,20.579617333712157,22.442924647459325,11.3836088180542
C0118,128x128x64_selu_adamw_lr0.003_wd0.001_do0_bs32_ns0_lossmse,128x128x64,3,320,selu,adamw,mse,0.003,0.001,0.0,32,0.0,,,,21.804090607132856,0.856496582817805,19.14887914257227,2.655211464560587,48.6,20.927727124841116,22.797467911234982,7.55573582649231
C0283,128x128x64_elu_radam_lr0.01_wd0.0001_do0_bs32_ns0_lossmse,128x128x64,3,320,elu,radam,mse,0.01,0.0001,0.0,32,0.0,,,,21.805517932906174,1.1251764631848833,19.015314255508386,2.7902036773977876,47.8,20.756802605373565,23.549648837317136,9.1519615650177
C0432,256x128x64_elu_adamw_lr0.01_wd0.001_do0_bs32_ns0_lossmee,256x128x64,3,448,elu,adamw,mee,0.01,0.001,0.0,32,0.0,,,,21.807381961016905,0.4030267451180926,17.965914476138476,3.8414674848784287,28.8,21.15281411565237,22.190950828628267,7.409090995788574
C0346,256x128x64_elu_adam_lr0.001_wd0.001_do0_bs32_ns0_lossmse,256x128x64,3,448,elu,adam,mse,0.001,0.001,0.0,32,0.0,,,,21.815914156242485,1.0516371914299538,19.309529716680437,2.506384439562048,64.4,21.08990138513771,23.59390640998752,12.088196277618408
C0270,128x128x64_selu_radam_lr0.01_wd0.001_do0_bs32_ns0_lossmee,128x128x64,3,320,selu,radam,mee,0.01,0.001,0.0,32,0.0,,,,21.82159000502918,0.712772500645809,19.118556474200567,2.7030335308286126,47.0,20.81436363295561,22.720122453739684,11.397124767303467
C0413,256x128x64_selu_adamw_lr0.01_wd0.001_do0_bs32_ns0_losshuber,256x128x64,3,448,selu,adamw,huber,0.01,0.001,0.0,32,0.0,,,,21.821923239285564,0.8205751595535743,17.972479675095876,3.849443564189688,35.2,20.941402332815088,23.17443303000605,7.902105093002319
C0140,128x128x64_elu_adamw_lr0.01_wd0.0001_do0_bs32_ns0_losshuber,128x128x64,3,320,elu,adamw,huber,0.01,0.0001,0.0,32,0.0,,,,21.83324586363265,0.49489797627812004,18.117763467309885,3.7154823963227663,29.2,21.39526299473848,22.620123522956995,5.57823371887207
C0194,128x128x64_selu_nadam_lr0.01_wd0.0001_do0_bs32_ns0_losshuber,128x128x64,3,320,selu,nadam,huber,0.01,0.0001,0.0,32,0.0,,,,21.835660479787514,0.9335792054900448,19.9159531164728,1.9197073633147141,32.8,20.908241984195183,23.328659582773803,6.2590250968933105
C0114,128x128x64_selu_adamw_lr0.001_wd0.001_do0_bs32_ns0_lossmee,128x128x64,3,320,selu,adamw,mee,0.001,0.001,0.0,32,0.0,,,,21.840964017335402,0.6588718733433176,18.774443691403242,3.06652032593216,69.4,21.175971839724205,22.946431695778774,10.409414052963257
C0562,256x128x64_elu_radam_lr0.001_wd0.001_do0_bs32_ns0_lossmse,256x128x64,3,448,elu,radam,mse,0.001,0.001,0.0,32,0.0,,,,21.845086175980505,0.44765234076838284,19.126985855967515,2.71810032001299,123.4,21.418034410725,22.577839311766525,24.135785818099976
C0543,256x128x64_selu_radam_lr0.001_wd0.0001_do0_bs32_ns0_lossmee,256x128x64,3,448,selu,radam,mee,0.001,0.0001,0.0,32,0.0,,,,21.84815908469896,0.27600137047410517,19.00889969800957,2.8392593866893883,98.4,21.45751700797637,22.10775707927477,20.663941383361816
C0501,256x128x64_elu_nadam_lr0.01_wd0.0001_do0_bs32_ns0_lossmee,256x128x64,3,448,elu,nadam,mee,0.01,0.0001,0.0,32,0.0,,,,21.849563631990698,0.6006796306571193,17.775378758272765,4.0741848737179325,35.4,20.797902793224402,22.22577993522795,8.949394226074219
C0042,128x128x64_selu_adam_lr0.001_wd0.001_do0_bs32_ns0_lossmee,128x128x64,3,320,selu,adam,mee,0.001,0.001,0.0,32,0.0,,,,21.856645493679913,0.6762079920449598,18.777850560130307,3.078794933549606,76.6,21.17414655783867,22.980199803450148,10.841399908065796
C0261,128x128x64_selu_radam_lr0.003_wd0.0001_do0_bs32_ns0_lossmee,128x128x64,3,320,selu,radam,mee,0.003,0.0001,0.0,32,0.0,,,,21.857005264107897,0.5078106448747374,18.702300531144168,3.1547047329637294,73.4,21.013051835495304,22.224569919510344,16.050781726837158
C0546,256x128x64_selu_radam_lr0.001_wd0.001_do0_bs32_ns0_lossmee,256x128x64,3,448,selu,radam,mee,0.001,0.001,0.0,32,0.0,,,,21.857767231163894,0.29324150417750466,19.052780067019345,2.804987164144549,105.6,21.47048603544564,22.236712078036504,22.388967514038086
C0559,256x128x64_elu_radam_lr0.001_wd0.0001_do0_bs32_ns0_lossmse,256x128x64,3,448,elu,radam,mse,0.001,0.0001,0.0,32,0.0,,,,21.85926962433292,0.41064326511094973,19.11369002096829,2.7455796033646322,113.0,21.394736395743113,22.496064663584608,22.233320236206055
C0144,128x128x64_elu_adamw_lr0.01_wd0.001_do0_bs32_ns0_lossmee,128x128x64,3,320,elu,adamw,mee,0.01,0.001,0.0,32,0.0,,,,21.86008751813935,0.5060098966617845,17.63519999233697,4.224887525802377,32.4,21.3385973336933,22.700508875924317,6.4788267612457275
C0143,128x128x64_elu_adamw_lr0.01_wd0.001_do0_bs32_ns0_losshuber,128x128x64,3,320,elu,adamw,huber,0.01,0.001,0.0,32,0.0,,,,21.861823705549636,0.4787628625978151,18.16530770070863,3.696516004841005,29.2,21.37709650285306,22.6212352479339,5.651679277420044
C0182,128x128x64_selu_nadam_lr0.001_wd0.0001_do0_bs32_ns0_losshuber,128x128x64,3,320,selu,nadam,huber,0.001,0.0001,0.0,32,0.0,,,,21.867961988324815,0.5435701382936492,18.97432164577636,2.893640342548455,78.6,21.07441776862394,22.50885253848146,11.090629816055298
C0060,128x128x64_elu_adam_lr0.001_wd0.001_do0_bs32_ns0_lossmee,128x128x64,3,320,elu,adam,mee,0.001,0.001,0.0,32,0.0,,,,21.868627686240288,0.32551585719009735,18.369688432469097,3.4989392537711907,88.4,21.547187861855324,22.33717347535671,12.907429695129395
C0122,128x128x64_selu_adamw_lr0.01_wd0.0001_do0_bs32_ns0_losshuber,128x128x64,3,320,selu,adamw,huber,0.01,0.0001,0.0,32,0.0,,,,21.868784571592307,0.7953561417868966,19.120435201197985,2.7483493703943225,24.6,21.111744532627444,23.009082520329333,5.012523412704468
C0141,128x128x64_elu_adamw_lr0.01_wd0.0001_do0_bs32_ns0_lossmee,128x128x64,3,320,elu,adamw,mee,0.01,0.0001,0.0,32,0.0,,,,21.87462390271463,0.5582650300712687,17.559820355135454,4.314803547579178,30.8,21.35196305342461,22.819617196937635,6.227814674377441
C0213,128x128x64_elu_nadam_lr0.01_wd0.0001_do0_bs32_ns0_lossmee,128x128x64,3,320,elu,nadam,mee,0.01,0.0001,0.0,32,0.0,,,,21.890380878396872,0.5572694959496677,17.50629999501126,4.384080883385611,37.4,21.15005415308891,22.647018400677446,7.181695222854614
C0183,128x128x64_selu_nadam_lr0.001_wd0.0001_do0_bs32_ns0_lossmee,128x128x64,3,320,selu,nadam,mee,0.001,0.0001,0.0,32,0.0,,,,21.907282480328725,0.6404003077733906,19.166644245648108,2.740638234680617,66.2,20.79996682762312,22.39645332621019,10.565691471099854
C0063,128x128x64_elu_adam_lr0.003_wd0.0001_do0_bs32_ns0_lossmee,128x128x64,3,320,elu,adam,mee,0.003,0.0001,0.0,32,0.0,,,,21.91024530763709,1.102323328663917,18.342153487751396,3.5680918198856943,36.0,20.12280908335984,23.111593494410403,6.559117555618286
C0138,128x128x64_elu_adamw_lr0.003_wd0.001_do0_bs32_ns0_lossmee,128x128x64,3,320,elu,adamw,mee,0.003,0.001,0.0,32,0.0,,,,21.91363327970929,1.1125859482244733,18.09654904502573,3.8170842346835627,36.4,20.10850469911417,23.132796102459885,6.714220285415649
C0135,128x128x64_elu_adamw_lr0.003_wd0.0001_do0_bs32_ns0_lossmee,128x128x64,3,320,elu,adamw,mee,0.003,0.0001,0.0,32,0.0,,,,21.9145866932959,1.1150359563401882,18.09078992073799,3.823796772557909,36.4,20.105187069513093,23.13783418907924,6.5032639503479
C0057,128x128x64_elu_adam_lr0.001_wd0.0001_do0_bs32_ns0_lossmee,128x128x64,3,320,elu,adam,mee,0.001,0.0001,0.0,32,0.0,,,,21.917005648863253,0.449016243088279,18.338908977955906,3.578096670907346,82.0,21.47758540461634,22.607775056397127,11.687973260879517
C0132,128x128x64_elu_adamw_lr0.001_wd0.001_do0_bs32_ns0_lossmee,128x128x64,3,320,elu,adamw,mee,0.001,0.001,0.0,32,0.0,,,,21.91791352324603,0.44922677406477723,18.318592538946007,3.5993209843000216,82.0,21.473268717445865,22.604879098217445,11.71872615814209
C0203,128x128x64_elu_nadam_lr0.001_wd0.001_do0_bs32_ns0_losshuber,128x128x64,3,320,elu,nadam,huber,0.001,0.001,0.0,32,0.0,,,,21.918309970665792,0.8357182064153299,19.48686523469228,2.4314447359735105,81.2,20.710926877250536,22.83787990499701,12.141806840896606
C0471,256x128x64_selu_nadam_lr0.001_wd0.0001_do0_bs32_ns0_lossmee,256x128x64,3,448,selu,nadam,mee,0.001,0.0001,0.0,32,0.0,,,,21.91836667792769,0.6277658087659088,19.724626467960427,2.193740209967263,48.6,20.966161716289854,22.66228947654604,10.806328535079956
C0129,128x128x64_elu_adamw_lr0.001_wd0.0001_do0_bs32_ns0_lossmee,128x128x64,3,320,elu,adamw,mee,0.001,0.0001,0.0,32,0.0,,,,21.918838746302917,0.44911775418260463,18.31543165409174,3.603407092211178,82.0,21.473084072160894,22.604741312374962,12.100597381591797
C0200,128x128x64_elu_nadam_lr0.001_wd0.0001_do0_bs32_ns0_losshuber,128x128x64,3,320,elu,nadam,huber,0.001,0.0001,0.0,32,0.0,,,,21.92706431232325,0.39248462030438264,19.103268320549038,2.8237959917742117,72.2,21.48225370120266,22.427036890096385,10.891014575958252
C0570,256x128x64_elu_radam_lr0.003_wd0.001_do0_bs32_ns0_lossmee,256x128x64,3,448,elu,radam,mee,0.003,0.001,0.0,32,0.0,,,,21.934717642762315,1.0205030694320536,19.205883028906197,2.728834613856119,60.6,21.1820146695835,23.605842373120293,13.992700099945068
C0281,128x128x64_elu_radam_lr0.003_wd0.001_do0_bs32_ns0_losshuber,128x128x64,3,320,elu,radam,huber,0.003,0.001,0.0,32,0.0,,,,21.948445572213313,1.3099388940868035,19.582569530801354,2.3658760414119584,91.8,20.51651907984144,23.95895191271713,17.69778084754944
C0568,256x128x64_elu_radam_lr0.003_wd0.001_do0_bs32_ns0_lossmse,256x128x64,3,448,elu,radam,mse,0.003,0.001,0.0,32,0.0,,,,21.950647716098487,1.2669381706889353,19.546036285566778,2.404611430531709,63.2,20.876638061877536,23.998958541746912,14.11629056930542
C0051,128x128x64_selu_adam_lr0.01_wd0.0001_do0_bs32_ns0_lossmee,128x128x64,3,320,selu,adam,mee,0.01,0.0001,0.0,32,0.0,,,,21.952932499246327,0.6719912495406164,18.73564017025513,3.2172923289911957,37.4,21.23033351278455,22.72932893796699,6.454221248626709
C0039,128x128x64_selu_adam_lr0.001_wd0.0001_do0_bs32_ns0_lossmee,128x128x64,3,320,selu,adam,mee,0.001,0.0001,0.0,32,0.0,,,,21.95573331065648,0.6905096974962802,19.232118834284126,2.7236144763723544,63.4,21.1637356337953,22.993449838896975,9.376641035079956
C0542,256x128x64_selu_radam_lr0.001_wd0.0001_do0_bs32_ns0_losshuber,256x128x64,3,448,selu,radam,huber,0.001,0.0001,0.0,32,0.0,,,,21.95588059825345,0.5725759621254055,19.51139166981228,2.444488928441171,98.2,21.04917676329763,22.587372442707625,19.756165981292725
C0474,256x128x64_selu_nadam_lr0.001_wd0.001_do0_bs32_ns0_lossmee,256x128x64,3,448,selu,nadam,mee,0.001,0.001,0.0,32,0.0,,,,21.956797184069206,0.6254699500893558,19.816297166372124,2.1405000176970823,48.6,21.032002210714005,22.759032372004196,10.890767574310303
C0197,128x128x64_selu_nadam_lr0.01_wd0.001_do0_bs32_ns0_losshuber,128x128x64,3,320,selu,nadam,huber,0.01,0.001,0.0,32,0.0,,,,21.95768036433936,0.9825261408427138,21.0569063696416,0.9007739946977615,25.8,20.97729549078185,23.347144526634274,5.6325037479400635
C0567,256x128x64_elu_radam_lr0.003_wd0.0001_do0_bs32_ns0_lossmee,256x128x64,3,448,elu,radam,mee,0.003,0.0001,0.0,32,0.0,,,,21.96431567260195,0.9851477724657812,19.15950458959083,2.804811083011117,57.6,21.24648083930873,23.57748673852427,13.49770450592041
C0280,128x128x64_elu_radam_lr0.003_wd0.001_do0_bs32_ns0_lossmse,128x128x64,3,320,elu,radam,mse,0.003,0.001,0.0,32,0.0,,,,21.967754068372795,1.1695250833649853,19.573534797734677,2.394219270638118,80.4,20.788524856941894,23.79352731820174,16.180718183517456
C0348,256x128x64_elu_adam_lr0.001_wd0.001_do0_bs32_ns0_lossmee,256x128x64,3,448,elu,adam,mee,0.001,0.001,0.0,32,0.0,,,,21.97063746153488,1.2690163927411229,18.510100581973088,3.4605368795617935,67.4,20.771634491774716,23.71881615250397,13.121423721313477
C0338,256x128x64_selu_adam_lr0.01_wd0.0001_do0_bs32_ns0_losshuber,256x128x64,3,448,selu,adam,huber,0.01,0.0001,0.0,32,0.0,,,,21.975788133054696,0.6547681652498711,19.266288833264543,2.709499299790153,29.0,21.10176764709585,22.648483249671337,7.078875541687012
C0202,128x128x64_elu_nadam_lr0.001_wd0.001_do0_bs32_ns0_lossmse,128x128x64,3,320,elu,nadam,mse,0.001,0.001,0.0,32,0.0,,,,21.977088307151128,0.579120294125991,19.432806460335506,2.544281846815622,85.6,21.501088806010326,22.840400842822852,12.308477640151978
C0414,256x128x64_selu_adamw_lr0.01_wd0.001_do0_bs32_ns0_lossmee,256x128x64,3,448,selu,adamw,mee,0.01,0.001,0.0,32,0.0,,,,21.97858520038288,1.0826953875709497,18.94746287589666,3.031122324486219,33.6,20.576380386224407,23.093569588045586,8.109772205352783
C0563,256x128x64_elu_radam_lr0.001_wd0.001_do0_bs32_ns0_losshuber,256x128x64,3,448,elu,radam,huber,0.001,0.001,0.0,32,0.0,,,,21.983069299457433,0.40413231807979283,19.41935885716348,2.563710442293953,114.6,21.568020523885107,22.581948246986066,22.779308319091797
C0059,128x128x64_elu_adam_lr0.001_wd0.001_do0_bs32_ns0_losshuber,128x128x64,3,320,elu,adam,huber,0.001,0.001,0.0,32,0.0,,,,21.98450263454816,0.3536566082659183,19.620739704465077,2.363762930083084,71.8,21.588782520870808,22.371455638992966,12.807554960250854
C0329,256x128x64_selu_adam_lr0.001_wd0.001_do0_bs32_ns0_losshuber,256x128x64,3,448,selu,adam,huber,0.001,0.001,0.0,32,0.0,,,,21.990660329378347,0.9597306263694134,19.69919649098792,2.2914638383904276,62.2,21.30525665829212,23.578138571203,11.921338081359863
C0199,128x128x64_elu_nadam_lr0.001_wd0.0001_do0_bs32_ns0_lossmse,128x128x64,3,320,elu,nadam,mse,0.001,0.0001,0.0,32,0.0,,,,22.007772971585695,0.5670042269926815,19.212930104183535,2.79484286740216,81.2,21.488163011348725,22.809604160857987,11.619314908981323
C0264,128x128x64_selu_radam_lr0.003_wd0.001_do0_bs32_ns0_lossmee,128x128x64,3,320,selu,radam,mee,0.003,0.001,0.0,32,0.0,,,,22.00825856923081,1.0602938080248374,19.83734444827163,2.170914120959182,59.2,20.79856050646631,23.419350203459025,13.717466115951538
C0411,256x128x64_selu_adamw_lr0.01_wd0.0001_do0_bs32_ns0_lossmee,256x128x64,3,448,selu,adamw,mee,0.01,0.0001,0.0,32,0.0,,,,22.011010936823986,0.9616677790418666,18.75296035826398,3.258050578560006,32.4,20.784169771456174,23.288881990015497,7.9390177726745605
C0345,256x128x64_elu_adam_lr0.001_wd0.0001_do0_bs32_ns0_lossmee,256x128x64,3,448,elu,adam,mee,0.001,0.0001,0.0,32,0.0,,,,22.016528136740153,1.325018000174719,18.262552118823695,3.7539760179164574,67.4,20.780046481966963,23.810930883075258,13.149914026260376
C0420,256x128x64_elu_adamw_lr0.001_wd0.001_do0_bs32_ns0_lossmee,256x128x64,3,448,elu,adamw,mee,0.001,0.001,0.0,32,0.0,,,,22.02321505214678,1.327246556625506,18.241597095540506,3.7816179566062758,67.4,20.785640093334557,23.818987760408643,13.179656982421875
C0417,256x128x64_elu_adamw_lr0.001_wd0.0001_do0_bs32_ns0_lossmee,256x128x64,3,448,elu,adamw,mee,0.001,0.0001,0.0,32,0.0,,,,22.026131654526104,1.3277988105763292,18.238734214749204,3.7873974397768997,67.4,20.78678462024929,23.821366198099078,13.175350904464722
C0409,256x128x64_selu_adamw_lr0.01_wd0.0001_do0_bs32_ns0_lossmse,256x128x64,3,448,selu,adamw,mse,0.01,0.0001,0.0,32,0.0,,,,22.040529171121932,0.7358418338569113,18.81538386758399,3.2251453035379427,38.6,21.137153436310108,23.034470969510107,8.421189069747925
C0195,128x128x64_selu_nadam_lr0.01_wd0.0001_do0_bs32_ns0_lossmee,128x128x64,3,320,selu,nadam,mee,0.01,0.0001,0.0,32,0.0,,,,22.04709434854481,0.41889042217504946,18.509277640898897,3.537816707645913,47.6,21.561715240977925,22.408669585594502,8.448637247085571
C0285,128x128x64_elu_radam_lr0.01_wd0.0001_do0_bs32_ns0_lossmee,128x128x64,3,320,elu,radam,mee,0.01,0.0001,0.0,32,0.0,,,,22.075896554394145,0.9859673426157349,18.853786811101582,3.222109743292563,42.8,20.607553475811073,23.373856662013917,8.556984901428223
C0254,128x128x64_selu_radam_lr0.001_wd0.0001_do0_bs32_ns0_losshuber,128x128x64,3,320,selu,radam,huber,0.001,0.0001,0.0,32,0.0,,,,22.076944137326553,0.2717740355570417,19.508697715973025,2.5682464213535283,123.6,21.76830701921586,22.302910169404587,20.77972936630249
C0204,128x128x64_elu_nadam_lr0.001_wd0.001_do0_bs32_ns0_lossmee,128x128x64,3,320,elu,nadam,mee,0.001,0.001,0.0,32,0.0,,,,22.085600631260064,0.8942074557726621,19.102205228559328,2.9833954027007366,68.8,20.633060889867494,22.928187722348177,11.391931772232056
C0201,128x128x64_elu_nadam_lr0.001_wd0.0001_do0_bs32_ns0_lossmee,128x128x64,3,320,elu,nadam,mee,0.001,0.0001,0.0,32,0.0,,,,22.087089157070658,0.8971707198444616,18.9448758227143,3.142213334356356,68.8,20.614851638544884,22.912470957171006,11.102848291397095
C0565,256x128x64_elu_radam_lr0.003_wd0.0001_do0_bs32_ns0_lossmse,256x128x64,3,448,elu,radam,mse,0.003,0.0001,0.0,32,0.0,,,,22.104084047228703,1.1669289840130725,19.75701411653136,2.3470699306973444,52.4,21.097297889532626,24.061791960531743,12.126973152160645
C0339,256x128x64_selu_adam_lr0.01_wd0.0001_do0_bs32_ns0_lossmee,256x128x64,3,448,selu,adam,mee,0.01,0.0001,0.0,32,0.0,,,,22.124463499832054,1.2545340070317148,18.803617768876684,3.3208457309553694,35.8,20.938765717978686,24.093723804082618,8.46960735321045
C0256,128x128x64_selu_radam_lr0.001_wd0.001_do0_bs32_ns0_lossmse,128x128x64,3,320,selu,radam,mse,0.001,0.001,0.0,32,0.0,,,,22.12722891993655,0.3725968702047695,19.87520884979516,2.2520200701413877,125.2,21.626642896863988,22.56483716500939,24.66155695915222
C0397,256x128x64_selu_adamw_lr0.001_wd0.0001_do0_bs32_ns0_lossmse,256x128x64,3,448,selu,adamw,mse,0.001,0.0001,0.0,32,0.0,,,,22.130737539788356,1.0057009977292055,19.951980662344425,2.1787568774439308,50.2,20.907416493181046,23.630978078882173,10.182520389556885
C0342,256x128x64_selu_adam_lr0.01_wd0.001_do0_bs32_ns0_lossmee,256x128x64,3,448,selu,adam,mee,0.01,0.001,0.0,32,0.0,,,,22.131464680245266,0.8904554054246813,19.621929235625004,2.509535444620262,29.0,20.76866437338077,23.114295212398382,7.417787313461304
C0561,256x128x64_elu_radam_lr0.001_wd0.0001_do0_bs32_ns0_lossmee,256x128x64,3,448,elu,radam,mee,0.001,0.0001,0.0,32,0.0,,,,22.138542464972108,0.8355209770459596,19.014077173788955,3.124465291183153,109.4,21.34477302108151,23.374941965273003,22.56627368927002
C0257,128x128x64_selu_radam_lr0.001_wd0.001_do0_bs32_ns0_losshuber,128x128x64,3,320,selu,radam,huber,0.001,0.001,0.0,32,0.0,,,,22.139283813738576,0.3459559792701688,19.868971247519223,2.270312566219353,120.6,21.734162711682565,22.54849956712624,24.64788269996643
C0253,128x128x64_selu_radam_lr0.001_wd0.0001_do0_bs32_ns0_lossmse,128x128x64,3,320,selu,radam,mse,0.001,0.0001,0.0,32,0.0,,,,22.15751631802097,0.3645351980843408,19.799686637413732,2.3578296806072387,122.8,21.60071188149876,22.424919053024755,21.15781807899475
C0055,128x128x64_elu_adam_lr0.001_wd0.0001_do0_bs32_ns0_lossmse,128x128x64,3,320,elu,adam,mse,0.001,0.0001,0.0,32,0.0,,,,22.157704114798065,0.7296556475119447,19.815622982747033,2.3420811320510317,69.8,21.590721277158053,23.33197143546143,9.684359550476074
C0277,128x128x64_elu_radam_lr0.003_wd0.0001_do0_bs32_ns0_lossmse,128x128x64,3,320,elu,radam,mse,0.003,0.0001,0.0,32,0.0,,,,22.158658279367035,1.0872567223596359,19.798317099137016,2.3603411802300194,66.0,20.851056340758284,23.777973808048444,14.491517066955566
C0130,128x128x64_elu_adamw_lr0.001_wd0.001_do0_bs32_ns0_lossmse,128x128x64,3,320,elu,adamw,mse,0.001,0.001,0.0,32,0.0,,,,22.159995163345197,0.7286871871013024,19.796902698324043,2.363092465021154,69.8,21.59476175518892,23.32952605564801,9.80786919593811
C0127,128x128x64_elu_adamw_lr0.001_wd0.0001_do0_bs32_ns0_lossmse,128x128x64,3,320,elu,adamw,mse,0.001,0.0001,0.0,32,0.0,,,,22.160230590312686,0.7288342855749419,19.794311712904097,2.365918877408589,69.8,21.59423839997366,23.32914792787771,9.734096050262451
C0198,128x128x64_selu_nadam_lr0.01_wd0.001_do0_bs32_ns0_lossmee,128x128x64,3,320,selu,nadam,mee,0.01,0.001,0.0,32,0.0,,,,22.180939207899772,0.8660095032086551,19.397999283144095,2.782939924755677,45.8,21.40758025160647,23.454681382739675,7.9689695835113525
C0410,256x128x64_selu_adamw_lr0.01_wd0.0001_do0_bs32_ns0_losshuber,256x128x64,3,448,selu,adamw,huber,0.01,0.0001,0.0,32,0.0,,,,22.188017077919465,0.6029139744511117,19.112442751510766,3.0755743264086988,32.8,21.347712051084564,22.691356054456016,7.563150405883789
C0058,128x128x64_elu_adam_lr0.001_wd0.001_do0_bs32_ns0_lossmse,128x128x64,3,320,elu,adam,mse,0.001,0.001,0.0,32,0.0,,,,22.20173937735921,0.6897419241151964,20.122653915251554,2.079085462107656,63.0,21.66369821760107,23.35726656275753,8.955538511276245
C0554,256x128x64_selu_radam_lr0.01_wd0.0001_do0_bs32_ns0_losshuber,256x128x64,3,448,selu,radam,huber,0.01,0.0001,0.0,32,0.0,,,,22.204428216578254,0.5816555727838955,19.246958486875275,2.9574697297029786,43.0,21.54731612338383,23.12254144327652,11.085948467254639
C0271,128x128x64_elu_radam_lr0.001_wd0.0001_do0_bs32_ns0_lossmse,128x128x64,3,320,elu,radam,mse,0.001,0.0001,0.0,32,0.0,,,,22.334516916921253,0.6580010312861222,20.11969791284661,2.2148190040746414,103.8,21.216063880872778,22.82303602884702,20.234879970550537
C0274,128x128x64_elu_radam_lr0.001_wd0.001_do0_bs32_ns0_lossmse,128x128x64,3,320,elu,radam,mse,0.001,0.001,0.0,32,0.0,,,,22.342886396841234,0.6539861446405378,20.353333105564122,1.9895532912771117,102.6,21.239695270505575,22.834613530302175,20.0337131023407
C0486,256x128x64_selu_nadam_lr0.01_wd0.001_do0_bs32_ns0_lossmee,256x128x64,3,448,selu,nadam,mee,0.01,0.001,0.0,32,0.0,,,,22.35758040251884,0.5038771943481183,19.367006821387086,2.990573581131752,36.0,21.719037475860308,22.977507966313887,6.9274609088897705
C0482,256x128x64_selu_nadam_lr0.01_wd0.0001_do0_bs32_ns0_losshuber,256x128x64,3,448,selu,nadam,huber,0.01,0.0001,0.0,32,0.0,,,,22.371471487593638,1.0356219638227373,19.40844576948313,2.963025718110508,27.2,21.232174672582097,23.83471122012013,7.121735572814941
C0272,128x128x64_elu_radam_lr0.001_wd0.0001_do0_bs32_ns0_losshuber,128x128x64,3,320,elu,radam,huber,0.001,0.0001,0.0,32,0.0,,,,22.38271430430901,0.3613079974684927,20.014870944480172,2.3678433598288393,107.2,21.977274711746425,22.861450342833614,20.427370071411133
C0564,256x128x64_elu_radam_lr0.001_wd0.001_do0_bs32_ns0_lossmee,256x128x64,3,448,elu,radam,mee,0.001,0.001,0.0,32,0.0,,,,22.446693309034522,1.2084100907333366,19.60624684274726,2.8404464662872613,98.8,21.347008264547856,24.081320287774588,21.149176120758057
C0275,128x128x64_elu_radam_lr0.001_wd0.001_do0_bs32_ns0_losshuber,128x128x64,3,320,elu,radam,huber,0.001,0.001,0.0,32,0.0,,,,22.475898324594876,0.3492953921853945,20.48866598504794,1.9872323395469351,98.2,22.080386252245262,22.904189610750386,16.62479591369629
C0255,128x128x64_selu_radam_lr0.001_wd0.0001_do0_bs32_ns0_lossmee,128x128x64,3,320,selu,radam,mee,0.001,0.0001,0.0,32,0.0,,,,22.62742158457959,0.7138951581937666,20.168438806310213,2.4589827782693767,96.0,22.121336807447555,23.84810509565681,17.125715970993042
C0273,128x128x64_elu_radam_lr0.001_wd0.0001_do0_bs32_ns0_lossmee,128x128x64,3,320,elu,radam,mee,0.001,0.0001,0.0,32,0.0,,,,22.659243378300573,0.2792134661682494,20.20761540289196,2.4516279754086128,78.4,22.179031845015675,22.864645340386847,16.66133189201355
C0276,128x128x64_elu_radam_lr0.001_wd0.001_do0_bs32_ns0_lossmee,128x128x64,3,320,elu,radam,mee,0.001,0.001,0.0,32,0.0,,,,22.671727166338815,0.27922206486267104,20.29594470576543,2.3757824605733866,78.4,22.20059757381287,22.895096646934498,15.497713088989258
C0258,128x128x64_selu_radam_lr0.001_wd0.001_do0_bs32_ns0_lossmee,128x128x64,3,320,selu,radam,mee,0.001,0.001,0.0,32,0.0,,,,22.68621078818217,0.6816421343974645,20.367090168047838,2.3191206201343313,83.0,22.159046922300753,23.837227150032884,18.752399682998657
C0483,256x128x64_selu_nadam_lr0.01_wd0.0001_do0_bs32_ns0_lossmee,256x128x64,3,448,selu,nadam,mee,0.01,0.0001,0.0,32,0.0,,,,23.02655383570167,0.8481329158068458,20.822774914569163,2.203778921132507,25.4,21.743572722865874,23.75943988949866,7.206187009811401
