short_id,config_id,arch_str,depth,width_sum,activation,optimizer,lr,weight_decay,dropout,batch_size,input_noise,momentum,nesterov,alpha,mean_mee,std_mee,mean_train,gen_gap,mean_epochs,min_mee,max_mee,elapsed_sec
C0169,32x16_tanh_adam_lr0.005_wd0.001_do0_bs32_ns0,32x16,2,48,tanh,adam,0.005,0.001,0.0,32,0.0,,,,21.95216738740122,0.8435890355785663,20.205900733343423,1.7462666540577985,81.0,20.984986252648877,23.195437973956746,8.08652663230896
C0295,32x16x8_relu_adam_lr0.005_wd0.001_do0_bs32_ns0,32x16x8,3,56,relu,adam,0.005,0.001,0.0,32,0.0,,,,21.98388625774363,1.199728793288085,20.538850563829037,1.445035693914594,72.4,20.19714355452569,23.220932359945017,8.549551963806152
C0313,32x16x8_tanh_adam_lr0.005_wd0.001_do0_bs32_ns0,32x16x8,3,56,tanh,adam,0.005,0.001,0.0,32,0.0,,,,22.160299044013627,0.5808848488983335,20.365480689185926,1.7948183548277008,65.4,21.195983237578897,22.72629536366413,7.5876452922821045
C0151,32x16_relu_adam_lr0.005_wd0.001_do0_bs32_ns0,32x16,2,48,relu,adam,0.005,0.001,0.0,32,0.0,,,,22.201804233784657,1.1088662477508588,21.303164086287598,0.8986401474970585,50.4,20.398424951702946,23.409559221861986,5.373275279998779
C0415,32x16x8_tanh_nesterov_lr0.05_wd0.001_do0_bs32_ns0_momentum0.9_nesterovTrue,32x16x8,3,56,tanh,nesterov,0.05,0.001,0.0,32,0.0,0.9,True,,22.323880941246898,1.4707204101513176,20.62323227883136,1.7006486624155386,79.2,20.65585855187894,24.21348732503395,7.242449522018433
C0362,32x16x8_tanh_sgd_lr0.05_wd0.001_do0_bs32_ns0_momentum0.9,32x16x8,3,56,tanh,sgd,0.05,0.001,0.0,32,0.0,0.9,,,22.33921341196734,0.7605048645436211,20.72846526160769,1.610748150359651,74.0,21.343700566598773,23.092675929545408,6.501561880111694
C0001,32_relu_adam_lr0.05_wd0.001_do0_bs32_ns0,32,1,32,relu,adam,0.05,0.001,0.0,32,0.0,,,,22.45722861474662,1.2303288743895158,21.267192768663,1.1900358460836173,61.4,20.351261710316912,23.546232876492414,4.360270023345947
C0109,32_relu_nesterov_lr0.05_wd0.001_do0_bs32_ns0_momentum0.9_nesterovTrue,32,1,32,relu,nesterov,0.05,0.001,0.0,32,0.0,0.9,True,,22.52193760041154,0.9123818844988147,21.11575597746401,1.406181622947532,44.4,20.928551486878074,23.16967358748189,1.7677242755889893
C0163,32x16_tanh_adam_lr0.05_wd0.001_do0_bs32_ns0,32x16,2,48,tanh,adam,0.05,0.001,0.0,32,0.0,,,,22.58311565373005,0.9789326230794339,21.313043303994693,1.2700723497353579,84.4,21.820119459576915,23.849840289655894,7.874299764633179
C0274,32x16_tanh_nesterov_lr0.05_wd0.005_do0_bs32_ns0_momentum0.9_nesterovTrue,32x16,2,48,tanh,nesterov,0.05,0.005,0.0,32,0.0,0.9,True,,22.60627643457793,0.5027791407141162,21.76855321282883,0.8377232217490977,53.0,21.950735020066666,23.24782149686046,4.205883026123047
C0299,32x16x8_relu_adam_lr0.005_wd0.005_do0_bs128_ns0,32x16x8,3,56,relu,adam,0.005,0.005,0.0,128,0.0,,,,22.685635328010516,0.6022427364513194,21.703863845800647,0.9817714822098687,106.4,21.95093170370643,23.485859281511882,5.574198246002197
C0172,32x16_tanh_adam_lr0.005_wd0.005_do0_bs32_ns0,32x16,2,48,tanh,adam,0.005,0.005,0.0,32,0.0,,,,22.705627869432877,0.829548723459581,21.73675811221542,0.9688697572174583,66.8,21.547458446301583,23.86757116293173,7.020355224609375
C0182,32x16_relu_sgd_lr0.05_wd0.001_do0_bs32_ns0_momentum0.9,32x16,2,48,relu,sgd,0.05,0.001,0.0,32,0.0,0.9,,,22.73369092198314,0.22910404722162606,21.737858542344405,0.9958323796387347,55.2,22.528892913296225,23.022628639297658,4.788139820098877
C0038,32_relu_sgd_lr0.05_wd0.001_do0_bs32_ns0_momentum0.9,32,1,32,relu,sgd,0.05,0.001,0.0,32,0.0,0.9,,,22.75230623789415,1.159043843238237,21.36756896561216,1.3847372722819884,43.2,20.693169655722393,23.491998291509493,1.744798183441162
C0019,32_tanh_adam_lr0.05_wd0.001_do0_bs32_ns0,32,1,32,tanh,adam,0.05,0.001,0.0,32,0.0,,,,22.764015846781103,0.6902672250256182,21.7387758953961,1.0252399513850037,44.0,21.909493088478786,23.745174838910735,3.6878879070281982
C0271,32x16_tanh_nesterov_lr0.05_wd0.001_do0_bs32_ns0_momentum0.9_nesterovTrue,32x16,2,48,tanh,nesterov,0.05,0.001,0.0,32,0.0,0.9,True,,22.82735225603301,1.002751024800771,21.226983120786674,1.6003691352463356,58.8,21.53560770243869,24.126466159635832,4.71338963508606
C0316,32x16x8_tanh_adam_lr0.005_wd0.005_do0_bs32_ns0,32x16x8,3,56,tanh,adam,0.005,0.005,0.0,32,0.0,,,,22.832124457276638,1.5026850355528234,21.46886683172294,1.3632576255536968,71.8,21.503728107359706,25.39207770189288,7.898810386657715
C0256,32x16_relu_nesterov_lr0.05_wd0.005_do0_bs32_ns0_momentum0.9_nesterovTrue,32x16,2,48,relu,nesterov,0.05,0.005,0.0,32,0.0,0.9,True,,22.91180576928493,1.12850045649593,21.98129556634203,0.930510202942898,48.6,21.730585436201373,24.58382697488974,3.978045701980591
C0152,32x16_relu_adam_lr0.005_wd0.001_do0_bs128_ns0,32x16,2,48,relu,adam,0.005,0.001,0.0,128,0.0,,,,22.917316104642214,1.4869712291570283,22.063595704385783,0.8537204002564316,76.6,21.2115037527354,25.01809091347178,3.5773611068725586
C0154,32x16_relu_adam_lr0.005_wd0.005_do0_bs32_ns0,32x16,2,48,relu,adam,0.005,0.005,0.0,32,0.0,,,,22.931011203501605,1.2401764867148106,21.778409987719147,1.1526012157824574,66.2,21.875859050146058,24.88997783953338,6.522453546524048
C0002,32_relu_adam_lr0.05_wd0.001_do0_bs128_ns0,32,1,32,relu,adam,0.05,0.001,0.0,128,0.0,,,,22.96688533573593,1.1088567537453033,21.950820431377768,1.0160649043581635,37.6,22.044466225632835,24.827170780837122,0.884765625
C0127,32_tanh_nesterov_lr0.05_wd0.001_do0_bs32_ns0_momentum0.9_nesterovTrue,32,1,32,tanh,nesterov,0.05,0.001,0.0,32,0.0,0.9,True,,22.974282522688615,0.5044866345171254,21.682166104645393,1.2921164180432214,48.6,22.27827349818399,23.560736222815066,3.1419966220855713
C0298,32x16x8_relu_adam_lr0.005_wd0.005_do0_bs32_ns0,32x16x8,3,56,relu,adam,0.005,0.005,0.0,32,0.0,,,,22.98309492794563,0.6608248752853303,22.251304145740484,0.7317907822051453,57.2,22.06213417500909,23.831541021478937,7.277162075042725
C0155,32x16_relu_adam_lr0.005_wd0.005_do0_bs128_ns0,32x16,2,48,relu,adam,0.005,0.005,0.0,128,0.0,,,,22.994023877599222,0.8482892812260465,22.14906756555323,0.8449563120459906,88.0,21.906045713286467,23.86293548424519,3.948354959487915
C0188,32x16_relu_sgd_lr0.05_wd0.005_do0_bs32_ns0_momentum0.9,32x16,2,48,relu,sgd,0.05,0.005,0.0,32,0.0,0.9,,,23.00021463408175,0.9713738228108946,22.373947674242494,0.6262669598392563,62.0,21.959118294294797,24.50178214302822,4.912667989730835
C0253,32x16_relu_nesterov_lr0.05_wd0.001_do0_bs32_ns0_momentum0.9_nesterovTrue,32x16,2,48,relu,nesterov,0.05,0.001,0.0,32,0.0,0.9,True,,23.021086695427986,1.2918378624374718,21.758871906824915,1.262214788603071,32.2,21.64738515340122,24.889473919347218,3.2759695053100586
C0112,32_relu_nesterov_lr0.05_wd0.005_do0_bs32_ns0_momentum0.9_nesterovTrue,32,1,32,relu,nesterov,0.05,0.005,0.0,32,0.0,0.9,True,,23.022612840180788,1.0000490879987634,22.050576127657003,0.972036712523785,40.8,21.723604486637907,24.374300792450914,1.6624383926391602
C0220,32x16_tanh_sgd_lr0.05_wd0.001_do0_bs128_ns0_momentum0.9,32x16,2,48,tanh,sgd,0.05,0.001,0.0,128,0.0,0.9,,,23.024567174466046,0.8630936226424029,22.101686715465757,0.9228804590002895,69.2,22.339315766088887,24.52239908961411,2.8337109088897705
C0146,32x16_relu_adam_lr0.05_wd0.001_do0_bs128_ns0,32x16,2,48,relu,adam,0.05,0.001,0.0,128,0.0,,,,23.024608814962868,1.2558292809887928,22.31180766066199,0.7128011543008768,41.2,21.613856876327596,25.008838899645745,2.2477920055389404
C0218,32x16_tanh_sgd_lr0.05_wd0.001_do0_bs32_ns0_momentum0.9,32x16,2,48,tanh,sgd,0.05,0.001,0.0,32,0.0,0.9,,,23.026294084611898,0.9956693527875662,22.11095363765939,0.9153404469525093,51.6,21.773862545884498,24.25959699477486,4.318220615386963
C0164,32x16_tanh_adam_lr0.05_wd0.001_do0_bs128_ns0,32x16,2,48,tanh,adam,0.05,0.001,0.0,128,0.0,,,,23.039854932799578,1.1015838647081233,21.827126301338385,1.212728631461193,71.0,22.09029548414808,24.863052618502415,3.48252272605896
C0296,32x16x8_relu_adam_lr0.005_wd0.001_do0_bs128_ns0,32x16x8,3,56,relu,adam,0.005,0.001,0.0,128,0.0,,,,23.05246700856506,1.6609397396337457,21.731832422672646,1.3206345858924138,86.8,21.538389999777294,25.70200040096365,4.83955454826355
C0020,32_tanh_adam_lr0.05_wd0.001_do0_bs128_ns0,32,1,32,tanh,adam,0.05,0.001,0.0,128,0.0,,,,23.07275739167186,1.3351211588793452,22.050005762677596,1.0227516289942642,49.4,21.036451247791522,24.22426133195883,2.1421375274658203
C0364,32x16x8_tanh_sgd_lr0.05_wd0.001_do0_bs128_ns0_momentum0.9,32x16x8,3,56,tanh,sgd,0.05,0.001,0.0,128,0.0,0.9,,,23.08256043833886,0.7196648844185463,22.23527805286127,0.847282385477591,87.0,22.23852843803214,24.161548971729392,3.8589210510253906
C0190,32x16_relu_sgd_lr0.05_wd0.005_do0_bs128_ns0_momentum0.9,32x16,2,48,relu,sgd,0.05,0.005,0.0,128,0.0,0.9,,,23.105270754491112,1.4515103332420618,22.246843306224356,0.858427448266756,67.6,21.58670678096521,25.465535737866468,2.9140636920928955
C0368,32x16x8_tanh_sgd_lr0.05_wd0.005_do0_bs32_ns0_momentum0.9,32x16x8,3,56,tanh,sgd,0.05,0.005,0.0,32,0.0,0.9,,,23.128932453179253,1.200498727844741,22.16152505916893,0.9674073940103227,69.4,21.81391710657154,24.663404681785444,6.328417778015137
C0254,32x16_relu_nesterov_lr0.05_wd0.001_do0_bs128_ns0_momentum0.9_nesterovTrue,32x16,2,48,relu,nesterov,0.05,0.001,0.0,128,0.0,0.9,True,,23.12894417373149,1.0356540498225102,22.149452984930075,0.9794911888014148,52.2,22.40041378088842,24.952683790506736,2.2678637504577637
C0257,32x16_relu_nesterov_lr0.05_wd0.005_do0_bs128_ns0_momentum0.9_nesterovTrue,32x16,2,48,relu,nesterov,0.05,0.005,0.0,128,0.0,0.9,True,,23.180294256835587,1.1246338115867283,22.368740179957882,0.8115540768777052,64.4,22.121299084178837,25.084904543006935,2.564578056335449
C0397,32x16x8_relu_nesterov_lr0.05_wd0.001_do0_bs32_ns0_momentum0.9_nesterovTrue,32x16x8,3,56,relu,nesterov,0.05,0.001,0.0,32,0.0,0.9,True,,23.221673153356406,1.5735518141094285,22.255966935181778,0.9657062181746277,55.8,21.712447338450772,25.687529799756003,5.559462785720825
C0044,32_relu_sgd_lr0.05_wd0.005_do0_bs32_ns0_momentum0.9,32,1,32,relu,sgd,0.05,0.005,0.0,32,0.0,0.9,,,23.225631081954322,0.7282504699809694,22.274067533633566,0.9515635483207561,31.8,22.29762472770785,24.232555056133485,1.3036441802978516
C0074,32_tanh_sgd_lr0.05_wd0.001_do0_bs32_ns0_momentum0.9,32,1,32,tanh,sgd,0.05,0.001,0.0,32,0.0,0.9,,,23.291170019571968,0.4934072739487736,22.629367890318175,0.6618021292537932,30.2,22.42370075718636,23.649499604740594,2.066875696182251
C0166,32x16_tanh_adam_lr0.05_wd0.005_do0_bs32_ns0,32x16,2,48,tanh,adam,0.05,0.005,0.0,32,0.0,,,,23.30538253957077,0.9575708348424093,22.497634749373148,0.8077477901976202,95.6,22.601518799806776,24.924025983647947,9.126354455947876
C0418,32x16x8_tanh_nesterov_lr0.05_wd0.005_do0_bs32_ns0_momentum0.9_nesterovTrue,32x16x8,3,56,tanh,nesterov,0.05,0.005,0.0,32,0.0,0.9,True,,23.32033419878427,2.2640506321317027,22.487771974417925,0.8325622243663453,53.8,20.925894037225895,26.6517312716936,5.1948652267456055
C0301,32x16x8_relu_adam_lr0.0005_wd0.001_do0_bs32_ns0,32x16x8,3,56,relu,adam,0.0005,0.001,0.0,32,0.0,,,,23.342609894752897,0.9230592359623777,21.98264065707149,1.3599692376814083,263.6,22.48447475396665,24.41160549478186,28.653634071350098
C0297,32x16x8_relu_adam_lr0.005_wd0.001_do0_bs256_ns0,32x16x8,3,56,relu,adam,0.005,0.001,0.0,256,0.0,,,,23.343841912016266,1.0844616158821954,22.055514955336115,1.2883269566801516,96.0,21.730497397521862,24.42144083313051,4.267642021179199
C0259,32x16_relu_nesterov_lr0.005_wd0.001_do0_bs32_ns0_momentum0.9_nesterovTrue,32x16,2,48,relu,nesterov,0.005,0.001,0.0,32,0.0,0.9,True,,23.365112985857145,1.1054032655722206,22.817098379114277,0.5480146067428677,64.0,21.85045286323965,24.832943255633985,5.354883670806885
C0374,32x16x8_tanh_sgd_lr0.005_wd0.001_do0_bs32_ns0_momentum0.9,32x16x8,3,56,tanh,sgd,0.005,0.001,0.0,32,0.0,0.9,,,23.368555163797758,0.9684862195710279,21.949348770200142,1.4192063935976158,123.6,22.31079625203024,24.52494910139722,9.649611234664917
C0007,32_relu_adam_lr0.005_wd0.001_do0_bs32_ns0,32,1,32,relu,adam,0.005,0.001,0.0,32,0.0,,,,23.3848839154487,0.6232959323394753,22.29184098471448,1.0930429307342209,56.6,22.917405065688502,24.479493466759628,2.4353835582733154
C0130,32_tanh_nesterov_lr0.05_wd0.005_do0_bs32_ns0_momentum0.9_nesterovTrue,32,1,32,tanh,nesterov,0.05,0.005,0.0,32,0.0,0.9,True,,23.38842844050253,0.5451542186973328,22.926535165007756,0.46189327549477355,31.4,22.49482127630832,23.88352215623927,2.568371057510376
C0184,32x16_relu_sgd_lr0.05_wd0.001_do0_bs128_ns0_momentum0.9,32x16,2,48,relu,sgd,0.05,0.001,0.0,128,0.0,0.9,,,23.38858179911341,1.3974366781413408,22.6278082195602,0.7607735795532093,46.0,22.013327217012375,25.41669696323681,2.3761513233184814
C0326,32x16x8_relu_sgd_lr0.05_wd0.001_do0_bs32_ns0_momentum0.9,32x16x8,3,56,relu,sgd,0.05,0.001,0.0,32,0.0,0.9,,,23.39093197093988,0.7782833360546347,22.80284142722516,0.5880905437147206,52.0,22.45435479695608,24.321902087023652,4.883984088897705
C0400,32x16x8_relu_nesterov_lr0.05_wd0.005_do0_bs32_ns0_momentum0.9_nesterovTrue,32x16x8,3,56,relu,nesterov,0.05,0.005,0.0,32,0.0,0.9,True,,23.404275600583883,1.293156186021418,22.837529611439066,0.5667459891448168,43.2,22.50468617002471,25.595365500632234,4.523779392242432
C0262,32x16_relu_nesterov_lr0.005_wd0.005_do0_bs32_ns0_momentum0.9_nesterovTrue,32x16,2,48,relu,nesterov,0.005,0.005,0.0,32,0.0,0.9,True,,23.422974046565773,1.0534688361142897,22.906882328649125,0.5160917179166482,70.4,22.173595137356557,24.9381911839754,6.144824981689453
C0005,32_relu_adam_lr0.05_wd0.005_do0_bs128_ns0,32,1,32,relu,adam,0.05,0.005,0.0,128,0.0,,,,23.42410793492234,0.6578560511993643,22.473265949768173,0.9508419851541667,43.0,22.85000601035602,24.51623405481169,1.010584831237793
C0145,32x16_relu_adam_lr0.05_wd0.001_do0_bs32_ns0,32x16,2,48,relu,adam,0.05,0.001,0.0,32,0.0,,,,23.443795080562484,0.8572685518004216,22.601399387651963,0.8423956929105216,37.6,22.617685500198576,24.37808300776439,4.135838270187378
C0004,32_relu_adam_lr0.05_wd0.005_do0_bs32_ns0,32,1,32,relu,adam,0.05,0.005,0.0,32,0.0,,,,23.447076679471433,0.781981547484561,22.880462574389885,0.5666141050815483,25.6,22.59818243964067,24.653461154576696,1.4081239700317383
C0167,32x16_tanh_adam_lr0.05_wd0.005_do0_bs128_ns0,32x16,2,48,tanh,adam,0.05,0.005,0.0,128,0.0,,,,23.47874496535053,0.7534745713859672,23.078998813445395,0.3997461519051342,53.0,22.778240656856628,24.551177426722848,2.8071796894073486
C0304,32x16x8_relu_adam_lr0.0005_wd0.005_do0_bs32_ns0,32x16x8,3,56,relu,adam,0.0005,0.005,0.0,32,0.0,,,,23.483394658389017,0.8470576253856,22.588029631580206,0.8953650268088111,244.6,22.45614152214358,24.559878425130965,24.12194299697876
C0332,32x16x8_relu_sgd_lr0.05_wd0.005_do0_bs32_ns0_momentum0.9,32x16x8,3,56,relu,sgd,0.05,0.005,0.0,32,0.0,0.9,,,23.486924846525774,0.7633370386720117,23.161458434332253,0.3254664121935207,42.2,22.661935525696855,24.538845738168927,4.256977796554565
C0148,32x16_relu_adam_lr0.05_wd0.005_do0_bs32_ns0,32x16,2,48,relu,adam,0.05,0.005,0.0,32,0.0,,,,23.497011853171028,0.9026525133714888,23.09712021371928,0.39989163945174866,51.4,22.646798046183164,24.93087515110095,5.484516382217407
C0010,32_relu_adam_lr0.005_wd0.005_do0_bs32_ns0,32,1,32,relu,adam,0.005,0.005,0.0,32,0.0,,,,23.4982784738813,0.9101999537724769,22.773170296521094,0.7251081773602053,47.8,22.556500913012695,24.936567533120165,2.1902341842651367
C0003,32_relu_adam_lr0.05_wd0.001_do0_bs256_ns0,32,1,32,relu,adam,0.05,0.001,0.0,256,0.0,,,,23.503501418548744,0.8215528837907768,22.819478406798424,0.6840230117503197,39.0,22.217649202695192,24.4742111475501,0.7748842239379883
C0150,32x16_relu_adam_lr0.05_wd0.005_do0_bs256_ns0,32x16,2,48,relu,adam,0.05,0.005,0.0,256,0.0,,,,23.52357329885863,1.0093740140494583,23.169214526873883,0.35435877198474586,43.2,22.301658621971857,25.08258363105008,2.0073323249816895
C0224,32x16_tanh_sgd_lr0.05_wd0.005_do0_bs32_ns0_momentum0.9,32x16,2,48,tanh,sgd,0.05,0.005,0.0,32,0.0,0.9,,,23.532068326260323,0.6799846191662932,23.07126759240811,0.46080073385221354,46.8,22.620015708106394,24.302481874414823,3.7736856937408447
C0317,32x16x8_tanh_adam_lr0.005_wd0.005_do0_bs128_ns0,32x16x8,3,56,tanh,adam,0.005,0.005,0.0,128,0.0,,,,23.534221788349,1.5160742282897472,22.628638484489183,0.9055833038598173,95.2,22.427343802873366,26.074333227027164,4.640949249267578
C0149,32x16_relu_adam_lr0.05_wd0.005_do0_bs128_ns0,32x16,2,48,relu,adam,0.05,0.005,0.0,128,0.0,,,,23.540031843897566,1.8333842948169947,22.974433501344024,0.5655983425535425,43.2,21.498089519437755,26.411393209335206,2.4155683517456055
C0113,32_relu_nesterov_lr0.05_wd0.005_do0_bs128_ns0_momentum0.9_nesterovTrue,32,1,32,relu,nesterov,0.05,0.005,0.0,128,0.0,0.9,True,,23.55019032390776,0.8841474486424598,23.071788142031306,0.47840218187645434,28.6,22.31331383436427,24.69863296581459,0.6961033344268799
C0006,32_relu_adam_lr0.05_wd0.005_do0_bs256_ns0,32,1,32,relu,adam,0.05,0.005,0.0,256,0.0,,,,23.571629310375265,0.8619675508980005,23.232414011132512,0.3392152992427526,35.8,22.41768435572815,24.59875102984597,0.7798779010772705
C0380,32x16x8_tanh_sgd_lr0.005_wd0.005_do0_bs32_ns0_momentum0.9,32x16x8,3,56,tanh,sgd,0.005,0.005,0.0,32,0.0,0.9,,,23.574481222508336,1.1813536406714866,22.441738546799286,1.13274267570905,124.2,22.39706520007571,25.391514767870497,10.006606101989746
C0424,32x16x8_tanh_nesterov_lr0.005_wd0.005_do0_bs32_ns0_momentum0.9_nesterovTrue,32x16x8,3,56,tanh,nesterov,0.005,0.005,0.0,32,0.0,0.9,True,,23.584700351447772,1.1521918449585244,22.374801456862716,1.2098988945850557,131.6,22.55224062616559,25.449191551893442,10.462140798568726
C0406,32x16x8_relu_nesterov_lr0.005_wd0.005_do0_bs32_ns0_momentum0.9_nesterovTrue,32x16x8,3,56,relu,nesterov,0.005,0.005,0.0,32,0.0,0.9,True,,23.5951646860023,0.9788546489148735,22.892135386391452,0.7030292996108471,100.8,22.49728920917533,25.056981645989143,8.49499225616455
C0110,32_relu_nesterov_lr0.05_wd0.001_do0_bs128_ns0_momentum0.9_nesterovTrue,32,1,32,relu,nesterov,0.05,0.001,0.0,128,0.0,0.9,True,,23.60018606596578,0.8864531513322197,23.01693087778536,0.58325518818042,28.6,22.28703023629915,24.71467747556244,0.7715249061584473
C0022,32_tanh_adam_lr0.05_wd0.005_do0_bs32_ns0,32,1,32,tanh,adam,0.05,0.005,0.0,32,0.0,,,,23.607993492928422,0.8058408868573413,23.124103309148033,0.48389018378038884,37.0,22.38105706869613,24.504830342731474,3.453221321105957
C0192,32x16_relu_sgd_lr0.05_wd0.005_do0_bs256_ns0_momentum0.9,32x16,2,48,relu,sgd,0.05,0.005,0.0,256,0.0,0.9,,,23.628170056914286,1.173106675447151,23.172546996087988,0.4556230608262979,53.0,22.368271140952608,25.55383642894552,2.1022162437438965
C0280,32x16_tanh_nesterov_lr0.005_wd0.005_do0_bs32_ns0_momentum0.9_nesterovTrue,32x16,2,48,tanh,nesterov,0.005,0.005,0.0,32,0.0,0.9,True,,23.636011738967117,1.0673937926378367,22.669093831457097,0.9669179075100196,130.2,22.5691132967436,24.935064644069968,8.927841186523438
C0421,32x16x8_tanh_nesterov_lr0.005_wd0.001_do0_bs32_ns0_momentum0.9_nesterovTrue,32x16x8,3,56,tanh,nesterov,0.005,0.001,0.0,32,0.0,0.9,True,,23.64473865996948,0.5293655454200097,22.489432196179315,1.1553064637901649,100.2,23.186322992661122,24.542669182042456,8.612120151519775
C0258,32x16_relu_nesterov_lr0.05_wd0.005_do0_bs256_ns0_momentum0.9_nesterovTrue,32x16,2,48,relu,nesterov,0.05,0.005,0.0,256,0.0,0.9,True,,23.659234260977758,1.0778492189114168,23.162111225944535,0.49712303503322275,47.8,22.41520124112923,25.30681565334337,1.8859877586364746
C0307,32x16x8_tanh_adam_lr0.05_wd0.001_do0_bs32_ns0,32x16x8,3,56,tanh,adam,0.05,0.001,0.0,32,0.0,,,,23.67170854599895,0.962734208931755,23.061421250471977,0.6102872955269731,60.2,22.591175739882548,25.029722536321533,7.121406316757202
C0334,32x16x8_relu_sgd_lr0.05_wd0.005_do0_bs128_ns0_momentum0.9,32x16x8,3,56,relu,sgd,0.05,0.005,0.0,128,0.0,0.9,,,23.67223645923122,1.2415992374063287,23.186764478149087,0.4854719810821351,50.2,22.50403074104319,25.723862105134664,2.5835914611816406
C0403,32x16x8_relu_nesterov_lr0.005_wd0.001_do0_bs32_ns0_momentum0.9_nesterovTrue,32x16x8,3,56,relu,nesterov,0.005,0.001,0.0,32,0.0,0.9,True,,23.67464078213832,1.1599456187375574,22.792801874521814,0.8818389076165047,98.2,22.292198728990982,25.33933023126539,8.42816948890686
C0194,32x16_relu_sgd_lr0.005_wd0.001_do0_bs32_ns0_momentum0.9,32x16,2,48,relu,sgd,0.005,0.001,0.0,32,0.0,0.9,,,23.675353744788765,0.8786485288101872,23.191365177912136,0.4839885668766293,58.4,22.55367459566653,24.893279431194365,4.713658571243286
C0160,32x16_relu_adam_lr0.0005_wd0.005_do0_bs32_ns0,32x16,2,48,relu,adam,0.0005,0.005,0.0,32,0.0,,,,23.685015930006454,0.9203259347586135,22.981798396010987,0.7032175339954669,160.0,22.603243661029335,24.97537756321696,13.422706604003906
C0200,32x16_relu_sgd_lr0.005_wd0.005_do0_bs32_ns0_momentum0.9,32x16,2,48,relu,sgd,0.005,0.005,0.0,32,0.0,0.9,,,23.68503189681793,0.9726015724097768,23.244463860553616,0.4405680362643132,53.0,22.64717324701123,25.05954062698324,4.2919762134552
C0181,32x16_relu_sgd_lr0.05_wd0.001_do0_bs32_ns0_momentum0.0,32x16,2,48,relu,sgd,0.05,0.001,0.0,32,0.0,0.0,,,23.690991975149775,1.3018552785057933,23.3027888632101,0.3882031119396743,60.6,21.80680500435932,25.369182552770027,5.069098949432373
C0147,32x16_relu_adam_lr0.05_wd0.001_do0_bs256_ns0,32x16,2,48,relu,adam,0.05,0.001,0.0,256,0.0,,,,23.699985661678607,0.9476285381194984,23.16181644931791,0.538169212360696,42.0,22.58594297412581,25.036653965844728,2.099713087081909
C0331,32x16x8_relu_sgd_lr0.05_wd0.005_do0_bs32_ns0_momentum0.0,32x16x8,3,56,relu,sgd,0.05,0.005,0.0,32,0.0,0.0,,,23.70795608717242,1.0307842940868577,23.030273417978567,0.6776826691938531,95.6,22.522489251605776,25.154600174326553,6.932680606842041
C0080,32_tanh_sgd_lr0.05_wd0.005_do0_bs32_ns0_momentum0.9,32,1,32,tanh,sgd,0.05,0.005,0.0,32,0.0,0.9,,,23.71884664521209,0.6179015648625872,23.330639141782918,0.38820750342917165,25.2,22.798943261061595,24.46592764467121,2.048816204071045
C0157,32x16_relu_adam_lr0.0005_wd0.001_do0_bs32_ns0,32x16,2,48,relu,adam,0.0005,0.001,0.0,32,0.0,,,,23.740308976540682,1.0072810666365037,22.945381474854873,0.7949275016858088,151.2,22.652247628241593,25.175779214363246,12.915117740631104
C0344,32x16x8_relu_sgd_lr0.005_wd0.005_do0_bs32_ns0_momentum0.9,32x16x8,3,56,relu,sgd,0.005,0.005,0.0,32,0.0,0.9,,,23.74924931604964,1.366782441114489,23.151775159851205,0.5974741561984338,91.0,22.4024392082649,25.982185194862957,7.457996368408203
C0328,32x16x8_relu_sgd_lr0.05_wd0.001_do0_bs128_ns0_momentum0.9,32x16x8,3,56,relu,sgd,0.05,0.001,0.0,128,0.0,0.9,,,23.75341750878037,1.2246402889375454,23.04545882016605,0.707958688614319,48.2,22.695255393105317,25.82750962952905,2.3321285247802734
C0255,32x16_relu_nesterov_lr0.05_wd0.001_do0_bs256_ns0_momentum0.9_nesterovTrue,32x16,2,48,relu,nesterov,0.05,0.001,0.0,256,0.0,0.9,True,,23.754495290090922,1.0391522230744197,23.29765817293416,0.4568371171567627,40.0,22.25980278292048,25.151028725072365,1.6815423965454102
C0021,32_tanh_adam_lr0.05_wd0.001_do0_bs256_ns0,32,1,32,tanh,adam,0.05,0.001,0.0,256,0.0,,,,23.800673200153465,0.286390130536306,23.229278438058863,0.5713947620946023,43.6,23.561677904032706,24.262635680200106,1.6175506114959717
C0275,32x16_tanh_nesterov_lr0.05_wd0.005_do0_bs128_ns0_momentum0.9_nesterovTrue,32x16,2,48,tanh,nesterov,0.05,0.005,0.0,128,0.0,0.9,True,,23.807647038882315,0.7989709161688548,23.20415084447181,0.6034961944105071,56.6,22.433529874916353,24.502291441188675,2.375602960586548
C0025,32_tanh_adam_lr0.005_wd0.001_do0_bs32_ns0,32,1,32,tanh,adam,0.005,0.001,0.0,32,0.0,,,,23.808117724124834,0.44265574732933904,23.163050348996332,0.6450673751285017,41.2,23.325269918432006,24.27341708589737,3.6352429389953613
C0187,32x16_relu_sgd_lr0.05_wd0.005_do0_bs32_ns0_momentum0.0,32x16,2,48,relu,sgd,0.05,0.005,0.0,32,0.0,0.0,,,23.811024026699766,1.1138065161164556,23.396803436246202,0.41422059045356363,56.0,22.346722022322133,25.387908936300867,4.266714334487915
C0338,32x16x8_relu_sgd_lr0.005_wd0.001_do0_bs32_ns0_momentum0.9,32x16x8,3,56,relu,sgd,0.005,0.001,0.0,32,0.0,0.9,,,23.813992436538683,1.2900328290494556,23.09670374382177,0.7172886927169131,80.0,22.72332153886426,25.94266047459238,7.14289665222168
C0082,32_tanh_sgd_lr0.05_wd0.005_do0_bs128_ns0_momentum0.9,32,1,32,tanh,sgd,0.05,0.005,0.0,128,0.0,0.9,,,23.82118935608846,0.30258437289727885,23.266098766834023,0.5550905892544371,57.4,23.44271225173319,24.172716677252303,2.1106948852539062
C0050,32_relu_sgd_lr0.005_wd0.001_do0_bs32_ns0_momentum0.9,32,1,32,relu,sgd,0.005,0.001,0.0,32,0.0,0.9,,,23.82462201892898,0.8152447420956247,23.09418163909735,0.7304403798316308,51.2,22.683770316149737,24.91611866916896,1.850339651107788
C0056,32_relu_sgd_lr0.005_wd0.005_do0_bs32_ns0_momentum0.9,32,1,32,relu,sgd,0.005,0.005,0.0,32,0.0,0.9,,,23.833418609199168,0.7725811260575814,23.099163181863695,0.7342554273354729,55.4,22.964744905210626,24.94365242376602,1.9579734802246094
C0272,32x16_tanh_nesterov_lr0.05_wd0.001_do0_bs128_ns0_momentum0.9_nesterovTrue,32x16,2,48,tanh,nesterov,0.05,0.001,0.0,128,0.0,0.9,True,,23.839883209082576,0.8597436820690958,22.960490241483193,0.879392967599383,55.6,22.40923260483282,24.506351060062624,2.615706205368042
C0114,32_relu_nesterov_lr0.05_wd0.005_do0_bs256_ns0_momentum0.9_nesterovTrue,32,1,32,relu,nesterov,0.05,0.005,0.0,256,0.0,0.9,True,,23.845162956091293,0.6964773335456822,23.63505719698191,0.210105759109382,24.4,23.05957552206261,24.876279307823552,0.5439543724060059
C0023,32_tanh_adam_lr0.05_wd0.005_do0_bs128_ns0,32,1,32,tanh,adam,0.05,0.005,0.0,128,0.0,,,,23.853750130199323,0.7566224126773828,23.374089399062814,0.47966073113650864,31.8,22.674167337450875,24.561390686806448,1.739396333694458
C0226,32x16_tanh_sgd_lr0.05_wd0.005_do0_bs128_ns0_momentum0.9,32x16,2,48,tanh,sgd,0.05,0.005,0.0,128,0.0,0.9,,,23.854556766698458,0.4558152198391914,23.387532516562185,0.4670242501362729,45.6,23.250462032925096,24.514459526335642,2.085273504257202
C0325,32x16x8_relu_sgd_lr0.05_wd0.001_do0_bs32_ns0_momentum0.0,32x16x8,3,56,relu,sgd,0.05,0.001,0.0,32,0.0,0.0,,,23.867550999837487,1.110315891869283,23.066467329731328,0.8010836701061592,73.8,22.42651828352458,25.43679600859703,5.709136009216309
C0186,32x16_relu_sgd_lr0.05_wd0.001_do0_bs256_ns0_momentum0.9,32x16,2,48,relu,sgd,0.05,0.001,0.0,256,0.0,0.9,,,23.89122686158065,1.3610650885297382,23.552307102949857,0.3389197586307908,36.0,22.17613338723846,25.67723262120034,1.7307460308074951
C0118,32_relu_nesterov_lr0.005_wd0.005_do0_bs32_ns0_momentum0.9_nesterovTrue,32,1,32,relu,nesterov,0.005,0.005,0.0,32,0.0,0.9,True,,23.893145999754534,1.0168902178289991,23.18097343366513,0.7121725660894036,51.0,22.751828797311422,25.440015791648296,1.8493354320526123
C0115,32_relu_nesterov_lr0.005_wd0.001_do0_bs32_ns0_momentum0.9_nesterovTrue,32,1,32,relu,nesterov,0.005,0.001,0.0,32,0.0,0.9,True,,23.90881437522097,1.0171911629166752,23.11782032504497,0.7909940501759998,51.0,22.747766358086608,25.449236007094903,1.858168601989746
C0401,32x16x8_relu_nesterov_lr0.05_wd0.005_do0_bs128_ns0_momentum0.9_nesterovTrue,32x16x8,3,56,relu,nesterov,0.05,0.005,0.0,128,0.0,0.9,True,,23.912491362344003,1.3913919303990259,23.303235914197206,0.6092554481467971,60.0,22.359127802829608,25.860861297870297,2.9209671020507812
C0111,32_relu_nesterov_lr0.05_wd0.001_do0_bs256_ns0_momentum0.9_nesterovTrue,32,1,32,relu,nesterov,0.05,0.001,0.0,256,0.0,0.9,True,,23.917047604250484,0.6548069800518646,23.63253817938254,0.28450942486794517,24.8,23.140269833410258,24.893509221522603,0.6035985946655273
C0028,32_tanh_adam_lr0.005_wd0.005_do0_bs32_ns0,32,1,32,tanh,adam,0.005,0.005,0.0,32,0.0,,,,23.923791689463247,0.5710767478666866,23.418755188185408,0.5050365012778393,46.8,23.14504413284492,24.569314992683662,4.156944274902344
C0370,32x16x8_tanh_sgd_lr0.05_wd0.005_do0_bs128_ns0_momentum0.9,32x16x8,3,56,tanh,sgd,0.05,0.005,0.0,128,0.0,0.9,,,23.940654772633962,1.8125501765416692,23.005297579181008,0.9353571934529548,76.6,22.179577052710627,26.79950705292266,3.4274134635925293
C0277,32x16_tanh_nesterov_lr0.005_wd0.001_do0_bs32_ns0_momentum0.9_nesterovTrue,32x16,2,48,tanh,nesterov,0.005,0.001,0.0,32,0.0,0.9,True,,23.956116729802204,0.8614906355641385,23.203596922397146,0.7525198074050579,87.4,22.821758947546307,25.02274741322475,6.352442741394043
C0024,32_tanh_adam_lr0.05_wd0.005_do0_bs256_ns0,32,1,32,tanh,adam,0.05,0.005,0.0,256,0.0,,,,23.96422494525276,0.836848189280179,23.596538051696125,0.367686893556634,39.0,22.831837746458067,25.147393182458824,1.5487642288208008
C0042,32_relu_sgd_lr0.05_wd0.001_do0_bs256_ns0_momentum0.9,32,1,32,relu,sgd,0.05,0.001,0.0,256,0.0,0.9,,,23.966659962391475,0.6761945131660465,23.241060323088288,0.7255996393031872,42.6,23.344399647526718,25.108275630076086,0.8267579078674316
C0170,32x16_tanh_adam_lr0.005_wd0.001_do0_bs128_ns0,32x16,2,48,tanh,adam,0.005,0.001,0.0,128,0.0,,,,23.976524414353626,1.1241793247397016,23.31921732691181,0.657307087441815,53.4,22.20301145952604,25.156288172499476,2.9107272624969482
C0300,32x16x8_relu_adam_lr0.005_wd0.005_do0_bs256_ns0,32x16x8,3,56,relu,adam,0.005,0.005,0.0,256,0.0,,,,24.009923087933704,1.10627230223412,23.154351962849596,0.8555711250841078,76.0,22.87904421824353,25.812514102411445,3.7540574073791504
C0398,32x16x8_relu_nesterov_lr0.05_wd0.001_do0_bs128_ns0_momentum0.9_nesterovTrue,32x16x8,3,56,relu,nesterov,0.05,0.001,0.0,128,0.0,0.9,True,,24.017121675496487,1.5716662678304059,23.684621566003187,0.33250010949329933,33.2,22.063092737729857,25.810922162444264,2.1098527908325195
C0230,32x16_tanh_sgd_lr0.005_wd0.001_do0_bs32_ns0_momentum0.9,32x16,2,48,tanh,sgd,0.005,0.001,0.0,32,0.0,0.9,,,24.01928519287504,1.0282902814547474,23.23074124145885,0.7885439514161874,85.2,22.869310111688616,25.09312192176673,6.104758977890015
C0040,32_relu_sgd_lr0.05_wd0.001_do0_bs128_ns0_momentum0.9,32,1,32,relu,sgd,0.05,0.001,0.0,128,0.0,0.9,,,24.01973163898907,0.9282749609607064,23.471483143600032,0.5482484953890392,29.4,23.417291773037125,25.64697977427781,0.7828786373138428
C0046,32_relu_sgd_lr0.05_wd0.005_do0_bs128_ns0_momentum0.9,32,1,32,relu,sgd,0.05,0.005,0.0,128,0.0,0.9,,,24.03040154523705,0.9383441669703104,23.622707934306625,0.40769361093042633,26.0,23.320883917266958,25.66295851618448,0.6741046905517578
C0076,32_tanh_sgd_lr0.05_wd0.001_do0_bs128_ns0_momentum0.9,32,1,32,tanh,sgd,0.05,0.001,0.0,128,0.0,0.9,,,24.032527323049624,1.4248714035169423,23.518673715279554,0.5138536077700699,47.6,22.667174995393374,26.448810843357943,1.816366195678711
C0048,32_relu_sgd_lr0.05_wd0.005_do0_bs256_ns0_momentum0.9,32,1,32,relu,sgd,0.05,0.005,0.0,256,0.0,0.9,,,24.04454380583193,0.6843612527778145,23.576598214893487,0.46794559093844157,31.0,23.297372855293325,25.14759254726289,0.6394412517547607
C0128,32_tanh_nesterov_lr0.05_wd0.001_do0_bs128_ns0_momentum0.9_nesterovTrue,32,1,32,tanh,nesterov,0.05,0.001,0.0,128,0.0,0.9,True,,24.051281120047243,0.33120998768991394,23.499807590746897,0.5514735293003454,44.6,23.714536191106333,24.448793502579186,1.862870454788208
C0011,32_relu_adam_lr0.005_wd0.005_do0_bs128_ns0,32,1,32,relu,adam,0.005,0.005,0.0,128,0.0,,,,24.063003506169753,0.7028305934526176,23.375457404047232,0.6875461021225213,62.2,23.430529329664605,25.213320539139147,1.2905528545379639
C0236,32x16_tanh_sgd_lr0.005_wd0.005_do0_bs32_ns0_momentum0.9,32x16,2,48,tanh,sgd,0.005,0.005,0.0,32,0.0,0.9,,,24.087317261591416,0.9093851323173427,23.417852100226167,0.6694651613652489,89.6,23.170482372196943,25.173044231287054,6.616549968719482
C0314,32x16x8_tanh_adam_lr0.005_wd0.001_do0_bs128_ns0,32x16x8,3,56,tanh,adam,0.005,0.001,0.0,128,0.0,,,,24.106727141984265,1.9356261062220084,23.204732399358942,0.9019947426253232,60.8,22.460212629631208,26.39048328759232,3.4188382625579834
C0043,32_relu_sgd_lr0.05_wd0.005_do0_bs32_ns0_momentum0.0,32,1,32,relu,sgd,0.05,0.005,0.0,32,0.0,0.0,,,24.11221679354366,0.8096098104907686,23.848458420496872,0.2637583730467874,23.2,23.22065085429506,25.2899134094394,1.0303196907043457
C0175,32x16_tanh_adam_lr0.0005_wd0.001_do0_bs32_ns0,32x16,2,48,tanh,adam,0.0005,0.001,0.0,32,0.0,,,,24.1320673524079,0.7915954398551217,23.516918784519355,0.6151485678885464,128.6,23.044453945704184,24.82235210582548,12.26438593864441
C0404,32x16x8_relu_nesterov_lr0.005_wd0.001_do0_bs128_ns0_momentum0.9_nesterovTrue,32x16x8,3,56,relu,nesterov,0.005,0.001,0.0,128,0.0,0.9,True,,24.13295793983367,0.9259962632075995,23.32340434741055,0.8095535924231214,188.0,23.19829407516844,25.64369814169836,7.465587377548218
C0289,32x16x8_relu_adam_lr0.05_wd0.001_do0_bs32_ns0,32x16x8,3,56,relu,adam,0.05,0.001,0.0,32,0.0,,,,24.140201922186908,2.092544670612092,23.815142862683818,0.32505905950309,42.6,22.24832096468095,26.998092335243495,5.693178653717041
C0008,32_relu_adam_lr0.005_wd0.001_do0_bs128_ns0,32,1,32,relu,adam,0.005,0.001,0.0,128,0.0,,,,24.146488999295066,0.6321954283473207,23.441442742511498,0.705046256783568,56.4,23.41317971648318,24.864231153095943,1.1741516590118408
C0367,32x16x8_tanh_sgd_lr0.05_wd0.005_do0_bs32_ns0_momentum0.0,32x16x8,3,56,tanh,sgd,0.05,0.005,0.0,32,0.0,0.0,,,24.154222039277627,0.9435339013097729,23.219598953624672,0.9346230856529552,85.6,22.99065503375413,25.46353509240468,6.597703218460083
C0037,32_relu_sgd_lr0.05_wd0.001_do0_bs32_ns0_momentum0.0,32,1,32,relu,sgd,0.05,0.001,0.0,32,0.0,0.0,,,24.18503567149211,0.7887785261245992,23.87268976170809,0.31234590978401755,25.8,23.229905535011248,25.342504733068687,1.099433183670044
C0361,32x16x8_tanh_sgd_lr0.05_wd0.001_do0_bs32_ns0_momentum0.0,32x16x8,3,56,tanh,sgd,0.05,0.001,0.0,32,0.0,0.0,,,24.196831450601653,1.1557828632405402,23.04428753963675,1.152543910964905,84.4,22.765799422420347,25.610274360859613,6.83905553817749
C0173,32x16_tanh_adam_lr0.005_wd0.005_do0_bs128_ns0,32x16,2,48,tanh,adam,0.005,0.005,0.0,128,0.0,,,,24.198908088850295,0.9053848566039239,23.7605503820527,0.43835770679759634,49.4,22.976943509986526,25.298963119935856,2.8398828506469727
C0153,32x16_relu_adam_lr0.005_wd0.001_do0_bs256_ns0,32x16,2,48,relu,adam,0.005,0.001,0.0,256,0.0,,,,24.20254459127139,1.0489362351946274,23.89612681806503,0.3064177732063591,42.8,23.287095867390793,26.002866412762142,1.9537169933319092
C0131,32_tanh_nesterov_lr0.05_wd0.005_do0_bs128_ns0_momentum0.9_nesterovTrue,32,1,32,tanh,nesterov,0.05,0.005,0.0,128,0.0,0.9,True,,24.20801767687301,0.486317383252012,23.75398799859486,0.45402967827815033,39.8,23.565780731522022,24.82313731072035,1.68312668800354
C0407,32x16x8_relu_nesterov_lr0.005_wd0.005_do0_bs128_ns0_momentum0.9_nesterovTrue,32x16x8,3,56,relu,nesterov,0.005,0.005,0.0,128,0.0,0.9,True,,24.217967058460356,1.0478141451333007,23.522907512654303,0.6950595458060533,180.2,23.22847383245945,25.949904716902033,7.134904861450195
C0260,32x16_relu_nesterov_lr0.005_wd0.001_do0_bs128_ns0_momentum0.9_nesterovTrue,32x16,2,48,relu,nesterov,0.005,0.001,0.0,128,0.0,0.9,True,,24.242048053865073,1.5651104551018882,23.95253705358806,0.28951100027701315,82.4,22.796460824150557,26.89560184908642,3.524446964263916
C0263,32x16_relu_nesterov_lr0.005_wd0.005_do0_bs128_ns0_momentum0.9_nesterovTrue,32x16,2,48,relu,nesterov,0.005,0.005,0.0,128,0.0,0.9,True,,24.242230404611746,1.558168130522799,23.971820042610876,0.2704103620008702,86.2,22.849868329768178,26.890444027114306,4.004049777984619
C0165,32x16_tanh_adam_lr0.05_wd0.001_do0_bs256_ns0,32x16,2,48,tanh,adam,0.05,0.001,0.0,256,0.0,,,,24.26633762929849,0.6098140079558823,23.66278841303054,0.6035492162679503,53.8,23.617329150023618,25.219208858353642,2.4978151321411133
C0026,32_tanh_adam_lr0.005_wd0.001_do0_bs128_ns0,32,1,32,tanh,adam,0.005,0.001,0.0,128,0.0,,,,24.26664975165275,0.5107777904974858,23.718388747163573,0.5482610044891771,63.4,23.605655294668516,24.867859714163906,2.552145004272461
C0268,32x16_relu_nesterov_lr0.0005_wd0.005_do0_bs32_ns0_momentum0.9_nesterovTrue,32x16,2,48,relu,nesterov,0.0005,0.005,0.0,32,0.0,0.9,True,,24.27404761065431,1.121878164615602,23.827055609257595,0.44699200139671547,198.4,23.21052948992974,26.06795563624932,13.494807004928589
C0336,32x16x8_relu_sgd_lr0.05_wd0.005_do0_bs256_ns0_momentum0.9,32x16x8,3,56,relu,sgd,0.05,0.005,0.0,256,0.0,0.9,,,24.27628765003597,1.33586248505606,24.131724308116496,0.14456334191947562,34.2,22.59896873146129,25.615358936412395,1.7652790546417236
C0265,32x16_relu_nesterov_lr0.0005_wd0.001_do0_bs32_ns0_momentum0.9_nesterovTrue,32x16,2,48,relu,nesterov,0.0005,0.001,0.0,32,0.0,0.9,True,,24.282841502030905,1.1546687599914591,23.81651409719285,0.46632740483805435,200.2,23.219751279298734,26.136850820038905,14.111172676086426
C0178,32x16_tanh_adam_lr0.0005_wd0.005_do0_bs32_ns0,32x16,2,48,tanh,adam,0.0005,0.005,0.0,32,0.0,,,,24.28541657079042,0.63102310338154,23.766873583928344,0.5185429868620766,121.2,23.571840048807807,25.00546594147367,12.050015211105347
C0133,32_tanh_nesterov_lr0.005_wd0.001_do0_bs32_ns0_momentum0.9_nesterovTrue,32,1,32,tanh,nesterov,0.005,0.001,0.0,32,0.0,0.9,True,,24.291837930751047,0.6487769010514146,23.517323788190932,0.7745141425601147,87.6,23.704809096910232,25.273033344381314,5.364055395126343
C0330,32x16x8_relu_sgd_lr0.05_wd0.001_do0_bs256_ns0_momentum0.9,32x16x8,3,56,relu,sgd,0.05,0.001,0.0,256,0.0,0.9,,,24.29817614100275,1.3756914760642027,24.12367879505565,0.1744973459470991,37.8,22.855023806919807,25.772445697649847,1.8715941905975342
C0202,32x16_relu_sgd_lr0.005_wd0.005_do0_bs128_ns0_momentum0.9,32x16,2,48,relu,sgd,0.005,0.005,0.0,128,0.0,0.9,,,24.30234280374983,1.616890944845611,24.083217520146327,0.21912528360350336,78.6,22.847661144738243,27.035353270444592,3.1529107093811035
C0136,32_tanh_nesterov_lr0.005_wd0.005_do0_bs32_ns0_momentum0.9_nesterovTrue,32,1,32,tanh,nesterov,0.005,0.005,0.0,32,0.0,0.9,True,,24.304530670974366,0.6879856440197628,23.57790439118632,0.7266262797880465,92.4,23.586992230266365,25.381612566089338,5.508342266082764
C0228,32x16_tanh_sgd_lr0.05_wd0.005_do0_bs256_ns0_momentum0.9,32x16,2,48,tanh,sgd,0.05,0.005,0.0,256,0.0,0.9,,,24.312764733210873,0.7356647284166108,23.978757425544035,0.3340073076668375,49.8,23.47406035276193,25.41449829921037,1.959031581878662
C0212,32x16_relu_sgd_lr0.0005_wd0.005_do0_bs32_ns0_momentum0.9,32x16,2,48,relu,sgd,0.0005,0.005,0.0,32,0.0,0.9,,,24.340614923603198,1.050271600796028,23.92129189660799,0.4193230269952082,182.6,23.449092496552133,26.068227533892575,12.885384321212769
C0196,32x16_relu_sgd_lr0.005_wd0.001_do0_bs128_ns0_momentum0.9,32x16,2,48,relu,sgd,0.005,0.001,0.0,128,0.0,0.9,,,24.349583344326817,1.5912858338986795,24.140097982582567,0.2094853617442496,72.8,22.938848828345378,27.04176079408591,3.1103920936584473
C0206,32x16_relu_sgd_lr0.0005_wd0.001_do0_bs32_ns0_momentum0.9,32x16,2,48,relu,sgd,0.0005,0.001,0.0,32,0.0,0.9,,,24.350773894196443,1.0845102086642782,23.90245802033367,0.44831587386277505,186.4,23.45291100915297,26.139791173116418,11.80105972290039
C0305,32x16x8_relu_adam_lr0.0005_wd0.005_do0_bs128_ns0,32x16x8,3,56,relu,adam,0.0005,0.005,0.0,128,0.0,,,,24.351240097597014,1.0543822751898209,23.5781383169796,0.773101780617413,266.2,23.10410609486525,25.596845519176256,12.09476375579834
C0016,32_relu_adam_lr0.0005_wd0.005_do0_bs32_ns0,32,1,32,relu,adam,0.0005,0.005,0.0,32,0.0,,,,24.35612702873601,0.8968877207257243,23.71499026925535,0.6411367594806627,150.4,23.624181516784667,25.82190768890439,5.176826000213623
C0199,32x16_relu_sgd_lr0.005_wd0.005_do0_bs32_ns0_momentum0.0,32x16,2,48,relu,sgd,0.005,0.005,0.0,32,0.0,0.0,,,24.373965168045665,0.9964119443103321,24.02736945185727,0.34659571618839635,155.4,23.512595695741418,25.951294094068952,9.428558588027954
C0119,32_relu_nesterov_lr0.005_wd0.005_do0_bs128_ns0_momentum0.9_nesterovTrue,32,1,32,relu,nesterov,0.005,0.005,0.0,128,0.0,0.9,True,,24.389517559568244,0.9461109598035872,23.85751856828321,0.5319989912850325,69.4,23.54258327174484,25.897871743756696,1.2723515033721924
C0156,32x16_relu_adam_lr0.005_wd0.005_do0_bs256_ns0,32x16,2,48,relu,adam,0.005,0.005,0.0,256,0.0,,,,24.393537223527208,0.8694333427476901,24.164635789431667,0.22890143409554042,36.6,23.80670785607709,25.921312123779632,1.8509807586669922
C0189,32x16_relu_sgd_lr0.05_wd0.005_do0_bs128_ns0_momentum0.0,32x16,2,48,relu,sgd,0.05,0.005,0.0,128,0.0,0.0,,,24.397091792926293,1.1580528540560568,24.33485863307384,0.06223315985245392,47.8,23.240814209862627,26.184363510128907,2.183990478515625
C0319,32x16x8_tanh_adam_lr0.0005_wd0.001_do0_bs32_ns0,32x16x8,3,56,tanh,adam,0.0005,0.001,0.0,32,0.0,,,,24.39717656520191,2.064372600327683,23.063367977658146,1.3338085875437642,144.2,22.48066737389982,27.181422679257473,14.209912776947021
C0399,32x16x8_relu_nesterov_lr0.05_wd0.001_do0_bs256_ns0_momentum0.9_nesterovTrue,32x16x8,3,56,relu,nesterov,0.05,0.001,0.0,256,0.0,0.9,True,,24.421030188332903,1.5925138521152264,24.238959726608307,0.18207046172459584,34.4,22.52339014513786,25.745240600147184,1.8694665431976318
C0168,32x16_tanh_adam_lr0.05_wd0.005_do0_bs256_ns0,32x16,2,48,tanh,adam,0.05,0.005,0.0,256,0.0,,,,24.43805362848328,1.5900381236181484,24.02149390305618,0.41655972542710273,47.0,23.017328649370572,27.166431264716334,2.23357892036438
C0029,32_tanh_adam_lr0.005_wd0.005_do0_bs128_ns0,32,1,32,tanh,adam,0.005,0.005,0.0,128,0.0,,,,24.442231881311965,0.6257936966213009,23.97549985269627,0.46673202861569507,60.2,23.864784380611006,25.415264039256005,2.465919256210327
C0293,32x16x8_relu_adam_lr0.05_wd0.005_do0_bs128_ns0,32x16x8,3,56,relu,adam,0.05,0.005,0.0,128,0.0,,,,24.44270466282384,1.4895221828069913,24.09818792297519,0.3445167398486504,46.8,22.727696887492094,26.22346547073449,2.7912533283233643
C0124,32_relu_nesterov_lr0.0005_wd0.005_do0_bs32_ns0_momentum0.9_nesterovTrue,32,1,32,relu,nesterov,0.0005,0.005,0.0,32,0.0,0.9,True,,24.44306861246969,0.9944092217943684,23.808582454458776,0.6344861580109153,198.4,23.547564078050044,26.08280612294586,5.499587774276733
C0340,32x16x8_relu_sgd_lr0.005_wd0.001_do0_bs128_ns0_momentum0.9,32x16x8,3,56,relu,sgd,0.005,0.001,0.0,128,0.0,0.9,,,24.454235537260775,1.4304009704933636,23.69750163687198,0.7567339003887952,154.4,22.79829734655882,26.02838000058943,6.763135671615601
C0322,32x16x8_tanh_adam_lr0.0005_wd0.005_do0_bs32_ns0,32x16x8,3,56,tanh,adam,0.0005,0.005,0.0,32,0.0,,,,24.462020046459518,2.181322378237239,23.26276211017909,1.1992579362804285,174.0,22.106072417113353,27.26723512579752,17.105818510055542
C0116,32_relu_nesterov_lr0.005_wd0.001_do0_bs128_ns0_momentum0.9_nesterovTrue,32,1,32,relu,nesterov,0.005,0.001,0.0,128,0.0,0.9,True,,24.46853226704007,0.8938578935052081,23.90269762147626,0.565834645563811,65.2,23.568340968626273,25.9053980309057,1.258984088897705
C0346,32x16x8_relu_sgd_lr0.005_wd0.005_do0_bs128_ns0_momentum0.9,32x16x8,3,56,relu,sgd,0.005,0.005,0.0,128,0.0,0.9,,,24.475973109782892,1.4435649937716255,23.89239581414761,0.5835772956352834,141.2,22.814658942269336,26.145387991174164,5.573629140853882
C0013,32_relu_adam_lr0.0005_wd0.001_do0_bs32_ns0,32,1,32,relu,adam,0.0005,0.001,0.0,32,0.0,,,,24.486083185417435,0.847401988838939,23.831933131835086,0.6541500535823488,126.2,23.624983260607074,25.856936219737484,4.521716356277466
C0055,32_relu_sgd_lr0.005_wd0.005_do0_bs32_ns0_momentum0.0,32,1,32,relu,sgd,0.005,0.005,0.0,32,0.0,0.0,,,24.491344074622273,1.0670473155065725,23.88491058613935,0.6064334884829243,184.8,23.55806068091162,26.222921917661115,4.560476303100586
C0068,32_relu_sgd_lr0.0005_wd0.005_do0_bs32_ns0_momentum0.9,32,1,32,relu,sgd,0.0005,0.005,0.0,32,0.0,0.9,,,24.49864371256271,0.9483847808672724,23.89921135082418,0.5994323617385291,182.6,23.716173237558948,26.07118706264265,4.992376804351807
C0045,32_relu_sgd_lr0.05_wd0.005_do0_bs128_ns0_momentum0.0,32,1,32,relu,sgd,0.05,0.005,0.0,128,0.0,0.0,,,24.49942523618212,0.9529848491354338,24.079819320946847,0.41960591523527313,48.2,23.378405901945595,25.96932816091718,0.924746036529541
C0121,32_relu_nesterov_lr0.0005_wd0.001_do0_bs32_ns0_momentum0.9_nesterovTrue,32,1,32,relu,nesterov,0.0005,0.001,0.0,32,0.0,0.9,True,,24.501276732748664,1.010390536048049,23.8435306231429,0.657746109605764,191.6,23.567761735135015,26.100764635413373,5.540684938430786
C0302,32x16x8_relu_adam_lr0.0005_wd0.001_do0_bs128_ns0,32x16x8,3,56,relu,adam,0.0005,0.001,0.0,128,0.0,,,,24.50345194394395,1.0902563457314278,23.63262398778516,0.8708279561587915,232.8,23.333023139079195,25.65756787491398,11.322569131851196
C0161,32x16_relu_adam_lr0.0005_wd0.005_do0_bs128_ns0,32x16,2,48,relu,adam,0.0005,0.005,0.0,128,0.0,,,,24.505754974377915,0.7870058156497349,24.081207346681936,0.4245476276959792,178.2,23.90328241568141,25.851341548799702,7.147996425628662
C0049,32_relu_sgd_lr0.005_wd0.001_do0_bs32_ns0_momentum0.0,32,1,32,relu,sgd,0.005,0.001,0.0,32,0.0,0.0,,,24.514181948763056,1.065568613389373,23.87733301962865,0.6368489291344055,186.4,23.57421406385469,26.240980617881483,4.765244483947754
C0356,32x16x8_relu_sgd_lr0.0005_wd0.005_do0_bs32_ns0_momentum0.9,32x16x8,3,56,relu,sgd,0.0005,0.005,0.0,32,0.0,0.9,,,24.51499956859526,1.2270381359560922,23.76640788690844,0.7485916816868219,398.4,23.137882954481917,26.37205461206661,27.175821781158447
C0412,32x16x8_relu_nesterov_lr0.0005_wd0.005_do0_bs32_ns0_momentum0.9_nesterovTrue,32x16x8,3,56,relu,nesterov,0.0005,0.005,0.0,32,0.0,0.9,True,,24.517494245962983,1.2254420012344884,23.76763971949326,0.7498545264697221,396.4,23.140964360970962,26.379781549241578,30.36341691017151
C0058,32_relu_sgd_lr0.005_wd0.005_do0_bs128_ns0_momentum0.9,32,1,32,relu,sgd,0.005,0.005,0.0,128,0.0,0.9,,,24.522709878049643,0.8663832777541687,24.025712582888218,0.49699729516142455,67.4,23.53217523465232,25.764226318795913,1.1660549640655518
C0193,32x16_relu_sgd_lr0.005_wd0.001_do0_bs32_ns0_momentum0.0,32x16,2,48,relu,sgd,0.005,0.001,0.0,32,0.0,0.0,,,24.533300162594927,0.8715833339237147,24.171697818431706,0.3616023441632201,142.4,23.69709983232141,25.94352899571688,8.652900218963623
C0158,32x16_relu_adam_lr0.0005_wd0.001_do0_bs128_ns0,32x16,2,48,relu,adam,0.0005,0.001,0.0,128,0.0,,,,24.534633315704415,0.9458476513378594,24.006004718150436,0.5286285975539791,176.2,23.841716536443414,26.17245970417927,7.277706861495972
C0183,32x16_relu_sgd_lr0.05_wd0.001_do0_bs128_ns0_momentum0.0,32x16,2,48,relu,sgd,0.05,0.001,0.0,128,0.0,0.0,,,24.54224271011505,1.0962753961932448,24.49836693564564,0.04387577446940938,43.8,23.42361458596896,26.184093847155623,2.056593418121338
C0292,32x16x8_relu_adam_lr0.05_wd0.005_do0_bs32_ns0,32x16x8,3,56,relu,adam,0.05,0.005,0.0,32,0.0,,,,24.544989298650798,1.7584727332319274,24.40831888607891,0.13667041257188828,44.4,22.629400291635772,26.877894849099654,5.7747979164123535
C0052,32_relu_sgd_lr0.005_wd0.001_do0_bs128_ns0_momentum0.9,32,1,32,relu,sgd,0.005,0.001,0.0,128,0.0,0.9,,,24.546122598720473,0.8546454905614298,24.023003957178453,0.5231186415420197,67.4,23.55455809514296,25.76646842204395,1.1816847324371338
C0402,32x16x8_relu_nesterov_lr0.05_wd0.005_do0_bs256_ns0_momentum0.9_nesterovTrue,32x16x8,3,56,relu,nesterov,0.05,0.005,0.0,256,0.0,0.9,True,,24.561526399855687,1.4298034637368329,24.395807233843573,0.16571916601211356,27.6,22.651452866250605,25.715104503789235,1.5626237392425537
C0039,32_relu_sgd_lr0.05_wd0.001_do0_bs128_ns0_momentum0.0,32,1,32,relu,sgd,0.05,0.001,0.0,128,0.0,0.0,,,24.564914284179896,0.9715853641050027,24.111322490955025,0.4535917932248701,50.4,23.388168276833976,25.986149365769688,1.0479116439819336
C0062,32_relu_sgd_lr0.0005_wd0.001_do0_bs32_ns0_momentum0.9,32,1,32,relu,sgd,0.0005,0.001,0.0,32,0.0,0.9,,,24.56615684212428,0.9463386663810505,23.954955343519046,0.611201498605233,167.8,23.72954371408707,26.087959200785583,4.6329967975616455
C0409,32x16x8_relu_nesterov_lr0.0005_wd0.001_do0_bs32_ns0_momentum0.9_nesterovTrue,32x16x8,3,56,relu,nesterov,0.0005,0.001,0.0,32,0.0,0.9,True,,24.579126408944774,1.2321541294734297,23.74334223224214,0.835784176702635,385.2,23.052342445351112,26.423041453617383,27.270694255828857
C0337,32x16x8_relu_sgd_lr0.005_wd0.001_do0_bs32_ns0_momentum0.0,32x16x8,3,56,relu,sgd,0.005,0.001,0.0,32,0.0,0.0,,,24.579347409190902,1.159821377356738,23.723391755720954,0.8559556534699482,385.0,23.480536798918997,26.43388977170332,25.364052295684814
C0290,32x16x8_relu_adam_lr0.05_wd0.001_do0_bs128_ns0,32x16x8,3,56,relu,adam,0.05,0.001,0.0,128,0.0,,,,24.583033483634917,1.3851031729795842,24.069727495408298,0.5133059882266195,58.8,22.963996646037693,26.546394064552874,3.3556153774261475
C0222,32x16_tanh_sgd_lr0.05_wd0.001_do0_bs256_ns0_momentum0.9,32x16,2,48,tanh,sgd,0.05,0.001,0.0,256,0.0,0.9,,,24.583115008489727,0.7623778424980243,24.178461545749265,0.40465346274046254,46.0,23.738437949335854,25.779232639849102,2.0942227840423584
C0311,32x16x8_tanh_adam_lr0.05_wd0.005_do0_bs128_ns0,32x16x8,3,56,tanh,adam,0.05,0.005,0.0,128,0.0,,,,24.589521900465535,1.5975538636185405,24.201378622856105,0.38814327760943,67.0,22.996712300850596,26.816568100633685,3.6714441776275635
C0276,32x16_tanh_nesterov_lr0.05_wd0.005_do0_bs256_ns0_momentum0.9_nesterovTrue,32x16,2,48,tanh,nesterov,0.05,0.005,0.0,256,0.0,0.9,True,,24.610658752336857,0.6233139684234976,24.203906542961146,0.40675220937571055,46.4,24.130005730274483,25.674073117761772,1.95894455909729
C0273,32x16_tanh_nesterov_lr0.05_wd0.001_do0_bs256_ns0_momentum0.9_nesterovTrue,32x16,2,48,tanh,nesterov,0.05,0.001,0.0,256,0.0,0.9,True,,24.611279307582002,0.5719911737570614,24.165429698969675,0.4458496086123276,45.8,24.099421169880173,25.542270738468055,1.847055435180664
C0217,32x16_tanh_sgd_lr0.05_wd0.001_do0_bs32_ns0_momentum0.0,32x16,2,48,tanh,sgd,0.05,0.001,0.0,32,0.0,0.0,,,24.625728967717063,1.054437192148858,23.932307716095714,0.6934212516213485,100.0,23.204405382069503,25.77338667488373,6.673190355300903
C0294,32x16x8_relu_adam_lr0.05_wd0.005_do0_bs256_ns0,32x16x8,3,56,relu,adam,0.05,0.005,0.0,256,0.0,,,,24.631798022669518,1.4879671418533096,24.52110106449179,0.1106969581777264,40.0,23.19882733906646,27.11956887472737,2.071411371231079
C0343,32x16x8_relu_sgd_lr0.005_wd0.005_do0_bs32_ns0_momentum0.0,32x16x8,3,56,relu,sgd,0.005,0.005,0.0,32,0.0,0.0,,,24.63464852410401,1.0644488142003057,23.876136608894484,0.7585119152095245,364.2,23.481721531704867,26.331943961053742,23.30852723121643
C0176,32x16_tanh_adam_lr0.0005_wd0.001_do0_bs128_ns0,32x16,2,48,tanh,adam,0.0005,0.001,0.0,128,0.0,,,,24.650349565904833,0.7781041618462055,24.23357787199431,0.4167716939105226,216.4,23.95176458769064,25.84874753989617,9.84926962852478
C0350,32x16x8_relu_sgd_lr0.0005_wd0.001_do0_bs32_ns0_momentum0.9,32x16x8,3,56,relu,sgd,0.0005,0.001,0.0,32,0.0,0.9,,,24.662816608767805,1.4477299772701138,23.92842803255036,0.7343885762174445,344.8,23.10279667081183,26.944474144154054,23.774444580078125
C0179,32x16_tanh_adam_lr0.0005_wd0.005_do0_bs128_ns0,32x16,2,48,tanh,adam,0.0005,0.005,0.0,128,0.0,,,,24.698231293496185,0.8022623163842753,24.3639118767046,0.33431941679158683,200.8,23.967383091564205,25.937536908276503,9.310232162475586
C0191,32x16_relu_sgd_lr0.05_wd0.005_do0_bs256_ns0_momentum0.0,32x16,2,48,relu,sgd,0.05,0.005,0.0,256,0.0,0.0,,,24.727657318259077,0.9792471034486305,24.662645865119707,0.06501145313936973,45.8,23.831132774850158,26.339358119898037,1.8541710376739502
C0185,32x16_relu_sgd_lr0.05_wd0.001_do0_bs256_ns0_momentum0.0,32x16,2,48,relu,sgd,0.05,0.001,0.0,256,0.0,0.0,,,24.72818860117968,0.9722917520672996,24.665904338425616,0.06228426275406562,45.8,23.85014985582369,26.33434897167814,1.8324427604675293
C0223,32x16_tanh_sgd_lr0.05_wd0.005_do0_bs32_ns0_momentum0.0,32x16,2,48,tanh,sgd,0.05,0.005,0.0,32,0.0,0.0,,,24.73510061934191,0.925091518789305,24.119266149342288,0.6158344699996228,82.8,23.437201896498856,25.837429394284463,5.4570722579956055
C0261,32x16_relu_nesterov_lr0.005_wd0.001_do0_bs256_ns0_momentum0.9_nesterovTrue,32x16,2,48,relu,nesterov,0.005,0.001,0.0,256,0.0,0.9,True,,24.75712936993601,1.2365706479993661,24.534688287570578,0.2224410823654317,71.8,23.925450913774874,26.921725520121015,2.8643617630004883
C0264,32x16_relu_nesterov_lr0.005_wd0.005_do0_bs256_ns0_momentum0.9_nesterovTrue,32x16,2,48,relu,nesterov,0.005,0.005,0.0,256,0.0,0.9,True,,24.76541101346344,1.2279191279192012,24.544293783118245,0.22111723034519315,71.4,23.922680376358596,26.92006876621636,2.872239828109741
C0092,32_tanh_sgd_lr0.005_wd0.005_do0_bs32_ns0_momentum0.9,32,1,32,tanh,sgd,0.005,0.005,0.0,32,0.0,0.9,,,24.808016889124502,1.4407248478364505,24.31833754799485,0.4896793411296514,59.4,23.62299846869911,26.796310025742514,3.8445234298706055
C0047,32_relu_sgd_lr0.05_wd0.005_do0_bs256_ns0_momentum0.0,32,1,32,relu,sgd,0.05,0.005,0.0,256,0.0,0.0,,,24.810259232150255,0.9283798216847653,24.45304655065756,0.3572126814926939,53.8,23.61738067477272,26.106715667427284,0.9144999980926514
C0031,32_tanh_adam_lr0.0005_wd0.001_do0_bs32_ns0,32,1,32,tanh,adam,0.0005,0.001,0.0,32,0.0,,,,24.827507441303375,0.6136762570885663,24.299156928780977,0.5283505125223975,143.6,23.9968191328105,25.462142466556806,9.539012432098389
C0086,32_tanh_sgd_lr0.005_wd0.001_do0_bs32_ns0_momentum0.9,32,1,32,tanh,sgd,0.005,0.001,0.0,32,0.0,0.9,,,24.828968224241855,1.4306075648632217,24.242246794615458,0.5867214296263974,58.8,23.549048771962287,26.804197032651338,3.7659153938293457
C0129,32_tanh_nesterov_lr0.05_wd0.001_do0_bs256_ns0_momentum0.9_nesterovTrue,32,1,32,tanh,nesterov,0.05,0.001,0.0,256,0.0,0.9,True,,24.831884411159113,0.712601304163492,24.40529128621148,0.42659312494763313,36.4,24.190092210709928,25.93141028488153,1.333282470703125
C0041,32_relu_sgd_lr0.05_wd0.001_do0_bs256_ns0_momentum0.0,32,1,32,relu,sgd,0.05,0.001,0.0,256,0.0,0.0,,,24.83279202279657,0.9345456589413579,24.466018771900202,0.3667732508963688,51.4,23.622335837355752,26.118210344402268,0.9159672260284424
C0333,32x16x8_relu_sgd_lr0.05_wd0.005_do0_bs128_ns0_momentum0.0,32x16x8,3,56,relu,sgd,0.05,0.005,0.0,128,0.0,0.0,,,24.856960449655748,1.239556205944352,24.213334306449596,0.6436261432061521,100.2,23.330540075961522,26.586307942306114,4.042049169540405
C0174,32x16_tanh_adam_lr0.005_wd0.005_do0_bs256_ns0,32x16,2,48,tanh,adam,0.005,0.005,0.0,256,0.0,,,,24.88062560790329,1.856446969700626,24.62669970367555,0.2539259042277422,49.6,23.574000616070983,28.084220367062073,2.354616641998291
C0198,32x16_relu_sgd_lr0.005_wd0.001_do0_bs256_ns0_momentum0.9,32x16,2,48,relu,sgd,0.005,0.001,0.0,256,0.0,0.9,,,24.885199438052222,1.2509440744668134,24.720391134486555,0.16480830356566756,66.4,24.058219696195987,27.076305671635186,2.381967067718506
C0306,32x16x8_relu_adam_lr0.0005_wd0.005_do0_bs256_ns0,32x16x8,3,56,relu,adam,0.0005,0.005,0.0,256,0.0,,,,24.888703073644407,1.0058775571617693,24.178095978693484,0.7106070949509231,263.4,23.55056612781015,25.942506090992936,10.162810325622559
C0327,32x16x8_relu_sgd_lr0.05_wd0.001_do0_bs128_ns0_momentum0.0,32x16x8,3,56,relu,sgd,0.05,0.001,0.0,128,0.0,0.0,,,24.891878164409377,1.4219293167589786,24.251258559639055,0.6406196047703219,91.6,23.21372161927492,26.961491384526916,3.7504324913024902
C0204,32x16_relu_sgd_lr0.005_wd0.005_do0_bs256_ns0_momentum0.9,32x16,2,48,relu,sgd,0.005,0.005,0.0,256,0.0,0.9,,,24.896639511000167,1.242018167812846,24.787330716765723,0.10930879423444395,65.0,24.043107941751614,27.069095695851683,2.4888243675231934
C0419,32x16x8_tanh_nesterov_lr0.05_wd0.005_do0_bs128_ns0_momentum0.9_nesterovTrue,32x16x8,3,56,tanh,nesterov,0.05,0.005,0.0,128,0.0,0.9,True,,24.904674984110606,1.909384721884423,24.24960395859382,0.6550710255167864,62.6,22.361790991252786,27.07992709107208,3.0848617553710938
C0171,32x16_tanh_adam_lr0.005_wd0.001_do0_bs256_ns0,32x16,2,48,tanh,adam,0.005,0.001,0.0,256,0.0,,,,24.923549151730946,1.8518438617215447,24.549141683911415,0.3744074678195304,48.8,23.60493647591551,28.13984685829929,2.3518660068511963
C0132,32_tanh_nesterov_lr0.05_wd0.005_do0_bs256_ns0_momentum0.9_nesterovTrue,32,1,32,tanh,nesterov,0.05,0.005,0.0,256,0.0,0.9,True,,24.92499309115479,0.9746326234882463,24.669759417306825,0.2552336738479646,35.6,24.142257341699,26.526279526499415,1.4052667617797852
C0162,32x16_relu_adam_lr0.0005_wd0.005_do0_bs256_ns0,32x16,2,48,relu,adam,0.0005,0.005,0.0,256,0.0,,,,24.936065281018102,0.687875208852276,24.59774995442955,0.33831532658855323,174.2,24.449962052784336,26.132346241966452,6.033145427703857
C0012,32_relu_adam_lr0.005_wd0.005_do0_bs256_ns0,32,1,32,relu,adam,0.005,0.005,0.0,256,0.0,,,,24.937627875952252,0.8145743179480607,24.60938185448756,0.32824602146469317,80.0,24.30831991093671,26.200138357748244,1.3138082027435303
C0159,32x16_relu_adam_lr0.0005_wd0.001_do0_bs256_ns0,32x16,2,48,relu,adam,0.0005,0.001,0.0,256,0.0,,,,24.957533381150135,0.7305982755523902,24.574770616198492,0.38276276495164296,171.4,24.461218708457075,26.235005215110714,6.009878158569336
C0009,32_relu_adam_lr0.005_wd0.001_do0_bs256_ns0,32,1,32,relu,adam,0.005,0.001,0.0,256,0.0,,,,24.974342803571933,0.7817153357296919,24.629112272944468,0.34523053062746456,78.6,24.406134975842757,26.19001968751919,1.3179383277893066
C0073,32_tanh_sgd_lr0.05_wd0.001_do0_bs32_ns0_momentum0.0,32,1,32,tanh,sgd,0.05,0.001,0.0,32,0.0,0.0,,,24.995733303189805,0.7061986886584469,24.814887034661773,0.18084626852803254,48.6,24.297831905233647,26.02497181739627,2.6092300415039062
C0079,32_tanh_sgd_lr0.05_wd0.005_do0_bs32_ns0_momentum0.0,32,1,32,tanh,sgd,0.05,0.005,0.0,32,0.0,0.0,,,25.06300468209024,0.7030807442970933,24.880637216177547,0.18236746591269437,40.4,24.394429609542208,26.10894475253856,2.63006591796875
C0291,32x16x8_relu_adam_lr0.05_wd0.001_do0_bs256_ns0,32x16x8,3,56,relu,adam,0.05,0.001,0.0,256,0.0,,,,25.063182338745193,1.0014003545690244,24.964783312000662,0.09839902674453072,34.8,24.21782491509915,26.502086727151056,1.897326946258545
C0017,32_relu_adam_lr0.0005_wd0.005_do0_bs128_ns0,32,1,32,relu,adam,0.0005,0.005,0.0,128,0.0,,,,25.082500565899274,0.9274127163088247,24.669780962390792,0.41271960350848147,199.4,24.284177403181708,26.594161407284012,3.5142908096313477
C0308,32x16x8_tanh_adam_lr0.05_wd0.001_do0_bs128_ns0,32x16x8,3,56,tanh,adam,0.05,0.001,0.0,128,0.0,,,,25.0920118223675,0.8418214334197479,24.95226234445744,0.13974947791005832,46.0,24.06771992025192,26.122333461269314,2.7751095294952393
C0310,32x16x8_tanh_adam_lr0.05_wd0.005_do0_bs32_ns0,32x16x8,3,56,tanh,adam,0.05,0.005,0.0,32,0.0,,,,25.104320507852872,1.3869453242058174,25.32352366487604,-0.21920315702316628,15.8,23.148970340506033,26.67641803417888,3.1516530513763428
C0303,32x16x8_relu_adam_lr0.0005_wd0.001_do0_bs256_ns0,32x16x8,3,56,relu,adam,0.0005,0.001,0.0,256,0.0,,,,25.138842448744736,1.869770936875557,24.231571584426455,0.9072708643182814,296.2,23.22783848278028,27.996641127281418,11.289007186889648
C0014,32_relu_adam_lr0.0005_wd0.001_do0_bs128_ns0,32,1,32,relu,adam,0.0005,0.001,0.0,128,0.0,,,,25.140272693269313,0.8991559885908013,24.70833364006178,0.43193905320753245,189.2,24.33460063618506,26.634435553516216,3.2550230026245117
C0416,32x16x8_tanh_nesterov_lr0.05_wd0.001_do0_bs128_ns0_momentum0.9_nesterovTrue,32x16x8,3,56,tanh,nesterov,0.05,0.001,0.0,128,0.0,0.9,True,,25.147204167876996,1.9267126392795508,24.32054456040855,0.8266596074684465,45.2,22.13171270134363,27.19303696358232,2.531977891921997
C0201,32x16_relu_sgd_lr0.005_wd0.005_do0_bs128_ns0_momentum0.0,32x16,2,48,relu,sgd,0.005,0.005,0.0,128,0.0,0.0,,,25.168448536652477,0.8519299896583301,24.93383224217083,0.234616294481647,155.4,24.31315788095944,26.540974894791884,5.254311561584473
C0195,32x16_relu_sgd_lr0.005_wd0.001_do0_bs128_ns0_momentum0.0,32x16,2,48,relu,sgd,0.005,0.001,0.0,128,0.0,0.0,,,25.169139173214138,0.8473025233948577,24.937477412566494,0.23166176064764343,156.6,24.318185528063403,26.545000588430536,5.357672929763794
C0335,32x16x8_relu_sgd_lr0.05_wd0.005_do0_bs256_ns0_momentum0.0,32x16x8,3,56,relu,sgd,0.05,0.005,0.0,256,0.0,0.0,,,25.176666932075456,1.251852143779971,24.630690263110818,0.5459766689646379,99.4,24.11402075651786,27.107706442062796,3.6563549041748047
C0329,32x16x8_relu_sgd_lr0.05_wd0.001_do0_bs256_ns0_momentum0.0,32x16x8,3,56,relu,sgd,0.05,0.001,0.0,256,0.0,0.0,,,25.19012780303572,1.3131215685674402,24.64533042339138,0.5447973796443399,98.2,24.108924145944233,27.237816115855907,3.7268388271331787
C0211,32x16_relu_sgd_lr0.0005_wd0.005_do0_bs32_ns0_momentum0.0,32x16,2,48,relu,sgd,0.0005,0.005,0.0,32,0.0,0.0,,,25.190529900182334,0.9365152680767747,24.909094725459784,0.2814351747225494,455.6,24.208853536343902,26.55313298812273,27.07210659980774
C0214,32x16_relu_sgd_lr0.0005_wd0.005_do0_bs128_ns0_momentum0.9,32x16,2,48,relu,sgd,0.0005,0.005,0.0,128,0.0,0.9,,,25.193818913584675,0.9616442191355772,24.920911340932946,0.2729075726517287,162.6,24.26920348942323,26.758499853844636,6.197251081466675
C0269,32x16_relu_nesterov_lr0.0005_wd0.005_do0_bs128_ns0_momentum0.9_nesterovTrue,32x16,2,48,relu,nesterov,0.0005,0.005,0.0,128,0.0,0.9,True,,25.207671956816064,0.9229072166777351,24.932524362769133,0.27514759404693123,160.2,24.358402031080423,26.72237369098874,6.075293779373169
C0205,32x16_relu_sgd_lr0.0005_wd0.001_do0_bs32_ns0_momentum0.0,32x16,2,48,relu,sgd,0.0005,0.001,0.0,32,0.0,0.0,,,25.21842762243126,0.9142980746911336,24.93405899764813,0.28436862478313074,441.8,24.184940099718943,26.544263277390154,24.209513902664185
C0266,32x16_relu_nesterov_lr0.0005_wd0.001_do0_bs128_ns0_momentum0.9_nesterovTrue,32x16,2,48,relu,nesterov,0.0005,0.001,0.0,128,0.0,0.9,True,,25.220356208725217,0.9373332067083064,24.95561597177357,0.2647402369516456,156.6,24.36503110703864,26.76797332339985,5.768134593963623
C0208,32x16_relu_sgd_lr0.0005_wd0.001_do0_bs128_ns0_momentum0.9,32x16,2,48,relu,sgd,0.0005,0.001,0.0,128,0.0,0.9,,,25.22082201389879,0.9371962218571532,24.963845557658097,0.2569764562406931,156.2,24.386336299808562,26.769609767463624,5.709376811981201
C0027,32_tanh_adam_lr0.005_wd0.001_do0_bs256_ns0,32,1,32,tanh,adam,0.005,0.001,0.0,256,0.0,,,,25.25082922412402,1.0182027897731207,25.07584940261244,0.17497982151157743,30.2,24.3524228366837,26.846203108303733,1.4108505249023438
C0078,32_tanh_sgd_lr0.05_wd0.001_do0_bs256_ns0_momentum0.9,32,1,32,tanh,sgd,0.05,0.001,0.0,256,0.0,0.9,,,25.251533826223913,1.0512247003736295,25.09015938436273,0.16137444186118088,23.2,24.14525325565478,26.60369380987106,1.041259527206421
C0084,32_tanh_sgd_lr0.05_wd0.005_do0_bs256_ns0_momentum0.9,32,1,32,tanh,sgd,0.05,0.005,0.0,256,0.0,0.9,,,25.264458069766302,0.9981798383217367,25.11555790796609,0.14890016180021348,23.6,24.263513563169123,26.54594073177036,1.085618257522583
C0030,32_tanh_adam_lr0.005_wd0.005_do0_bs256_ns0,32,1,32,tanh,adam,0.005,0.005,0.0,256,0.0,,,,25.26817072604861,0.9844635808027268,25.103054162040515,0.1651165640080947,30.2,24.474363579477057,26.835025855191454,1.3559348583221436
C0420,32x16x8_tanh_nesterov_lr0.05_wd0.005_do0_bs256_ns0_momentum0.9_nesterovTrue,32x16x8,3,56,tanh,nesterov,0.05,0.005,0.0,256,0.0,0.9,True,,25.279670047807254,1.355993147214423,24.98694121654524,0.2927288312620142,50.0,23.488561176520562,26.697390997309135,2.318147659301758
C0057,32_relu_sgd_lr0.005_wd0.005_do0_bs128_ns0_momentum0.0,32,1,32,relu,sgd,0.005,0.005,0.0,128,0.0,0.0,,,25.29469115945241,0.9581256214744918,24.931333228822258,0.3633579306301513,214.2,24.335881677997826,26.719283599209838,3.1262049674987793
C0034,32_tanh_adam_lr0.0005_wd0.005_do0_bs32_ns0,32,1,32,tanh,adam,0.0005,0.005,0.0,32,0.0,,,,25.305001487771385,0.7952090102213257,24.882395009967706,0.4226064778036793,92.0,24.572463403454186,26.471985377216026,6.769502878189087
C0051,32_relu_sgd_lr0.005_wd0.001_do0_bs128_ns0_momentum0.0,32,1,32,relu,sgd,0.005,0.001,0.0,128,0.0,0.0,,,25.316688236809757,0.957052809130788,24.94155713585118,0.37513110095857627,213.8,24.36324427236581,26.731858566598646,3.020322561264038
C0408,32x16x8_relu_nesterov_lr0.005_wd0.005_do0_bs256_ns0_momentum0.9_nesterovTrue,32x16x8,3,56,relu,nesterov,0.005,0.005,0.0,256,0.0,0.9,True,,25.363867767437313,1.2604777398384128,24.803138110917438,0.5607296565198752,89.4,23.838331441927096,27.033170225396127,3.4804131984710693
C0405,32x16x8_relu_nesterov_lr0.005_wd0.001_do0_bs256_ns0_momentum0.9_nesterovTrue,32x16x8,3,56,relu,nesterov,0.005,0.001,0.0,256,0.0,0.9,True,,25.36860985358797,1.2313539381017644,24.760443159433258,0.6081666941547113,93.4,23.945999873598417,26.99365713603762,3.587472438812256
C0232,32x16_tanh_sgd_lr0.005_wd0.001_do0_bs128_ns0_momentum0.9,32x16,2,48,tanh,sgd,0.005,0.001,0.0,128,0.0,0.9,,,25.38414836697336,0.6584849250979268,25.035178877612054,0.34896948936130556,94.0,24.725341742206197,26.265027140082815,3.690159320831299
C0120,32_relu_nesterov_lr0.005_wd0.005_do0_bs256_ns0_momentum0.9_nesterovTrue,32,1,32,relu,nesterov,0.005,0.005,0.0,256,0.0,0.9,True,,25.399688786235743,1.3994129773286696,25.238529496195632,0.16115929004011065,42.6,23.818229021650005,27.464291343933933,0.7812790870666504
C0417,32x16x8_tanh_nesterov_lr0.05_wd0.001_do0_bs256_ns0_momentum0.9_nesterovTrue,32x16x8,3,56,tanh,nesterov,0.05,0.001,0.0,256,0.0,0.9,True,,25.408825089266966,1.2558663043785747,24.97620253003465,0.4326225592323141,38.6,23.618727863293394,26.721970080500547,1.8714838027954102
C0117,32_relu_nesterov_lr0.005_wd0.001_do0_bs256_ns0_momentum0.9_nesterovTrue,32,1,32,relu,nesterov,0.005,0.001,0.0,256,0.0,0.9,True,,25.412844713587067,1.3936624359591272,25.244298001449923,0.16854671213714312,42.8,23.830885635688553,27.469918468302478,0.8486263751983643
C0238,32x16_tanh_sgd_lr0.005_wd0.005_do0_bs128_ns0_momentum0.9,32x16,2,48,tanh,sgd,0.005,0.005,0.0,128,0.0,0.9,,,25.440205893128002,0.6695762081845353,25.098445949631884,0.34175994349611827,101.2,24.47969370818486,26.328014806587703,4.027815580368042
C0270,32x16_relu_nesterov_lr0.0005_wd0.005_do0_bs256_ns0_momentum0.9_nesterovTrue,32x16,2,48,relu,nesterov,0.0005,0.005,0.0,256,0.0,0.9,True,,25.44449267171082,0.9398279284409794,25.265774359666214,0.1787183120446052,147.0,24.56307462860252,26.902469808794613,5.038254976272583
C0267,32x16_relu_nesterov_lr0.0005_wd0.001_do0_bs256_ns0_momentum0.9_nesterovTrue,32x16,2,48,relu,nesterov,0.0005,0.001,0.0,256,0.0,0.9,True,,25.451468918098808,0.932957026103216,25.2685668661764,0.18290205192240805,148.8,24.568244908220702,26.907551963068624,5.055306911468506
C0229,32x16_tanh_sgd_lr0.005_wd0.001_do0_bs32_ns0_momentum0.0,32x16,2,48,tanh,sgd,0.005,0.001,0.0,32,0.0,0.0,,,25.46117366776269,0.5347266187342636,24.927169244765754,0.5340044229969365,248.6,24.992290637149907,26.374667942107443,14.090203285217285
C0372,32x16x8_tanh_sgd_lr0.05_wd0.005_do0_bs256_ns0_momentum0.9,32x16x8,3,56,tanh,sgd,0.05,0.005,0.0,256,0.0,0.9,,,25.466236641712655,1.4402016144083318,25.05395748551874,0.41227915619391453,43.4,23.546048617029804,27.17328146503781,1.924302101135254
C0197,32x16_relu_sgd_lr0.005_wd0.001_do0_bs256_ns0_momentum0.0,32x16,2,48,relu,sgd,0.005,0.001,0.0,256,0.0,0.0,,,25.478684027592852,0.845205337811806,25.275196613986857,0.20348741360599476,140.8,24.539972467066367,26.79377282745521,4.271650314331055
C0203,32x16_relu_sgd_lr0.005_wd0.005_do0_bs256_ns0_momentum0.0,32x16,2,48,relu,sgd,0.005,0.005,0.0,256,0.0,0.0,,,25.484786614300624,0.8500093597802088,25.281223395753965,0.20356321854665893,135.6,24.534667849814866,26.786185658642985,4.09905219078064
C0348,32x16x8_relu_sgd_lr0.005_wd0.005_do0_bs256_ns0_momentum0.9,32x16x8,3,56,relu,sgd,0.005,0.005,0.0,256,0.0,0.9,,,25.49815704625492,1.147401085457223,24.954000914841114,0.544156131413807,87.0,23.823632448911564,26.995913950886024,3.1377787590026855
C0216,32x16_relu_sgd_lr0.0005_wd0.005_do0_bs256_ns0_momentum0.9,32x16,2,48,relu,sgd,0.0005,0.005,0.0,256,0.0,0.9,,,25.50491392424691,0.9113480732930311,25.309702022655912,0.19521190159099788,134.4,24.56449379638631,26.90824055762024,4.46120810508728
C0342,32x16x8_relu_sgd_lr0.005_wd0.001_do0_bs256_ns0_momentum0.9,32x16x8,3,56,relu,sgd,0.005,0.001,0.0,256,0.0,0.9,,,25.50522456864496,1.1132294513028502,24.949598693009023,0.5556258756359362,86.8,23.855666497765974,26.92698206542881,3.5567359924316406
C0373,32x16x8_tanh_sgd_lr0.005_wd0.001_do0_bs32_ns0_momentum0.0,32x16x8,3,56,tanh,sgd,0.005,0.001,0.0,32,0.0,0.0,,,25.506565897894784,1.7573032854904893,24.743327051709024,0.7632388461857609,331.2,23.975222037492593,28.1863088393168,21.403788566589355
C0379,32x16x8_tanh_sgd_lr0.005_wd0.005_do0_bs32_ns0_momentum0.0,32x16x8,3,56,tanh,sgd,0.005,0.005,0.0,32,0.0,0.0,,,25.509750439937534,1.738679692141796,24.779388013950644,0.7303624259868897,337.0,24.043759062344964,28.183700625200174,21.144731283187866
C0210,32x16_relu_sgd_lr0.0005_wd0.001_do0_bs256_ns0_momentum0.9,32x16,2,48,relu,sgd,0.0005,0.001,0.0,256,0.0,0.9,,,25.5153079560451,0.9104677322422194,25.319456438380705,0.19585151766439424,133.8,24.56958074697173,26.91333061817811,4.70201301574707
C0067,32_relu_sgd_lr0.0005_wd0.005_do0_bs32_ns0_momentum0.0,32,1,32,relu,sgd,0.0005,0.005,0.0,32,0.0,0.0,,,25.551001971406624,0.8513346116255333,25.11838112584863,0.4326208455579952,490.6,24.533214353188626,26.60485413669478,11.355308294296265
C0061,32_relu_sgd_lr0.0005_wd0.001_do0_bs32_ns0_momentum0.0,32,1,32,relu,sgd,0.0005,0.001,0.0,32,0.0,0.0,,,25.570088162162413,0.874078059864057,25.13220550913652,0.4378826530258948,489.6,24.543807631493074,26.664843064335948,11.14346694946289
C0278,32x16_tanh_nesterov_lr0.005_wd0.001_do0_bs128_ns0_momentum0.9_nesterovTrue,32x16,2,48,tanh,nesterov,0.005,0.001,0.0,128,0.0,0.9,True,,25.57286130469479,1.602297857955775,25.350947720115066,0.221913584579724,94.2,24.318828276117646,28.33897109516524,3.6646339893341064
C0283,32x16_tanh_nesterov_lr0.0005_wd0.001_do0_bs32_ns0_momentum0.9_nesterovTrue,32x16,2,48,tanh,nesterov,0.0005,0.001,0.0,32,0.0,0.9,True,,25.58721708878145,0.8409850514758882,25.07355608390437,0.5136610048770791,208.4,24.398044187574598,26.528989698666397,13.482446432113647
C0413,32x16x8_relu_nesterov_lr0.0005_wd0.005_do0_bs128_ns0_momentum0.9_nesterovTrue,32x16x8,3,56,relu,nesterov,0.0005,0.005,0.0,128,0.0,0.9,True,,25.592012151410636,1.3025122075660232,24.962037960519382,0.6299741908912537,418.6,24.387175747329863,27.625842070890066,16.141942024230957
C0352,32x16x8_relu_sgd_lr0.0005_wd0.001_do0_bs128_ns0_momentum0.9,32x16x8,3,56,relu,sgd,0.0005,0.001,0.0,128,0.0,0.9,,,25.592166680281085,1.2754192076826345,24.93796284290687,0.6542038373742152,422.0,24.410205322414196,27.582676008030866,15.98959469795227
C0410,32x16x8_relu_nesterov_lr0.0005_wd0.001_do0_bs128_ns0_momentum0.9_nesterovTrue,32x16x8,3,56,relu,nesterov,0.0005,0.001,0.0,128,0.0,0.9,True,,25.597905219407703,1.266006747028375,24.9340225517043,0.6638826677034046,421.0,24.40681913226579,27.57161561959945,15.432517290115356
C0286,32x16_tanh_nesterov_lr0.0005_wd0.005_do0_bs32_ns0_momentum0.9_nesterovTrue,32x16,2,48,tanh,nesterov,0.0005,0.005,0.0,32,0.0,0.9,True,,25.60144832625437,0.8098889997869063,25.10814709892678,0.4933012273275921,208.6,24.51854590390746,26.51683032431871,14.771498203277588
C0235,32x16_tanh_sgd_lr0.005_wd0.005_do0_bs32_ns0_momentum0.0,32x16,2,48,tanh,sgd,0.005,0.005,0.0,32,0.0,0.0,,,25.615037163940986,0.5929898088913151,25.112818329450036,0.5022188344909502,227.8,25.138467726138675,26.408020211744184,13.159780502319336
C0358,32x16x8_relu_sgd_lr0.0005_wd0.005_do0_bs128_ns0_momentum0.9,32x16x8,3,56,relu,sgd,0.0005,0.005,0.0,128,0.0,0.9,,,25.631686034934898,1.2978293799977738,24.984858494482168,0.6468275404527297,406.0,24.40227616790051,27.639030156847447,14.129636287689209
C0315,32x16x8_tanh_adam_lr0.005_wd0.001_do0_bs256_ns0,32x16x8,3,56,tanh,adam,0.005,0.001,0.0,256,0.0,,,,25.637281471607206,2.244318943849479,25.00646122897437,0.6308202426328364,41.6,23.366950326293704,28.80713458331287,2.2591845989227295
C0430,32x16x8_tanh_nesterov_lr0.0005_wd0.005_do0_bs32_ns0_momentum0.9_nesterovTrue,32x16x8,3,56,tanh,nesterov,0.0005,0.005,0.0,32,0.0,0.9,True,,25.662675693270394,1.7244816982635705,24.99905365054268,0.6636220427277131,275.4,23.98792952951433,28.214122938660903,19.952000617980957
C0225,32x16_tanh_sgd_lr0.05_wd0.005_do0_bs128_ns0_momentum0.0,32x16,2,48,tanh,sgd,0.05,0.005,0.0,128,0.0,0.0,,,25.67050097029837,0.6978495250225242,25.301235022752724,0.3692659475456459,61.4,25.070367219648723,26.4566133285084,2.470146894454956
C0339,32x16x8_relu_sgd_lr0.005_wd0.001_do0_bs128_ns0_momentum0.0,32x16x8,3,56,relu,sgd,0.005,0.001,0.0,128,0.0,0.0,,,25.679108281256607,1.2709583168290186,24.95930815424749,0.7198001270091154,396.8,24.42539481107871,27.63364481110265,14.665308237075806
C0345,32x16x8_relu_sgd_lr0.005_wd0.005_do0_bs128_ns0_momentum0.0,32x16x8,3,56,relu,sgd,0.005,0.005,0.0,128,0.0,0.0,,,25.67925147712885,1.258133895635687,24.99238442293761,0.6868670541912394,389.2,24.51112358520414,27.65556372313049,13.165274143218994
C0219,32x16_tanh_sgd_lr0.05_wd0.001_do0_bs128_ns0_momentum0.0,32x16,2,48,tanh,sgd,0.05,0.001,0.0,128,0.0,0.0,,,25.684394459417405,0.6809867114268705,25.339882916555357,0.34451154286204755,58.4,25.060199209697288,26.466847095010955,2.3003299236297607
C0363,32x16x8_tanh_sgd_lr0.05_wd0.001_do0_bs128_ns0_momentum0.0,32x16x8,3,56,tanh,sgd,0.05,0.001,0.0,128,0.0,0.0,,,25.74387151329652,1.681058894147173,25.158582140584734,0.5852893727117845,85.2,23.590742937964954,28.072430547306602,3.686288833618164
C0242,32x16_tanh_sgd_lr0.0005_wd0.001_do0_bs32_ns0_momentum0.9,32x16,2,48,tanh,sgd,0.0005,0.001,0.0,32,0.0,0.9,,,25.753394484768194,0.6651402687782595,25.294551143023067,0.4588433417451263,172.8,24.884167405642234,26.526296043777705,12.070271968841553
C0018,32_relu_adam_lr0.0005_wd0.005_do0_bs256_ns0,32,1,32,relu,adam,0.0005,0.005,0.0,256,0.0,,,,25.75595643168815,0.9826718300344417,25.402099609468525,0.3538568222196261,186.6,24.676505049008192,27.202130886374857,2.635540246963501
C0060,32_relu_sgd_lr0.005_wd0.005_do0_bs256_ns0_momentum0.9,32,1,32,relu,sgd,0.005,0.005,0.0,256,0.0,0.9,,,25.768295241128932,1.2234921155917216,25.678575274617003,0.08971996651192882,80.4,24.751610330912293,27.610515815206476,1.237725019454956
C0054,32_relu_sgd_lr0.005_wd0.001_do0_bs256_ns0_momentum0.9,32,1,32,relu,sgd,0.005,0.001,0.0,256,0.0,0.9,,,25.79286802936046,1.2144366027640725,25.694208437036018,0.09865959232444155,78.6,24.767051271911555,27.615822901431365,1.1990165710449219
C0369,32x16x8_tanh_sgd_lr0.05_wd0.005_do0_bs128_ns0_momentum0.0,32x16x8,3,56,tanh,sgd,0.05,0.005,0.0,128,0.0,0.0,,,25.80144380610738,1.5690554635410625,25.265308007740973,0.5361357983664057,79.4,23.965209490985924,28.065607050585072,3.455557107925415
C0248,32x16_tanh_sgd_lr0.0005_wd0.005_do0_bs32_ns0_momentum0.9,32x16,2,48,tanh,sgd,0.0005,0.005,0.0,32,0.0,0.9,,,25.813656031215004,0.7189686579740316,25.382934663257224,0.43072136795777993,160.2,24.932021432035082,26.549214424095986,10.921302795410156
C0125,32_relu_nesterov_lr0.0005_wd0.005_do0_bs128_ns0_momentum0.9_nesterovTrue,32,1,32,relu,nesterov,0.0005,0.005,0.0,128,0.0,0.9,True,,25.84551432808024,1.1047920455116482,25.65045060365304,0.1950637244272002,143.6,24.49102758856916,27.374210411592788,2.362706184387207
C0312,32x16x8_tanh_adam_lr0.05_wd0.005_do0_bs256_ns0,32x16x8,3,56,tanh,adam,0.05,0.005,0.0,256,0.0,,,,25.84933186533367,1.2274248914478012,25.988899535426764,-0.13956767009309345,34.6,24.51794347297307,27.856106900185836,1.8598864078521729
C0122,32_relu_nesterov_lr0.0005_wd0.001_do0_bs128_ns0_momentum0.9_nesterovTrue,32,1,32,relu,nesterov,0.0005,0.001,0.0,128,0.0,0.9,True,,25.85868191955779,1.1033077688541841,25.65867207701159,0.2000098425461978,143.8,24.504944729979883,27.381006444047024,2.2529492378234863
C0070,32_relu_sgd_lr0.0005_wd0.005_do0_bs128_ns0_momentum0.9,32,1,32,relu,sgd,0.0005,0.005,0.0,128,0.0,0.9,,,25.881871904606413,1.0961506103291996,25.680586799459167,0.20128510514724596,134.6,24.48411278911816,27.3722621055562,2.090477705001831
C0137,32_tanh_nesterov_lr0.005_wd0.005_do0_bs128_ns0_momentum0.9_nesterovTrue,32,1,32,tanh,nesterov,0.005,0.005,0.0,128,0.0,0.9,True,,25.89523561553557,0.9523408349855116,25.685726069387716,0.2095095461478529,32.2,25.04527916862786,27.509789907017556,1.4713385105133057
C0392,32x16x8_tanh_sgd_lr0.0005_wd0.005_do0_bs32_ns0_momentum0.9,32x16x8,3,56,tanh,sgd,0.0005,0.005,0.0,32,0.0,0.9,,,25.89665768900419,1.603902032370061,25.251231629782218,0.6454260592219718,231.4,23.9899293167724,28.21111213839138,16.69665789604187
C0064,32_relu_sgd_lr0.0005_wd0.001_do0_bs128_ns0_momentum0.9,32,1,32,relu,sgd,0.0005,0.001,0.0,128,0.0,0.9,,,25.89681919089177,1.093053759900858,25.69154887606889,0.20527031482287939,134.4,24.498131232520127,27.37898952450854,2.103257179260254
C0035,32_tanh_adam_lr0.0005_wd0.005_do0_bs128_ns0,32,1,32,tanh,adam,0.0005,0.005,0.0,128,0.0,,,,25.900601649393998,1.0314949929929527,25.6766315490009,0.2239701003930996,86.4,25.0198431757515,27.562819762832163,3.506446123123169
C0091,32_tanh_sgd_lr0.005_wd0.005_do0_bs32_ns0_momentum0.0,32,1,32,tanh,sgd,0.005,0.005,0.0,32,0.0,0.0,,,25.905257189827996,1.079736467901797,25.581275000894607,0.3239821889333889,110.6,24.965517707955946,27.743948412735108,5.803854465484619
C0134,32_tanh_nesterov_lr0.005_wd0.001_do0_bs128_ns0_momentum0.9_nesterovTrue,32,1,32,tanh,nesterov,0.005,0.001,0.0,128,0.0,0.9,True,,25.906682441309687,0.9593998246103255,25.674956310467184,0.23172613084250315,34.2,25.053374218360155,27.534533127586734,1.4810822010040283
C0032,32_tanh_adam_lr0.0005_wd0.001_do0_bs128_ns0,32,1,32,tanh,adam,0.0005,0.001,0.0,128,0.0,,,,25.912033893921,1.0501367368600614,25.663349416256857,0.24868447766414192,92.2,25.021440799368463,27.59158270800586,3.592999219894409
C0281,32x16_tanh_nesterov_lr0.005_wd0.005_do0_bs128_ns0_momentum0.9_nesterovTrue,32x16,2,48,tanh,nesterov,0.005,0.005,0.0,128,0.0,0.9,True,,25.913507767851275,1.4333812490880657,25.71678375139529,0.1967240164559847,74.4,24.73322128829786,28.327224632263743,3.1701548099517822
C0425,32x16x8_tanh_nesterov_lr0.005_wd0.005_do0_bs128_ns0_momentum0.9_nesterovTrue,32x16x8,3,56,tanh,nesterov,0.005,0.005,0.0,128,0.0,0.9,True,,25.913607714174827,1.9226092400701076,25.112099549360256,0.801508164814571,106.0,23.645098044379665,28.778790315850415,4.3942601680755615
C0427,32x16x8_tanh_nesterov_lr0.0005_wd0.001_do0_bs32_ns0_momentum0.9_nesterovTrue,32x16x8,3,56,tanh,nesterov,0.0005,0.001,0.0,32,0.0,0.9,True,,25.922647327174566,1.5890557087865458,25.256092496195556,0.6665548309790097,222.4,24.03106395363139,28.215672162724456,16.43644070625305
C0386,32x16x8_tanh_sgd_lr0.0005_wd0.001_do0_bs32_ns0_momentum0.9,32x16x8,3,56,tanh,sgd,0.0005,0.001,0.0,32,0.0,0.9,,,25.922950248086522,1.5872295047885576,25.25766714065362,0.6652831074329022,222.4,24.033886886601262,28.212729151838023,16.357564210891724
C0015,32_relu_adam_lr0.0005_wd0.001_do0_bs256_ns0,32,1,32,relu,adam,0.0005,0.001,0.0,256,0.0,,,,25.92297000818072,1.1706631678329853,25.555161560903652,0.3678084472770671,169.2,24.749778500925117,27.658161244478777,2.529273271560669
C0085,32_tanh_sgd_lr0.005_wd0.001_do0_bs32_ns0_momentum0.0,32,1,32,tanh,sgd,0.005,0.001,0.0,32,0.0,0.0,,,25.92464791556058,1.079940606195971,25.592367044294935,0.3322808712656453,110.4,24.97866416791468,27.764183346346577,5.687760353088379
C0180,32x16_tanh_adam_lr0.0005_wd0.005_do0_bs256_ns0,32x16,2,48,tanh,adam,0.0005,0.005,0.0,256,0.0,,,,25.980316723657,0.7706493123465444,25.653210884775696,0.3271058388813053,144.2,25.1086993892865,26.795005906222144,5.859992742538452
C0142,32_tanh_nesterov_lr0.0005_wd0.005_do0_bs32_ns0_momentum0.9_nesterovTrue,32,1,32,tanh,nesterov,0.0005,0.005,0.0,32,0.0,0.9,True,,25.988599858556597,1.0037271646038868,25.740054821970233,0.24854503658636418,85.6,25.251272250678475,27.729328223982453,5.286122798919678
C0227,32x16_tanh_sgd_lr0.05_wd0.005_do0_bs256_ns0_momentum0.0,32x16,2,48,tanh,sgd,0.05,0.005,0.0,256,0.0,0.0,,,25.99863277552737,1.0866848873775654,25.847737581334133,0.15089519419323594,56.8,24.855142810008466,27.513418129090535,2.106411933898926
C0088,32_tanh_sgd_lr0.005_wd0.001_do0_bs128_ns0_momentum0.9,32,1,32,tanh,sgd,0.005,0.001,0.0,128,0.0,0.9,,,26.001632474060948,1.1133427332254682,25.936176213926824,0.06545626013412331,31.6,25.10080912976624,27.90772916976814,1.4748263359069824
C0139,32_tanh_nesterov_lr0.0005_wd0.001_do0_bs32_ns0_momentum0.9_nesterovTrue,32,1,32,tanh,nesterov,0.0005,0.001,0.0,32,0.0,0.9,True,,26.003118923787092,1.0071652690528607,25.747136982049085,0.2559819417380069,85.6,25.253705545754485,27.750428003574218,5.24286675453186
C0221,32x16_tanh_sgd_lr0.05_wd0.001_do0_bs256_ns0_momentum0.0,32x16,2,48,tanh,sgd,0.05,0.001,0.0,256,0.0,0.0,,,26.004305038160282,1.0988872463053512,25.855285252446976,0.14901978571330687,56.8,24.820090851206487,27.528667207370425,2.1527183055877686
C0177,32x16_tanh_adam_lr0.0005_wd0.001_do0_bs256_ns0,32x16,2,48,tanh,adam,0.0005,0.001,0.0,256,0.0,,,,26.004566821063236,0.753205876301237,25.649498563736586,0.3550682573266499,145.8,25.104720015665645,26.822669313742573,5.972838640213013
C0104,32_tanh_sgd_lr0.0005_wd0.005_do0_bs32_ns0_momentum0.9,32,1,32,tanh,sgd,0.0005,0.005,0.0,32,0.0,0.9,,,26.014657149752402,0.9938163712623203,25.767342299321303,0.24731485043109913,78.8,25.252948996364246,27.740058118626564,4.940857172012329
C0213,32x16_relu_sgd_lr0.0005_wd0.005_do0_bs128_ns0_momentum0.0,32x16,2,48,relu,sgd,0.0005,0.005,0.0,128,0.0,0.0,,,26.02276680282506,0.9757323232159257,25.800985245901302,0.22178155692375867,432.2,24.904108821446858,27.442408383934435,14.487767457962036
C0094,32_tanh_sgd_lr0.005_wd0.005_do0_bs128_ns0_momentum0.9,32,1,32,tanh,sgd,0.005,0.005,0.0,128,0.0,0.9,,,26.026690917846544,1.092360066391274,25.956480735379905,0.07021018246663857,32.8,25.093147718768574,27.8922434796989,1.4408519268035889
C0081,32_tanh_sgd_lr0.05_wd0.005_do0_bs128_ns0_momentum0.0,32,1,32,tanh,sgd,0.05,0.005,0.0,128,0.0,0.0,,,26.029289481374224,1.0784485330119704,26.106707963185727,-0.07741848181150246,17.2,25.02867811014241,27.86150337140042,1.0099928379058838
C0309,32x16x8_tanh_adam_lr0.05_wd0.001_do0_bs256_ns0,32x16x8,3,56,tanh,adam,0.05,0.001,0.0,256,0.0,,,,26.029290836894017,0.9879578727035363,25.867639413339578,0.16165142355443862,32.8,24.85130823501056,27.598631912453016,1.822784185409546
C0207,32x16_relu_sgd_lr0.0005_wd0.001_do0_bs128_ns0_momentum0.0,32x16,2,48,relu,sgd,0.0005,0.001,0.0,128,0.0,0.0,,,26.035392676097068,0.9771318254326763,25.8135441468117,0.22184852928536714,429.2,24.92417497341976,27.46329434635096,13.271038293838501
C0411,32x16x8_relu_nesterov_lr0.0005_wd0.001_do0_bs256_ns0_momentum0.9_nesterovTrue,32x16x8,3,56,relu,nesterov,0.0005,0.001,0.0,256,0.0,0.9,True,,26.039817371202435,1.3061174790043277,25.319869279475665,0.7199480917267707,418.0,24.813951251368785,28.1858013471341,14.244921207427979
C0360,32x16x8_relu_sgd_lr0.0005_wd0.005_do0_bs256_ns0_momentum0.9,32x16x8,3,56,relu,sgd,0.0005,0.005,0.0,256,0.0,0.9,,,26.043054435862366,1.352894892886638,25.326424104819928,0.7166303310424382,418.2,24.77523315755738,28.277495203808257,13.07104206085205
C0075,32_tanh_sgd_lr0.05_wd0.001_do0_bs128_ns0_momentum0.0,32,1,32,tanh,sgd,0.05,0.001,0.0,128,0.0,0.0,,,26.04459178246275,1.0800090819367887,26.121983157146417,-0.07739137468366764,17.2,25.037185869023517,27.87456325072211,0.8928718566894531
C0414,32x16x8_relu_nesterov_lr0.0005_wd0.005_do0_bs256_ns0_momentum0.9_nesterovTrue,32x16x8,3,56,relu,nesterov,0.0005,0.005,0.0,256,0.0,0.9,True,,26.064120951853873,1.3071805435503863,25.35794560990179,0.7061753419520826,423.2,24.784591208724017,28.251708841884124,13.859263181686401
C0098,32_tanh_sgd_lr0.0005_wd0.001_do0_bs32_ns0_momentum0.9,32,1,32,tanh,sgd,0.0005,0.001,0.0,32,0.0,0.9,,,26.066152887930457,0.9819885250720797,25.822720145531214,0.24343274239924284,69.4,25.255237791068385,27.760942460080223,4.3178551197052
C0382,32x16x8_tanh_sgd_lr0.005_wd0.005_do0_bs128_ns0_momentum0.9,32x16x8,3,56,tanh,sgd,0.005,0.005,0.0,128,0.0,0.9,,,26.07339725535609,1.9911276578486756,25.475858141485038,0.5975391138710542,94.6,23.59571360237264,28.99369101411462,4.383768558502197
C0422,32x16x8_tanh_nesterov_lr0.005_wd0.001_do0_bs128_ns0_momentum0.9_nesterovTrue,32x16x8,3,56,tanh,nesterov,0.005,0.001,0.0,128,0.0,0.9,True,,26.08082858906617,1.812978074057378,25.395343687870785,0.6854849011953839,84.8,23.959011492654458,28.77951685706704,3.937023401260376
C0320,32x16x8_tanh_adam_lr0.0005_wd0.001_do0_bs128_ns0,32x16x8,3,56,tanh,adam,0.0005,0.001,0.0,128,0.0,,,,26.08240135227309,1.7223356152570275,25.233758662631505,0.8486426896415864,124.0,23.16977913165888,27.449655652641432,6.00735330581665
C0366,32x16x8_tanh_sgd_lr0.05_wd0.001_do0_bs256_ns0_momentum0.9,32x16x8,3,56,tanh,sgd,0.05,0.001,0.0,256,0.0,0.9,,,26.084682832844113,1.4918399894406429,25.76975955549151,0.3149232773526016,30.0,23.62412574522129,27.294419315720255,1.6731879711151123
C0354,32x16x8_relu_sgd_lr0.0005_wd0.001_do0_bs256_ns0_momentum0.9,32x16x8,3,56,relu,sgd,0.0005,0.001,0.0,256,0.0,0.9,,,26.087778242646188,1.2636898507964713,25.367891783937733,0.719886458708455,411.4,24.807491359992575,28.17513465277701,13.048034429550171
C0083,32_tanh_sgd_lr0.05_wd0.005_do0_bs256_ns0_momentum0.0,32,1,32,tanh,sgd,0.05,0.005,0.0,256,0.0,0.0,,,26.123992111883183,1.15699229690052,26.246111350553576,-0.12211923867039332,21.8,25.06549916675819,28.077649471382244,1.0135414600372314
C0347,32x16x8_relu_sgd_lr0.005_wd0.005_do0_bs256_ns0_momentum0.0,32x16x8,3,56,relu,sgd,0.005,0.005,0.0,256,0.0,0.0,,,26.1337628392938,1.3318366975547682,25.377269143820293,0.7564936954735089,389.0,24.800923860143076,28.295186316693652,11.226094961166382
C0077,32_tanh_sgd_lr0.05_wd0.001_do0_bs256_ns0_momentum0.0,32,1,32,tanh,sgd,0.05,0.001,0.0,256,0.0,0.0,,,26.136519977131297,1.1594115808512964,26.260096641840544,-0.12357666470924755,21.8,25.072139503663713,28.088824172898143,0.9688968658447266
C0376,32x16x8_tanh_sgd_lr0.005_wd0.001_do0_bs128_ns0_momentum0.9,32x16x8,3,56,tanh,sgd,0.005,0.001,0.0,128,0.0,0.9,,,26.14645061498544,1.899859503438856,25.606562272481472,0.5398883425039678,79.8,23.880090386705167,28.99394745612411,3.512373447418213
C0318,32x16x8_tanh_adam_lr0.005_wd0.005_do0_bs256_ns0,32x16x8,3,56,tanh,adam,0.005,0.005,0.0,256,0.0,,,,26.18271923896728,1.880198477723406,25.581554887604987,0.6011643513622928,37.6,23.488329005296226,28.796200591732703,2.040111780166626
C0341,32x16x8_relu_sgd_lr0.005_wd0.001_do0_bs256_ns0_momentum0.0,32x16x8,3,56,relu,sgd,0.005,0.001,0.0,256,0.0,0.0,,,26.199557973524882,1.277438130568161,25.431008947098622,0.7685490264262604,367.4,24.804875278946845,28.248950111700594,11.521537065505981
C0036,32_tanh_adam_lr0.0005_wd0.005_do0_bs256_ns0,32,1,32,tanh,adam,0.0005,0.005,0.0,256,0.0,,,,26.215068482400625,1.0972261571805433,26.126197606306153,0.08887087609447164,82.8,25.051050981371873,27.859140068209097,2.853982925415039
C0033,32_tanh_adam_lr0.0005_wd0.001_do0_bs256_ns0,32,1,32,tanh,adam,0.0005,0.001,0.0,256,0.0,,,,26.239967657591155,1.1106745334480919,26.142075781132526,0.09789187645862896,82.8,25.05228802666402,27.886933767754176,2.9114904403686523
C0072,32_relu_sgd_lr0.0005_wd0.005_do0_bs256_ns0_momentum0.9,32,1,32,relu,sgd,0.0005,0.005,0.0,256,0.0,0.9,,,26.268007761560018,0.9080604265107347,26.146183896904724,0.12182386465529405,112.0,25.096302774791553,27.368667704113818,1.5735325813293457
C0143,32_tanh_nesterov_lr0.0005_wd0.005_do0_bs128_ns0_momentum0.9_nesterovTrue,32,1,32,tanh,nesterov,0.0005,0.005,0.0,128,0.0,0.9,True,,26.271517210327353,1.0766356444607705,26.184974513704496,0.08654269662285685,119.6,25.225258330830023,28.045270530122004,3.9212913513183594
C0323,32x16x8_tanh_adam_lr0.0005_wd0.005_do0_bs128_ns0,32x16x8,3,56,tanh,adam,0.0005,0.005,0.0,128,0.0,,,,26.29758600602881,1.2694684898596715,25.4481388533357,0.8494471526931093,110.4,24.221610168885242,27.403782808279015,5.4728381633758545
C0126,32_relu_nesterov_lr0.0005_wd0.005_do0_bs256_ns0_momentum0.9_nesterovTrue,32,1,32,relu,nesterov,0.0005,0.005,0.0,256,0.0,0.9,True,,26.324124419271175,0.9649011126075305,26.21556438597949,0.10856003329168473,103.2,25.08603682428233,27.367826288754195,1.4626357555389404
C0066,32_relu_sgd_lr0.0005_wd0.001_do0_bs256_ns0_momentum0.9,32,1,32,relu,sgd,0.0005,0.001,0.0,256,0.0,0.9,,,26.33189500145094,0.9638239755159085,26.218543420827796,0.11335158062314221,103.6,25.099148694475375,27.375605268063214,1.4914822578430176
C0123,32_relu_nesterov_lr0.0005_wd0.001_do0_bs256_ns0_momentum0.9_nesterovTrue,32,1,32,relu,nesterov,0.0005,0.001,0.0,256,0.0,0.9,True,,26.339956204608818,0.9578524306992796,26.231286587396472,0.10866961721234603,102.6,25.116765352460455,27.374825776549915,1.5796012878417969
C0138,32_tanh_nesterov_lr0.005_wd0.005_do0_bs256_ns0_momentum0.9_nesterovTrue,32,1,32,tanh,nesterov,0.005,0.005,0.0,256,0.0,0.9,True,,26.343186028623542,1.28629822113726,26.527384596655573,-0.1841985680320306,21.8,25.219600878113148,28.48424864951055,1.023425579071045
C0135,32_tanh_nesterov_lr0.005_wd0.001_do0_bs256_ns0_momentum0.9_nesterovTrue,32,1,32,tanh,nesterov,0.005,0.001,0.0,256,0.0,0.9,True,,26.357513173491526,1.2871981534273211,26.54150942588844,-0.18399625239691275,20.6,25.222008487787917,28.48823845435079,0.9931800365447998
C0103,32_tanh_sgd_lr0.0005_wd0.005_do0_bs32_ns0_momentum0.0,32,1,32,tanh,sgd,0.0005,0.005,0.0,32,0.0,0.0,,,26.36503014495898,1.03262102255892,26.234082217273226,0.13094792768575303,293.6,25.276657886436602,27.998407948238828,14.2648286819458
C0093,32_tanh_sgd_lr0.005_wd0.005_do0_bs128_ns0_momentum0.0,32,1,32,tanh,sgd,0.005,0.005,0.0,128,0.0,0.0,,,26.368195258197055,1.0898879593789048,26.25580168775707,0.1123935704399841,95.6,25.2534247430646,28.042777744052408,3.1831066608428955
C0087,32_tanh_sgd_lr0.005_wd0.001_do0_bs128_ns0_momentum0.0,32,1,32,tanh,sgd,0.005,0.001,0.0,128,0.0,0.0,,,26.38033861111913,1.097679938410043,26.259105356293958,0.12123325482517089,99.0,25.25675625727503,28.05794049305045,3.142740488052368
C0097,32_tanh_sgd_lr0.0005_wd0.001_do0_bs32_ns0_momentum0.0,32,1,32,tanh,sgd,0.0005,0.001,0.0,32,0.0,0.0,,,26.38060209329227,1.0304118318221187,26.24787777733963,0.13272431595263967,291.8,25.27991120074522,28.0048285408771,13.93880033493042
C0287,32x16_tanh_nesterov_lr0.0005_wd0.005_do0_bs128_ns0_momentum0.9_nesterovTrue,32x16,2,48,tanh,nesterov,0.0005,0.005,0.0,128,0.0,0.9,True,,26.411793166472886,0.6473903057327303,26.022381589801352,0.3894115766715345,250.6,25.801783219024127,27.12454237561849,9.621658325195312
C0284,32x16_tanh_nesterov_lr0.0005_wd0.001_do0_bs128_ns0_momentum0.9_nesterovTrue,32x16,2,48,tanh,nesterov,0.0005,0.001,0.0,128,0.0,0.9,True,,26.42490104763157,0.6519740198461049,26.026903876457727,0.39799717117384503,250.4,25.817825796852635,27.138612164523614,9.565691232681274
C0096,32_tanh_sgd_lr0.005_wd0.005_do0_bs256_ns0_momentum0.9,32,1,32,tanh,sgd,0.005,0.005,0.0,256,0.0,0.9,,,26.473296300359728,1.2960685567944785,26.797540524362056,-0.324244224002328,17.6,25.294854251561723,28.57946851491488,1.015324354171753
C0215,32x16_relu_sgd_lr0.0005_wd0.005_do0_bs256_ns0_momentum0.0,32x16,2,48,relu,sgd,0.0005,0.005,0.0,256,0.0,0.0,,,26.479129796890042,1.1094272815909358,26.22600754658273,0.25312225030731383,438.2,25.384824244754412,28.213849334568845,12.433137893676758
C0209,32x16_relu_sgd_lr0.0005_wd0.001_do0_bs256_ns0_momentum0.0,32x16,2,48,relu,sgd,0.0005,0.001,0.0,256,0.0,0.0,,,26.481232200896198,1.1116425632549898,26.227767096169515,0.2534651047266827,438.6,25.38231395573049,28.21803344756584,12.491723537445068
C0090,32_tanh_sgd_lr0.005_wd0.001_do0_bs256_ns0_momentum0.9,32,1,32,tanh,sgd,0.005,0.001,0.0,256,0.0,0.9,,,26.48224996107635,1.2961173443670848,26.807485811468872,-0.3252358503925237,17.6,25.297661528679697,28.582780139970374,0.9855318069458008
C0059,32_relu_sgd_lr0.005_wd0.005_do0_bs256_ns0_momentum0.0,32,1,32,relu,sgd,0.005,0.005,0.0,256,0.0,0.0,,,26.503973727644098,0.8717308139421232,26.44392822292864,0.060045504715457554,83.2,25.489995584556368,27.540587007687826,1.2372751235961914
C0053,32_relu_sgd_lr0.005_wd0.001_do0_bs256_ns0_momentum0.0,32,1,32,relu,sgd,0.005,0.001,0.0,256,0.0,0.0,,,26.516131189257056,0.8711916162812098,26.453554989909197,0.06257619934785907,83.2,25.49674834824854,27.548203340327213,1.2139394283294678
C0140,32_tanh_nesterov_lr0.0005_wd0.001_do0_bs128_ns0_momentum0.9_nesterovTrue,32,1,32,tanh,nesterov,0.0005,0.001,0.0,128,0.0,0.9,True,,26.556441103222777,1.2490390448396764,26.45476706312808,0.1016740400946965,97.4,25.227875824562933,28.06047754105132,3.283665418624878
C0250,32x16_tanh_sgd_lr0.0005_wd0.005_do0_bs128_ns0_momentum0.9,32x16,2,48,tanh,sgd,0.0005,0.005,0.0,128,0.0,0.9,,,26.572110950917526,0.66516048863764,26.186226009848486,0.38588494106904037,204.2,25.806318597447813,27.141843238923258,7.400613307952881
C0244,32x16_tanh_sgd_lr0.0005_wd0.001_do0_bs128_ns0_momentum0.9,32x16,2,48,tanh,sgd,0.0005,0.001,0.0,128,0.0,0.9,,,26.582707059881965,0.6629563322463636,26.192563282316417,0.3901437775655481,205.2,25.82196327934752,27.140514588004464,7.74327278137207
C0365,32x16x8_tanh_sgd_lr0.05_wd0.001_do0_bs256_ns0_momentum0.0,32x16x8,3,56,tanh,sgd,0.05,0.001,0.0,256,0.0,0.0,,,26.589931758506303,1.5174397979068914,26.178655612387615,0.4112761461186878,52.4,24.383399124797357,28.075433996134468,2.2162747383117676
C0371,32x16x8_tanh_sgd_lr0.05_wd0.005_do0_bs256_ns0_momentum0.0,32x16x8,3,56,tanh,sgd,0.05,0.005,0.0,256,0.0,0.0,,,26.617675814953362,1.3722158983450694,26.24866621358466,0.36900960136870253,46.4,24.915635362358877,28.073393628255655,1.9987993240356445
C0095,32_tanh_sgd_lr0.005_wd0.005_do0_bs256_ns0_momentum0.0,32,1,32,tanh,sgd,0.005,0.005,0.0,256,0.0,0.0,,,26.632396724053546,1.2559549063529472,26.6254039934717,0.006992730581846018,82.4,25.230569031349784,28.444637402484137,2.501410484313965
C0106,32_tanh_sgd_lr0.0005_wd0.005_do0_bs128_ns0_momentum0.9,32,1,32,tanh,sgd,0.0005,0.005,0.0,128,0.0,0.9,,,26.642690226049655,1.4295490320064708,26.624176982352616,0.018513243697039883,115.4,25.21317249186011,28.68250315418495,3.82804799079895
C0089,32_tanh_sgd_lr0.005_wd0.001_do0_bs256_ns0_momentum0.0,32,1,32,tanh,sgd,0.005,0.001,0.0,256,0.0,0.0,,,26.64347156050682,1.2599239242556408,26.636665985868223,0.006805574638597989,82.4,25.2338660919905,28.45495806358101,2.4263362884521484
C0237,32x16_tanh_sgd_lr0.005_wd0.005_do0_bs128_ns0_momentum0.0,32x16,2,48,tanh,sgd,0.005,0.005,0.0,128,0.0,0.0,,,26.67622251504782,0.8478234104175769,26.31020642537586,0.36601608967195887,171.0,25.711933225615887,27.73049054451109,5.890930652618408
C0355,32x16x8_relu_sgd_lr0.0005_wd0.005_do0_bs32_ns0_momentum0.0,32x16x8,3,56,relu,sgd,0.0005,0.005,0.0,32,0.0,0.0,,,26.68811204308819,1.7367867259148713,25.8479314875053,0.8401805555828901,494.0,25.381081516050088,29.707020547647552,31.145753860473633
C0349,32x16x8_relu_sgd_lr0.0005_wd0.001_do0_bs32_ns0_momentum0.0,32x16x8,3,56,relu,sgd,0.0005,0.001,0.0,32,0.0,0.0,,,26.688455932258677,1.737541220743384,25.842864835470397,0.8455910967882794,494.8,25.381206908439708,29.70652201540317,29.094990730285645
C0231,32x16_tanh_sgd_lr0.005_wd0.001_do0_bs128_ns0_momentum0.0,32x16,2,48,tanh,sgd,0.005,0.001,0.0,128,0.0,0.0,,,26.693182692793336,0.8485272685536325,26.322169623233794,0.3710130695595417,171.0,25.735844610388302,27.746213363509867,5.624150276184082
C0141,32_tanh_nesterov_lr0.0005_wd0.001_do0_bs256_ns0_momentum0.9_nesterovTrue,32,1,32,tanh,nesterov,0.0005,0.001,0.0,256,0.0,0.9,True,,26.709942182227667,1.3051850968943526,26.69502767708662,0.014914505141046419,74.8,25.206761342289752,28.22835154579164,2.4198195934295654
C0100,32_tanh_sgd_lr0.0005_wd0.001_do0_bs128_ns0_momentum0.9,32,1,32,tanh,sgd,0.0005,0.001,0.0,128,0.0,0.9,,,26.73422059229032,1.5059504642879675,26.761518692728476,-0.027298100438155615,70.6,25.215706818459694,28.686842740885044,2.6219019889831543
C0247,32x16_tanh_sgd_lr0.0005_wd0.005_do0_bs32_ns0_momentum0.0,32x16,2,48,tanh,sgd,0.0005,0.005,0.0,32,0.0,0.0,,,26.759668292250968,1.0155687582841084,26.391533010518224,0.36813528173274435,467.8,25.729957712201877,28.07066583181146,27.270474910736084
C0394,32x16x8_tanh_sgd_lr0.0005_wd0.005_do0_bs128_ns0_momentum0.9,32x16x8,3,56,tanh,sgd,0.0005,0.005,0.0,128,0.0,0.9,,,26.771617555476062,0.9943506750320847,26.214897120592617,0.5567204348834451,276.2,25.683598383407478,28.18642663416926,10.565058708190918
C0069,32_relu_sgd_lr0.0005_wd0.005_do0_bs128_ns0_momentum0.0,32,1,32,relu,sgd,0.0005,0.005,0.0,128,0.0,0.0,,,26.77603283530965,0.8341454582606842,26.717089092747994,0.05894374256165591,328.8,25.736545930724652,27.474102618075836,4.410094738006592
C0241,32x16_tanh_sgd_lr0.0005_wd0.001_do0_bs32_ns0_momentum0.0,32x16,2,48,tanh,sgd,0.0005,0.001,0.0,32,0.0,0.0,,,26.786978045202904,1.0199012575319197,26.415833078483228,0.371144966719676,460.8,25.72653429928244,28.107119447091257,25.93131685256958
C0063,32_relu_sgd_lr0.0005_wd0.001_do0_bs128_ns0_momentum0.0,32,1,32,relu,sgd,0.0005,0.001,0.0,128,0.0,0.0,,,26.78914390561432,0.8307345344990714,26.727838309793764,0.06130559582055639,326.2,25.764416364847524,27.482758720952415,4.333738088607788
C0144,32_tanh_nesterov_lr0.0005_wd0.005_do0_bs256_ns0_momentum0.9_nesterovTrue,32,1,32,tanh,nesterov,0.0005,0.005,0.0,256,0.0,0.9,True,,26.801437973323523,1.2871542097343016,26.799085116081653,0.0023528572418705096,58.6,25.204203474032347,28.23100867048003,2.1006901264190674
C0321,32x16x8_tanh_adam_lr0.0005_wd0.001_do0_bs256_ns0,32x16x8,3,56,tanh,adam,0.0005,0.001,0.0,256,0.0,,,,26.84858678253579,0.830015083198451,26.255993337748755,0.5925934447870347,97.6,25.968666050738534,27.863352661581466,4.122718572616577
C0324,32x16x8_tanh_adam_lr0.0005_wd0.005_do0_bs256_ns0,32x16x8,3,56,tanh,adam,0.0005,0.005,0.0,256,0.0,,,,26.860962579668417,0.853406905044795,26.286731487407394,0.574231092261023,110.0,25.885076808291863,27.848595115540434,4.678978681564331
C0423,32x16x8_tanh_nesterov_lr0.005_wd0.001_do0_bs256_ns0_momentum0.9_nesterovTrue,32x16x8,3,56,tanh,nesterov,0.005,0.001,0.0,256,0.0,0.9,True,,26.88591886121363,1.6259261214224134,26.51869997084666,0.3672188903669671,49.6,24.563117512899247,28.683660487227638,2.2710626125335693
C0388,32x16x8_tanh_sgd_lr0.0005_wd0.001_do0_bs128_ns0_momentum0.9,32x16x8,3,56,tanh,sgd,0.0005,0.001,0.0,128,0.0,0.9,,,26.896264692618452,1.0928712910537184,26.341275009696894,0.5549896829215584,243.8,25.683133638864387,28.217032527027435,9.296777725219727
C0378,32x16x8_tanh_sgd_lr0.005_wd0.001_do0_bs256_ns0_momentum0.9,32x16x8,3,56,tanh,sgd,0.005,0.001,0.0,256,0.0,0.9,,,26.90882785281309,1.7227662019564718,26.662223264653125,0.24660458815996478,49.2,24.44865216834605,28.86337170483457,1.973273754119873
C0071,32_relu_sgd_lr0.0005_wd0.005_do0_bs256_ns0_momentum0.0,32,1,32,relu,sgd,0.0005,0.005,0.0,256,0.0,0.0,,,26.93008687528113,0.9442132481572784,26.907485742133037,0.02260113314809331,384.6,25.801197706278344,27.77485335262877,4.498422145843506
C0065,32_relu_sgd_lr0.0005_wd0.001_do0_bs256_ns0_momentum0.0,32,1,32,relu,sgd,0.0005,0.001,0.0,256,0.0,0.0,,,26.932077767015777,0.9410701380902566,26.911055889048658,0.02102187796711874,387.0,25.8048074904223,27.77406867806277,4.501943349838257
C0252,32x16_tanh_sgd_lr0.0005_wd0.005_do0_bs256_ns0_momentum0.9,32x16,2,48,tanh,sgd,0.0005,0.005,0.0,256,0.0,0.9,,,26.951445988550187,0.832019675129392,26.617475212034435,0.333970776515752,169.8,26.01687080227462,27.87180915878784,5.217885732650757
C0426,32x16x8_tanh_nesterov_lr0.005_wd0.005_do0_bs256_ns0_momentum0.9_nesterovTrue,32x16x8,3,56,tanh,nesterov,0.005,0.005,0.0,256,0.0,0.9,True,,26.961358918712712,1.4641978144497172,26.629132665957236,0.33222625275547557,46.4,25.01310359244468,28.68182352905393,2.105569839477539
C0105,32_tanh_sgd_lr0.0005_wd0.005_do0_bs128_ns0_momentum0.0,32,1,32,tanh,sgd,0.0005,0.005,0.0,128,0.0,0.0,,,26.99015479393961,1.3534386521300577,27.02073953118832,-0.03058473724870936,261.6,25.29041987138184,28.559835112266466,7.581585884094238
C0099,32_tanh_sgd_lr0.0005_wd0.001_do0_bs128_ns0_momentum0.0,32,1,32,tanh,sgd,0.0005,0.001,0.0,128,0.0,0.0,,,27.00317910225845,1.3515220706753224,27.035648259275764,-0.03246915701731368,257.2,25.29361926717017,28.564463039281982,7.527294874191284
C0431,32x16x8_tanh_nesterov_lr0.0005_wd0.005_do0_bs128_ns0_momentum0.9_nesterovTrue,32x16x8,3,56,tanh,nesterov,0.0005,0.005,0.0,128,0.0,0.9,True,,27.00849057644472,0.9146111184271029,26.457136059673463,0.5513545167712586,194.4,26.02789320447542,28.184451827903775,7.922697305679321
C0384,32x16x8_tanh_sgd_lr0.005_wd0.005_do0_bs256_ns0_momentum0.9,32x16x8,3,56,tanh,sgd,0.005,0.005,0.0,256,0.0,0.9,,,27.0199917527349,1.5089177654093133,26.81182673332993,0.20816501940496934,39.6,25.062984770629875,28.862265333956532,1.9719011783599854
C0381,32x16x8_tanh_sgd_lr0.005_wd0.005_do0_bs128_ns0_momentum0.0,32x16x8,3,56,tanh,sgd,0.005,0.005,0.0,128,0.0,0.0,,,27.034846546568623,0.9117201752126929,26.485444376966008,0.5494021696026152,176.2,25.982679076342386,28.15352706945431,6.828204870223999
C0288,32x16_tanh_nesterov_lr0.0005_wd0.005_do0_bs256_ns0_momentum0.9_nesterovTrue,32x16,2,48,tanh,nesterov,0.0005,0.005,0.0,256,0.0,0.9,True,,27.037239851358272,0.7558256049289117,26.688182845956653,0.3490570054016189,154.4,26.022649302980163,27.89526867225179,5.15477728843689
C0428,32x16x8_tanh_nesterov_lr0.0005_wd0.001_do0_bs128_ns0_momentum0.9_nesterovTrue,32x16x8,3,56,tanh,nesterov,0.0005,0.001,0.0,128,0.0,0.9,True,,27.041767509453553,0.9148231800228879,26.48498791401957,0.5567795954339836,192.8,26.054708843999304,28.187341413186537,7.331881999969482
C0246,32x16_tanh_sgd_lr0.0005_wd0.001_do0_bs256_ns0_momentum0.9,32x16,2,48,tanh,sgd,0.0005,0.001,0.0,256,0.0,0.9,,,27.051225125259293,0.9104956131353696,26.718536288358848,0.33268883690044504,148.4,26.03524827464987,28.014800080043223,5.104947805404663
C0375,32x16x8_tanh_sgd_lr0.005_wd0.001_do0_bs128_ns0_momentum0.0,32x16x8,3,56,tanh,sgd,0.005,0.001,0.0,128,0.0,0.0,,,27.068947507665882,0.9119865836156068,26.512857898418936,0.5560896092469463,175.0,26.028880782274722,28.156412785289138,6.4269020557403564
C0285,32x16_tanh_nesterov_lr0.0005_wd0.001_do0_bs256_ns0_momentum0.9_nesterovTrue,32x16,2,48,tanh,nesterov,0.0005,0.001,0.0,256,0.0,0.9,True,,27.108078418472253,0.7922081935409772,26.76081316653987,0.34726525193238444,139.6,26.046477335838137,27.90246492750914,6.352409362792969
C0107,32_tanh_sgd_lr0.0005_wd0.005_do0_bs256_ns0_momentum0.0,32,1,32,tanh,sgd,0.0005,0.005,0.0,256,0.0,0.0,,,27.108573100831187,1.4258821818660963,27.158623636526727,-0.05005053569554008,314.4,25.29216214328058,28.65304495973344,8.275463342666626
C0101,32_tanh_sgd_lr0.0005_wd0.001_do0_bs256_ns0_momentum0.0,32,1,32,tanh,sgd,0.0005,0.001,0.0,256,0.0,0.0,,,27.118321149824094,1.4308348564863709,27.17772903748576,-0.05940788766166705,311.2,25.295370039474882,28.66070260548829,8.140865087509155
C0239,32x16_tanh_sgd_lr0.005_wd0.005_do0_bs256_ns0_momentum0.0,32x16,2,48,tanh,sgd,0.005,0.005,0.0,256,0.0,0.0,,,27.18397452194506,0.9237870446744838,26.86304123339042,0.32093328855464165,114.4,26.033984969445566,28.29818956750289,3.6919589042663574
C0233,32x16_tanh_sgd_lr0.005_wd0.001_do0_bs256_ns0_momentum0.0,32x16,2,48,tanh,sgd,0.005,0.001,0.0,256,0.0,0.0,,,27.202401226866282,0.9195099924305793,26.88153658990729,0.3208646369589907,113.0,26.074534473958543,28.31807340926981,3.496899366378784
C0383,32x16x8_tanh_sgd_lr0.005_wd0.005_do0_bs256_ns0_momentum0.0,32x16x8,3,56,tanh,sgd,0.005,0.005,0.0,256,0.0,0.0,,,27.264877921741213,0.9419762908176328,26.753014618899662,0.5118633028415509,169.2,26.112884337824234,28.29780771993469,5.9166765213012695
C0108,32_tanh_sgd_lr0.0005_wd0.005_do0_bs256_ns0_momentum0.9,32,1,32,tanh,sgd,0.0005,0.005,0.0,256,0.0,0.9,,,27.274015243482125,1.656479030281565,27.247581919617794,0.026433323864331726,35.0,25.18655492250611,29.136754715600954,1.4555914402008057
C0102,32_tanh_sgd_lr0.0005_wd0.001_do0_bs256_ns0_momentum0.9,32,1,32,tanh,sgd,0.0005,0.001,0.0,256,0.0,0.9,,,27.28042974345849,1.6565575012238887,27.264287283052177,0.016142460406314285,34.8,25.195801502290035,29.140656590106506,1.3509814739227295
C0391,32x16x8_tanh_sgd_lr0.0005_wd0.005_do0_bs32_ns0_momentum0.0,32x16x8,3,56,tanh,sgd,0.0005,0.005,0.0,32,0.0,0.0,,,27.283231936192777,0.9747297120782972,26.753506997833632,0.5297249383591449,340.0,26.103813801111936,28.400240687254847,21.509437322616577
C0282,32x16_tanh_nesterov_lr0.005_wd0.005_do0_bs256_ns0_momentum0.9_nesterovTrue,32x16,2,48,tanh,nesterov,0.005,0.005,0.0,256,0.0,0.9,True,,27.28586034794568,1.3396617929147039,27.46008502447869,-0.17422467653301155,19.4,25.720342650528664,28.91637644750042,1.1126513481140137
C0377,32x16x8_tanh_sgd_lr0.005_wd0.001_do0_bs256_ns0_momentum0.0,32x16x8,3,56,tanh,sgd,0.005,0.001,0.0,256,0.0,0.0,,,27.2863054072971,0.9471119370345884,26.770073247212935,0.5162321600841651,169.6,26.12438742001759,28.348792108228942,5.225229978561401
C0279,32x16_tanh_nesterov_lr0.005_wd0.001_do0_bs256_ns0_momentum0.9_nesterovTrue,32x16,2,48,tanh,nesterov,0.005,0.001,0.0,256,0.0,0.9,True,,27.297159684627665,1.3378840641685275,27.470651964399405,-0.17349227977173953,19.4,25.731784398792634,28.922888084004303,1.1751635074615479
C0385,32x16x8_tanh_sgd_lr0.0005_wd0.001_do0_bs32_ns0_momentum0.0,32x16x8,3,56,tanh,sgd,0.0005,0.001,0.0,32,0.0,0.0,,,27.306957513605028,0.9705815039784201,26.772448608376163,0.534508905228865,338.6,26.152767925159207,28.44693481781735,21.79289722442627
C0432,32x16x8_tanh_nesterov_lr0.0005_wd0.005_do0_bs256_ns0_momentum0.9_nesterovTrue,32x16x8,3,56,tanh,nesterov,0.0005,0.005,0.0,256,0.0,0.9,True,,27.337287184995425,0.8818884609279377,26.854430313947365,0.4828568710480603,211.2,26.144650256834115,28.202326194439934,7.173877000808716
C0429,32x16x8_tanh_nesterov_lr0.0005_wd0.001_do0_bs256_ns0_momentum0.9_nesterovTrue,32x16x8,3,56,tanh,nesterov,0.0005,0.001,0.0,256,0.0,0.9,True,,27.37467301562405,0.887290330405527,26.89017587411491,0.48449714150914147,200.4,26.159353115590797,28.20513792725695,6.531083106994629
C0240,32x16_tanh_sgd_lr0.005_wd0.005_do0_bs256_ns0_momentum0.9,32x16,2,48,tanh,sgd,0.005,0.005,0.0,256,0.0,0.9,,,27.38079618582547,1.4613512418993073,27.709576409297085,-0.3287802234716146,33.2,25.702745066950456,29.18496236904347,1.5076420307159424
C0234,32x16_tanh_sgd_lr0.005_wd0.001_do0_bs256_ns0_momentum0.9,32x16,2,48,tanh,sgd,0.005,0.001,0.0,256,0.0,0.9,,,27.39168023885089,1.4591779463031391,27.72036254188847,-0.3286823030375814,33.2,25.713798316873977,29.190756021953792,1.5544445514678955
C0396,32x16x8_tanh_sgd_lr0.0005_wd0.005_do0_bs256_ns0_momentum0.9,32x16x8,3,56,tanh,sgd,0.0005,0.005,0.0,256,0.0,0.9,,,27.538112147435022,1.0192043355269447,27.079034942283716,0.45907720515130634,143.0,26.152287483990204,28.347995413527393,5.326576232910156
C0390,32x16x8_tanh_sgd_lr0.0005_wd0.001_do0_bs256_ns0_momentum0.9,32x16x8,3,56,tanh,sgd,0.0005,0.001,0.0,256,0.0,0.9,,,27.55958113642429,1.01665454170611,27.095616243166212,0.4639648932580762,142.8,26.168053759331713,28.349488663077,5.031184673309326
C0249,32x16_tanh_sgd_lr0.0005_wd0.005_do0_bs128_ns0_momentum0.0,32x16,2,48,tanh,sgd,0.0005,0.005,0.0,128,0.0,0.0,,,27.595890362681054,1.1799167979601504,27.341653642007422,0.25423672067363157,390.6,26.496579091021108,29.320203190225026,12.557776927947998
C0243,32x16_tanh_sgd_lr0.0005_wd0.001_do0_bs128_ns0_momentum0.0,32x16,2,48,tanh,sgd,0.0005,0.001,0.0,128,0.0,0.0,,,27.606377537136172,1.1864329359248347,27.348461496241576,0.25791604089459597,390.0,26.505076248364283,29.33490859768964,13.345716953277588
C0251,32x16_tanh_sgd_lr0.0005_wd0.005_do0_bs256_ns0_momentum0.0,32x16,2,48,tanh,sgd,0.0005,0.005,0.0,256,0.0,0.0,,,27.792205965128254,1.3246249623756554,27.53185449104843,0.2603514740798225,463.6,26.567859020629747,29.860352116256117,13.054241418838501
C0245,32x16_tanh_sgd_lr0.0005_wd0.001_do0_bs256_ns0_momentum0.0,32x16,2,48,tanh,sgd,0.0005,0.001,0.0,256,0.0,0.0,,,27.800665515483825,1.3143513030429164,27.52973077257989,0.27093474290393615,463.6,26.563602855480678,29.867289473244295,14.008333683013916
C0393,32x16x8_tanh_sgd_lr0.0005_wd0.005_do0_bs128_ns0_momentum0.0,32x16x8,3,56,tanh,sgd,0.0005,0.005,0.0,128,0.0,0.0,,,27.93150309546213,1.242447890173246,27.415534829207058,0.5159682662550722,446.6,26.472912325770757,29.832442538195256,15.573507070541382
C0387,32x16x8_tanh_sgd_lr0.0005_wd0.001_do0_bs128_ns0_momentum0.0,32x16x8,3,56,tanh,sgd,0.0005,0.001,0.0,128,0.0,0.0,,,27.95678128909312,1.242880207246288,27.445745759206307,0.5110355298868114,437.0,26.48248368365787,29.84291696381186,15.157459020614624
C0395,32x16x8_tanh_sgd_lr0.0005_wd0.005_do0_bs256_ns0_momentum0.0,32x16x8,3,56,tanh,sgd,0.0005,0.005,0.0,256,0.0,0.0,,,28.30012502929456,1.3822487478872496,27.7983580234011,0.5017670058934591,445.6,26.709426627023998,30.393919915864092,14.040813207626343
C0389,32x16x8_tanh_sgd_lr0.0005_wd0.001_do0_bs256_ns0_momentum0.0,32x16x8,3,56,tanh,sgd,0.0005,0.001,0.0,256,0.0,0.0,,,28.31031637006659,1.3945249319643551,27.807171517179967,0.5031448528866242,446.4,26.716869902082493,30.43181702158747,13.237769603729248
C0351,32x16x8_relu_sgd_lr0.0005_wd0.001_do0_bs128_ns0_momentum0.0,32x16x8,3,56,relu,sgd,0.0005,0.001,0.0,128,0.0,0.0,,,28.61092696080136,1.993960840533093,27.610837498675874,1.0000894621254872,496.0,26.98241983214473,32.006947174192035,16.317999362945557
C0357,32x16x8_relu_sgd_lr0.0005_wd0.005_do0_bs128_ns0_momentum0.0,32x16x8,3,56,relu,sgd,0.0005,0.005,0.0,128,0.0,0.0,,,28.6112676581779,1.9989065947556197,27.614125881795303,0.9971417763825983,494.2,26.98161628539473,32.01602469929247,15.799641609191895
C0359,32x16x8_relu_sgd_lr0.0005_wd0.005_do0_bs256_ns0_momentum0.0,32x16x8,3,56,relu,sgd,0.0005,0.005,0.0,256,0.0,0.0,,,29.249620735407888,2.1186504434502638,28.200760275522363,1.0488604598855247,494.2,27.495002865786518,32.75650066279961,14.635547637939453
C0353,32x16x8_relu_sgd_lr0.0005_wd0.001_do0_bs256_ns0_momentum0.0,32x16x8,3,56,relu,sgd,0.0005,0.001,0.0,256,0.0,0.0,,,29.25030494958388,2.1138588071683495,28.19968721453277,1.0506177350511123,494.8,27.49102273613945,32.74318707304565,15.407568216323853
