short_id,config_id,arch_str,depth,width_sum,activation,optimizer,loss_fn,lr,weight_decay,dropout,batch_size,input_noise,momentum,nesterov,alpha,mean_mee,std_mee,mean_train,gen_gap,mean_epochs,min_mee,max_mee,elapsed_sec
C0320,256x256x128_gelu_adamw_lr0.02_wd0.1_do0.1_bs32_ns0_lossmse,256x256x128,3,640,gelu,adamw,mse,0.02,0.1,0.1,32,0.0,,,,18.058317717148576,1.1681143275613928,12.741563698684272,5.316754018464303,132.2,16.626669251615642,19.62642283181865,24.429954528808594
C0310,256x256x128_gelu_adamw_lr0.01_wd0.1_do0.1_bs32_ns0_lossmse,256x256x128,3,640,gelu,adamw,mse,0.01,0.1,0.1,32,0.0,,,,18.10210336133926,0.9476714432126069,11.40533181676833,6.696771544570931,98.4,16.776875846114876,19.09422657830812,18.5016450881958
C0111,128x128x128_gelu_adam_lr0.02_wd0.001_do0_bs32_ns0_lossmse,128x128x128,3,384,gelu,adam,mse,0.02,0.001,0.0,32,0.0,,,,18.288851401836073,1.9457303445561158,12.805319483422116,5.4835319184139575,101.0,15.95078665558729,21.185400733265826,35.51288890838623
C0157,128x128x128_gelu_adamw_lr0.02_wd0.05_do0_bs32_ns0_lossmse,128x128x128,3,384,gelu,adamw,mse,0.02,0.05,0.0,32,0.0,,,,18.335242046727636,2.2226463073505807,11.650913370008247,6.684328676719389,68.6,15.625925961329699,21.43492482269209,23.74166226387024
C0241,256x256x128_gelu_adam_lr0.005_wd0.001_do0_bs32_ns0_lossmse,256x256x128,3,640,gelu,adam,mse,0.005,0.001,0.0,32,0.0,,,,18.416090333430315,0.8764144678759096,11.088365459159501,7.327724874270814,92.8,17.145715920073854,19.433177579873306,33.79172134399414
C0239,256x128x64_gelu_adamw_lr0.02_wd0.1_do0_bs32_ns0_lossmse,256x128x64,3,448,gelu,adamw,mse,0.02,0.1,0.0,32,0.0,,,,18.479010372727906,1.7908522512735694,13.15284705812264,5.326163314605266,95.0,16.512218572014795,20.37886731589573,32.564388036727905
C0261,256x256x128_gelu_adam_lr0.01_wd0.001_do0_bs32_ns0_lossmse,256x256x128,3,640,gelu,adam,mse,0.01,0.001,0.0,32,0.0,,,,18.523192870501997,1.7462072754586027,13.202205391852186,5.320987478649812,83.4,16.590604618241297,21.01936567609606,31.388806581497192
C0397,256x256x256_gelu_adamw_lr0.02_wd0.05_do0_bs32_ns0_lossmse,256x256x256,3,768,gelu,adamw,mse,0.02,0.05,0.0,32,0.0,,,,18.55074667624156,0.9400536958556824,11.1565926325821,7.394154043659459,85.4,17.38288017209141,19.794558101349885,32.77854561805725
C0309,256x256x128_gelu_adamw_lr0.01_wd0.1_do0_bs32_ns0_lossmse,256x256x128,3,640,gelu,adamw,mse,0.01,0.1,0.0,32,0.0,,,,18.57968503041547,1.251185011712528,10.261991433852677,8.317693596562792,75.4,16.704363814744475,19.67235929037196,12.364745616912842
C0159,128x128x128_gelu_adamw_lr0.02_wd0.1_do0_bs32_ns0_lossmse,128x128x128,3,384,gelu,adamw,mse,0.02,0.1,0.0,32,0.0,,,,18.619403479814217,1.7018978254388228,12.341417434109378,6.277986045704839,91.6,16.2832093383301,20.81234041562803,30.47188138961792
C0101,128x128x128_gelu_adam_lr0.01_wd0.001_do0_bs32_ns0_lossmse,128x128x128,3,384,gelu,adam,mse,0.01,0.001,0.0,32,0.0,,,,18.620914179854744,1.30415772443719,12.944203943326604,5.676710236528139,81.2,17.077260765449672,20.107768064205395,30.01207184791565
C0318,256x256x128_gelu_adamw_lr0.02_wd0.05_do0.1_bs32_ns0_lossmse,256x256x128,3,640,gelu,adamw,mse,0.02,0.05,0.1,32,0.0,,,,18.638590793974817,0.8529994617610287,10.80510394063613,7.833486853338687,115.8,17.71934678149375,19.855142687934524,21.56524968147278
C0271,256x256x128_gelu_adam_lr0.02_wd0.001_do0_bs32_ns0_lossmse,256x256x128,3,640,gelu,adam,mse,0.02,0.001,0.0,32,0.0,,,,18.650098786249337,1.7552514576884912,13.994674726311683,4.655424059937655,84.2,16.75945835769154,21.131664244484327,30.713205337524414
C0160,128x128x128_gelu_adamw_lr0.02_wd0.1_do0.1_bs32_ns0_lossmse,128x128x128,3,384,gelu,adamw,mse,0.02,0.1,0.1,32,0.0,,,,18.678005397686906,2.4360540938917747,14.186672526116954,4.491332871569952,110.2,16.607237057088252,21.86100906396699,40.3203809261322
C0341,256x256x256_gelu_adam_lr0.01_wd0.001_do0_bs32_ns0_lossmse,256x256x256,3,768,gelu,adam,mse,0.01,0.001,0.0,32,0.0,,,,18.685754233199628,1.3942597333442848,14.037937996073328,4.6478162371263,62.8,16.44511469491287,19.73729363301802,12.589148998260498
C0389,256x256x256_gelu_adamw_lr0.01_wd0.1_do0_bs32_ns0_lossmse,256x256x256,3,768,gelu,adamw,mse,0.01,0.1,0.0,32,0.0,,,,18.743798914560102,1.3380134252201215,12.857887579278374,5.885911335281728,59.4,17.20295536762452,20.38726653388771,11.140096664428711
C0079,128x128x64_gelu_adamw_lr0.02_wd0.1_do0_bs32_ns0_lossmse,128x128x64,3,320,gelu,adamw,mse,0.02,0.1,0.0,32,0.0,,,,18.7450117178388,1.798375817281955,13.506378860040778,5.238632857798022,76.8,16.521537552888095,21.40220559388424,27.111294269561768
C0342,256x256x256_gelu_adam_lr0.01_wd0.001_do0.1_bs32_ns0_lossmse,256x256x256,3,768,gelu,adam,mse,0.01,0.001,0.1,32,0.0,,,,18.815648029476318,1.0758706054240577,13.99768623562898,4.8179617938473385,105.2,17.058397072560076,20.00761263860525,21.996654510498047
C0399,256x256x256_gelu_adamw_lr0.02_wd0.1_do0_bs32_ns0_lossmse,256x256x256,3,768,gelu,adamw,mse,0.02,0.1,0.0,32,0.0,,,,18.826401043812847,1.7381825565629514,13.901918873267132,4.924482170545716,93.6,16.919675508362815,21.093956196410897,35.55691838264465
C0398,256x256x256_gelu_adamw_lr0.02_wd0.05_do0.1_bs32_ns0_lossmse,256x256x256,3,768,gelu,adamw,mse,0.02,0.05,0.1,32,0.0,,,,18.83754104435899,1.2969077264062585,12.958186005458646,5.879355038900343,108.6,16.82457840474557,19.989470818629968,47.34595537185669
C0352,256x256x256_gelu_adam_lr0.02_wd0.001_do0.1_bs32_ns0_lossmse,256x256x256,3,768,gelu,adam,mse,0.02,0.001,0.1,32,0.0,,,,18.839584808546824,0.9765255763554759,13.149727133280319,5.689857675266506,139.4,17.13901285671928,19.478545374149842,26.267117977142334
C0181,256x128x64_gelu_adam_lr0.01_wd0.001_do0_bs32_ns0_lossmse,256x128x64,3,448,gelu,adam,mse,0.01,0.001,0.0,32,0.0,,,,18.874587083787794,1.192604743656916,13.37253363934993,5.502053444437864,80.4,16.998717999987868,20.2591652105909,27.666143894195557
C0322,256x256x256_gelu_adam_lr0.005_wd0.001_do0.1_bs32_ns0_lossmse,256x256x256,3,768,gelu,adam,mse,0.005,0.001,0.1,32,0.0,,,,18.910992803545543,1.045519579620036,13.45089068609719,5.460102117448352,99.4,17.141420735386852,19.897375672070616,19.90847086906433
C0331,256x256x256_gelu_adam_lr0.008_wd0.001_do0_bs32_ns0_lossmse,256x256x256,3,768,gelu,adam,mse,0.008,0.001,0.0,32,0.0,,,,18.93568714835813,1.5214483955709588,13.792403316596822,5.143283831761309,68.0,16.265042910256636,19.881900482680837,14.540980100631714
C0251,256x256x128_gelu_adam_lr0.008_wd0.001_do0_bs32_ns0_lossmse,256x256x128,3,640,gelu,adam,mse,0.008,0.001,0.0,32,0.0,,,,18.93835362646989,1.7325982971988114,13.487168070684826,5.451185555785065,81.6,16.258888456650844,20.91578766925708,30.267863273620605
C0370,256x256x256_gelu_adamw_lr0.005_wd0.1_do0.1_bs32_ns0_lossmse,256x256x256,3,768,gelu,adamw,mse,0.005,0.1,0.1,32,0.0,,,,19.016778507935808,0.9534278671602391,9.741053989748938,9.27572451818687,86.4,17.333215484894886,19.66778017719229,18.399136066436768
C0262,256x256x128_gelu_adam_lr0.01_wd0.001_do0.1_bs32_ns0_lossmse,256x256x128,3,640,gelu,adam,mse,0.01,0.001,0.1,32,0.0,,,,19.02094954864179,1.4015537522095123,15.708044827330008,3.3129047213117833,97.0,16.850577315404358,20.058396371748348,41.49221420288086
C0150,128x128x128_gelu_adamw_lr0.01_wd0.1_do0.1_bs32_ns0_lossmse,128x128x128,3,384,gelu,adamw,mse,0.01,0.1,0.1,32,0.0,,,,19.04558195065495,0.8592767808724432,13.192123636392129,5.85345831426282,79.0,18.31900525262917,20.15991764372125,21.62408423423767
C0252,256x256x128_gelu_adam_lr0.008_wd0.001_do0.1_bs32_ns0_lossmse,256x256x128,3,640,gelu,adam,mse,0.008,0.001,0.1,32,0.0,,,,19.112380703517097,1.0559682676633986,15.128727654171854,3.983653049345243,92.0,18.05653736536288,20.892133662210874,39.11483716964722
C0317,256x256x128_gelu_adamw_lr0.02_wd0.05_do0_bs32_ns0_lossmse,256x256x128,3,640,gelu,adamw,mse,0.02,0.05,0.0,32,0.0,,,,19.1357147473094,1.9336420756804122,13.422435917744332,5.713278829565068,59.4,17.4189180390103,21.53379591732388,10.569629669189453
C0300,256x256x128_gelu_adamw_lr0.008_wd0.1_do0.1_bs32_ns0_lossmse,256x256x128,3,640,gelu,adamw,mse,0.008,0.1,0.1,32,0.0,,,,19.19866406716135,1.3195200980231652,12.346439753265463,6.852224313895887,84.6,17.686042964294096,21.103795119181814,15.528172254562378
C0321,256x256x256_gelu_adam_lr0.005_wd0.001_do0_bs32_ns0_lossmse,256x256x256,3,768,gelu,adam,mse,0.005,0.001,0.0,32,0.0,,,,19.208804680391857,1.315431452155131,13.410503654390231,5.798301026001626,68.0,17.095731324713977,20.403461931951483,12.107593297958374
C0380,256x256x256_gelu_adamw_lr0.008_wd0.1_do0.1_bs32_ns0_lossmse,256x256x256,3,768,gelu,adamw,mse,0.008,0.1,0.1,32,0.0,,,,19.223735546330296,1.6312047143318118,13.158545527805199,6.065190018525097,63.2,17.01309961185968,20.781898483245904,16.167139530181885
C0158,128x128x128_gelu_adamw_lr0.02_wd0.05_do0.1_bs32_ns0_lossmse,128x128x128,3,384,gelu,adamw,mse,0.02,0.05,0.1,32,0.0,,,,19.246266741724554,2.302187396140893,14.02890001202353,5.217366729701023,80.8,16.496071207370488,21.856024035282026,31.016814947128296
C0156,128x128x128_gelu_adamw_lr0.02_wd0.01_do0.1_bs32_ns0_lossmse,128x128x128,3,384,gelu,adamw,mse,0.02,0.01,0.1,32,0.0,,,,19.254741121220547,1.263266857994696,12.091485718256427,7.16325540296412,75.4,17.070936345719264,20.300163572434514,29.64234185218811
C0011,128x128x64_gelu_adam_lr0.008_wd0.001_do0_bs32_ns0_lossmse,128x128x64,3,320,gelu,adam,mse,0.008,0.001,0.0,32,0.0,,,,19.26197863739418,1.417038572511154,13.950000918760296,5.311977718633884,68.4,17.003102052911526,20.711304442171986,12.774188995361328
C0351,256x256x256_gelu_adam_lr0.02_wd0.001_do0_bs32_ns0_lossmse,256x256x256,3,768,gelu,adam,mse,0.02,0.001,0.0,32,0.0,,,,19.279596747521985,1.8877899738051644,12.926795083424532,6.352801664097454,77.8,16.761884870442294,22.03144050464325,13.909375190734863
C0155,128x128x128_gelu_adamw_lr0.02_wd0.01_do0_bs32_ns0_lossmse,128x128x128,3,384,gelu,adamw,mse,0.02,0.01,0.0,32,0.0,,,,19.31531686782687,1.4904206230825916,10.531173757433367,8.784143110393503,55.8,17.19993385848976,20.637679810499222,21.103546380996704
C0379,256x256x256_gelu_adamw_lr0.008_wd0.1_do0_bs32_ns0_lossmse,256x256x256,3,768,gelu,adamw,mse,0.008,0.1,0.0,32,0.0,,,,19.32644497185486,1.2133805747620485,12.958471468205142,6.367973503649717,48.8,17.33335456966418,20.43538456523992,11.382580280303955
C0021,128x128x64_gelu_adam_lr0.01_wd0.001_do0_bs32_ns0_lossmse,128x128x64,3,320,gelu,adam,mse,0.01,0.001,0.0,32,0.0,,,,19.332858241449138,2.031092825374965,14.551840359234268,4.78101788221487,75.2,16.556582325915745,21.480775682435752,14.05685806274414
C0078,128x128x64_gelu_adamw_lr0.02_wd0.05_do0.1_bs32_ns0_lossmse,128x128x64,3,320,gelu,adamw,mse,0.02,0.05,0.1,32,0.0,,,,19.35121492596848,1.056756673290183,14.61895743757437,4.7322574883941115,82.6,17.880451968834056,20.6353560066073,34.12257957458496
C0070,128x128x64_gelu_adamw_lr0.01_wd0.1_do0.1_bs32_ns0_lossmse,128x128x64,3,320,gelu,adamw,mse,0.01,0.1,0.1,32,0.0,,,,19.35484011384826,1.3437005931125463,14.036099568030028,5.318740545818233,82.4,17.171424076961912,20.44094224888011,27.192834854125977
C0171,256x128x64_gelu_adam_lr0.008_wd0.001_do0_bs32_ns0_lossmse,256x128x64,3,448,gelu,adam,mse,0.008,0.001,0.0,32,0.0,,,,19.358741995998344,1.1917607494315705,15.032960271384567,4.325781724613776,67.8,17.5177650044859,20.692189998192728,24.600167989730835
C0299,256x256x128_gelu_adamw_lr0.008_wd0.1_do0_bs32_ns0_lossmse,256x256x128,3,640,gelu,adamw,mse,0.008,0.1,0.0,32,0.0,,,,19.365779740702664,1.3061322547711176,11.902383102434388,7.463396638268275,65.0,17.501074686594745,21.06682212590264,10.504985094070435
C0161,256x128x64_gelu_adam_lr0.005_wd0.001_do0_bs32_ns0_lossmse,256x128x64,3,448,gelu,adam,mse,0.005,0.001,0.0,32,0.0,,,,19.381262649943167,1.1337056005776875,13.102519561225936,6.278743088717231,75.0,17.674343616738955,20.729150006454542,26.420495986938477
C0392,256x256x256_gelu_adamw_lr0.02_wd0.001_do0.1_bs32_ns0_lossmse,256x256x256,3,768,gelu,adamw,mse,0.02,0.001,0.1,32,0.0,,,,19.406921940821746,1.5415256114187272,11.161888326878053,8.245033613943693,103.4,17.514809149581485,20.907831253678758,21.8177752494812
C0390,256x256x256_gelu_adamw_lr0.01_wd0.1_do0.1_bs32_ns0_lossmse,256x256x256,3,768,gelu,adamw,mse,0.01,0.1,0.1,32,0.0,,,,19.418091041271133,0.8131795520497359,13.653031632256452,5.765059409014681,64.2,18.60723961252166,20.58723268719899,14.282214403152466
C0306,256x256x128_gelu_adamw_lr0.01_wd0.01_do0.1_bs32_ns0_lossmse,256x256x128,3,640,gelu,adamw,mse,0.01,0.01,0.1,32,0.0,,,,19.421766346789603,0.522565256194463,11.760245831778011,7.661520515011592,73.2,18.763866932481008,20.033444569602473,14.224100351333618
C0229,256x128x64_gelu_adamw_lr0.01_wd0.1_do0_bs32_ns0_lossmse,256x128x64,3,448,gelu,adamw,mse,0.01,0.1,0.0,32,0.0,,,,19.44122238520493,0.7932441327261315,14.08255050653392,5.358671878671011,60.4,18.5240218642842,20.44015855958954,22.60624098777771
C0059,128x128x64_gelu_adamw_lr0.008_wd0.1_do0_bs32_ns0_lossmse,128x128x64,3,320,gelu,adamw,mse,0.008,0.1,0.0,32,0.0,,,,19.451280472107374,1.2347450455342248,11.952473418579126,7.498807053528248,66.0,17.642884313482995,20.782997333251615,17.872567415237427
C0069,128x128x64_gelu_adamw_lr0.01_wd0.1_do0_bs32_ns0_lossmse,128x128x64,3,320,gelu,adamw,mse,0.01,0.1,0.0,32,0.0,,,,19.463399090356035,1.6248692615285565,13.711084832902335,5.752314257453699,58.4,16.801821907210602,20.977788338114824,15.249772787094116
C0242,256x256x128_gelu_adam_lr0.005_wd0.001_do0.1_bs32_ns0_lossmse,256x256x128,3,640,gelu,adam,mse,0.005,0.001,0.1,32,0.0,,,,19.465098526555202,0.8611704325612752,15.240531343245308,4.224567183309894,73.4,18.291455829738613,20.609082407422687,32.639399766922
C0091,128x128x128_gelu_adam_lr0.008_wd0.001_do0_bs32_ns0_lossmse,128x128x128,3,384,gelu,adam,mse,0.008,0.001,0.0,32,0.0,,,,19.465734781996918,1.036063004701031,14.95409064553547,4.511644136461449,54.4,18.36907647039041,20.59297026221891,23.079394102096558
C0368,256x256x256_gelu_adamw_lr0.005_wd0.05_do0.1_bs32_ns0_lossmse,256x256x256,3,768,gelu,adamw,mse,0.005,0.05,0.1,32,0.0,,,,19.469625078086292,0.9996759190462354,11.137026615350546,8.332598462735746,66.4,17.741370008360228,20.328026530278194,14.824170589447021
C0378,256x256x256_gelu_adamw_lr0.008_wd0.05_do0.1_bs32_ns0_lossmse,256x256x256,3,768,gelu,adamw,mse,0.008,0.05,0.1,32,0.0,,,,19.47438406532671,1.388453695485972,13.795863100442741,5.678520964883969,54.2,17.223610240886615,20.668088453320728,15.086008071899414
C0172,256x128x64_gelu_adam_lr0.008_wd0.001_do0.1_bs32_ns0_lossmse,256x128x64,3,448,gelu,adam,mse,0.008,0.001,0.1,32,0.0,,,,19.47765799199001,0.7265727728054526,15.783903118150747,3.6937548738392643,100.4,18.47151021105594,20.312399050653095,38.44746685028076
C0081,128x128x128_gelu_adam_lr0.005_wd0.001_do0_bs32_ns0_lossmse,128x128x128,3,384,gelu,adam,mse,0.005,0.001,0.0,32,0.0,,,,19.49475774688333,0.955616627041115,13.705688560027292,5.789069186856038,67.4,17.88011194993693,20.436749790248165,24.676406145095825
C0149,128x128x128_gelu_adamw_lr0.01_wd0.1_do0_bs32_ns0_lossmse,128x128x128,3,384,gelu,adamw,mse,0.01,0.1,0.0,32,0.0,,,,19.502212344303338,0.3836319488969095,12.122991997404004,7.379220346899334,52.2,19.049723613948203,19.9163424319394,13.748718738555908
C0388,256x256x256_gelu_adamw_lr0.01_wd0.05_do0.1_bs32_ns0_lossmse,256x256x256,3,768,gelu,adamw,mse,0.01,0.05,0.1,32,0.0,,,,19.503348883291636,1.0890739560422733,12.263241667062383,7.240107216229253,63.8,18.186443372475708,21.12128503832445,14.118618488311768
C0210,256x128x64_gelu_adamw_lr0.005_wd0.1_do0.1_bs32_ns0_lossmse,256x128x64,3,448,gelu,adamw,mse,0.005,0.1,0.1,32,0.0,,,,19.519554440860205,0.7414939726096504,11.848210836735552,7.671343604124653,90.2,18.514460821769536,20.0844268077855,34.98173928260803
C0272,256x256x128_gelu_adam_lr0.02_wd0.001_do0.1_bs32_ns0_lossmse,256x256x128,3,640,gelu,adam,mse,0.02,0.001,0.1,32,0.0,,,,19.522951590280748,0.885354760477212,15.849123574892735,3.673828015388013,115.0,18.173121879913555,20.608658318300723,46.695451736450195
C0031,128x128x64_gelu_adam_lr0.02_wd0.001_do0_bs32_ns0_lossmse,128x128x64,3,320,gelu,adam,mse,0.02,0.001,0.0,32,0.0,,,,19.52757661063408,1.504894917480545,16.231949497021546,3.2956271136125324,67.2,17.275531247882,21.46837904429396,12.963080644607544
C0154,128x128x128_gelu_adamw_lr0.02_wd0.005_do0.1_bs32_ns0_lossmse,128x128x128,3,384,gelu,adamw,mse,0.02,0.005,0.1,32,0.0,,,,19.54846656117191,1.2895444253876673,12.81893408354731,6.7295324776246,69.2,17.68739030500646,21.04502676363064,27.634015321731567
C0394,256x256x256_gelu_adamw_lr0.02_wd0.005_do0.1_bs32_ns0_lossmse,256x256x256,3,768,gelu,adamw,mse,0.02,0.005,0.1,32,0.0,,,,19.549010805708868,1.638238332657058,11.744276494545325,7.804734311163543,101.0,17.383903338337667,21.33920472162291,22.476650953292847
C0140,128x128x128_gelu_adamw_lr0.008_wd0.1_do0.1_bs32_ns0_lossmse,128x128x128,3,384,gelu,adamw,mse,0.008,0.1,0.1,32,0.0,,,,19.55919137334491,0.8433219162867565,14.34590211345531,5.213289259889599,65.2,18.636628708397176,20.47166259809514,19.243707180023193
C0319,256x256x128_gelu_adamw_lr0.02_wd0.1_do0_bs32_ns0_lossmse,256x256x128,3,640,gelu,adamw,mse,0.02,0.1,0.0,32,0.0,,,,19.5602985113096,1.9109040483744721,15.378070592917899,4.1822279183917015,63.2,16.53310150215777,21.049000853620505,11.572353601455688
C0290,256x256x128_gelu_adamw_lr0.005_wd0.1_do0.1_bs32_ns0_lossmse,256x256x128,3,640,gelu,adamw,mse,0.005,0.1,0.1,32,0.0,,,,19.561010816762714,1.196552507846773,12.588190167766912,6.972820648995802,73.2,17.78255243681984,21.063192221191876,12.926477432250977
C0387,256x256x256_gelu_adamw_lr0.01_wd0.05_do0_bs32_ns0_lossmse,256x256x256,3,768,gelu,adamw,mse,0.01,0.05,0.0,32,0.0,,,,19.576890634210024,0.5920093385774418,11.634299713472979,7.942590920737045,48.8,18.72577189208301,20.326127760650838,9.729783773422241
C0377,256x256x256_gelu_adamw_lr0.008_wd0.05_do0_bs32_ns0_lossmse,256x256x256,3,768,gelu,adamw,mse,0.008,0.05,0.0,32,0.0,,,,19.59552398699301,0.9541979833125055,10.305257639280306,9.290266347712702,55.8,18.18104322535468,20.872178936998388,12.821518659591675
C0191,256x128x64_gelu_adam_lr0.02_wd0.001_do0_bs32_ns0_lossmse,256x128x64,3,448,gelu,adam,mse,0.02,0.001,0.0,32,0.0,,,,19.598970654610874,1.3022200917494533,16.190850823864526,3.4081198307463474,60.4,18.65468179836946,21.80548141157098,22.573764085769653
C0219,256x128x64_gelu_adamw_lr0.008_wd0.1_do0_bs32_ns0_lossmse,256x128x64,3,448,gelu,adamw,mse,0.008,0.1,0.0,32,0.0,,,,19.612170984203132,0.9985733316035429,12.420838243088783,7.1913327411143495,65.8,18.26058674775839,20.80651349741862,23.85764789581299
C0307,256x256x128_gelu_adamw_lr0.01_wd0.05_do0_bs32_ns0_lossmse,256x256x128,3,640,gelu,adamw,mse,0.01,0.05,0.0,32,0.0,,,,19.62063745631322,0.8523343779902073,12.05979018207688,7.560847274236339,49.0,18.48046823022559,20.580363208138323,8.88266658782959
C0148,128x128x128_gelu_adamw_lr0.01_wd0.05_do0.1_bs32_ns0_lossmse,128x128x128,3,384,gelu,adamw,mse,0.01,0.05,0.1,32,0.0,,,,19.62294030445751,1.025449530841962,12.297354796805084,7.325585507652427,70.8,18.129528587015876,21.027479662436775,19.73924446105957
C0289,256x256x128_gelu_adamw_lr0.005_wd0.1_do0_bs32_ns0_lossmse,256x256x128,3,640,gelu,adamw,mse,0.005,0.1,0.0,32,0.0,,,,19.623147520436184,0.7804053603194984,12.457815802353243,7.165331718082941,52.2,18.51483247448488,20.446102813166135,8.601840734481812
C0316,256x256x128_gelu_adamw_lr0.02_wd0.01_do0.1_bs32_ns0_lossmse,256x256x128,3,640,gelu,adamw,mse,0.02,0.01,0.1,32,0.0,,,,19.638637026871937,0.9168403249066024,12.972110122120375,6.666526904751562,78.8,18.43922060846845,20.950516762961104,15.676233053207397
C0153,128x128x128_gelu_adamw_lr0.02_wd0.005_do0_bs32_ns0_lossmse,128x128x128,3,384,gelu,adamw,mse,0.02,0.005,0.0,32,0.0,,,,19.652245185758296,1.0459083731091097,10.814751186569742,8.837493999188554,51.8,18.169551092409243,20.769865644008668,19.596065759658813
C0386,256x256x256_gelu_adamw_lr0.01_wd0.01_do0.1_bs32_ns0_lossmse,256x256x256,3,768,gelu,adamw,mse,0.01,0.01,0.1,32,0.0,,,,19.673784429838246,0.5500993926975372,11.652746635030315,8.021037794807931,61.8,18.96738083150428,20.18813551757605,14.413033246994019
C0369,256x256x256_gelu_adamw_lr0.005_wd0.1_do0_bs32_ns0_lossmse,256x256x256,3,768,gelu,adamw,mse,0.005,0.1,0.0,32,0.0,,,,19.67716921374668,1.1442371839807874,13.580931721100104,6.096237492646576,43.6,17.79051575441199,20.811625748148213,9.254961729049683
C0152,128x128x128_gelu_adamw_lr0.02_wd0.001_do0.1_bs32_ns0_lossmse,128x128x128,3,384,gelu,adamw,mse,0.02,0.001,0.1,32,0.0,,,,19.678981822872956,1.053882503710682,12.469656488075719,7.209325334797237,71.6,17.970716853666186,20.866399920359015,25.162290334701538
C0162,256x128x64_gelu_adam_lr0.005_wd0.001_do0.1_bs32_ns0_lossmse,256x128x64,3,448,gelu,adam,mse,0.005,0.001,0.1,32,0.0,,,,19.67941873583465,0.6955635836521632,15.45851536474351,4.220903371091138,98.8,18.482292808616563,20.259322455103835,38.24090051651001
C0230,256x128x64_gelu_adamw_lr0.01_wd0.1_do0.1_bs32_ns0_lossmse,256x128x64,3,448,gelu,adamw,mse,0.01,0.1,0.1,32,0.0,,,,19.686441924682953,0.8253172560917814,14.779428780192168,4.907013144490785,74.0,18.690448581417222,20.516987076002522,30.04264783859253
C0238,256x128x64_gelu_adamw_lr0.02_wd0.05_do0.1_bs32_ns0_lossmse,256x128x64,3,448,gelu,adamw,mse,0.02,0.05,0.1,32,0.0,,,,19.68681788366023,1.162977511247888,14.380293526421474,5.3065243572387555,94.8,18.620844809341975,21.671504853923345,36.792680740356445
C0080,128x128x64_gelu_adamw_lr0.02_wd0.1_do0.1_bs32_ns0_lossmse,128x128x64,3,320,gelu,adamw,mse,0.02,0.1,0.1,32,0.0,,,,19.689055217657916,1.4388304749504663,16.813797704314126,2.87525751334379,82.8,17.27229974591703,20.854665006066213,31.43045210838318
C0130,128x128x128_gelu_adamw_lr0.005_wd0.1_do0.1_bs32_ns0_lossmse,128x128x128,3,384,gelu,adamw,mse,0.005,0.1,0.1,32,0.0,,,,19.69038922606795,0.7030371139812615,13.21962406241401,6.47076516365394,76.4,18.566814722050687,20.468038128086732,32.91885161399841
C0060,128x128x64_gelu_adamw_lr0.008_wd0.1_do0.1_bs32_ns0_lossmse,128x128x64,3,320,gelu,adamw,mse,0.008,0.1,0.1,32,0.0,,,,19.691627852720366,1.4275039704003207,14.18014081404954,5.5114870386708255,77.4,17.310143893617433,21.152347079209626,21.850563764572144
C0332,256x256x256_gelu_adam_lr0.008_wd0.001_do0.1_bs32_ns0_lossmse,256x256x256,3,768,gelu,adam,mse,0.008,0.001,0.1,32,0.0,,,,19.69614075494594,1.3985334577196062,16.219854714726463,3.4762860402194775,67.4,18.12813545482203,21.37922992164953,17.2646427154541
C0092,128x128x128_gelu_adam_lr0.008_wd0.001_do0.1_bs32_ns0_lossmse,128x128x128,3,384,gelu,adam,mse,0.008,0.001,0.1,32,0.0,,,,19.70440239498553,1.1075397093858814,16.241562590377825,3.462839804607704,89.8,18.322191536616913,21.006074263356442,35.82292175292969
C0396,256x256x256_gelu_adamw_lr0.02_wd0.01_do0.1_bs32_ns0_lossmse,256x256x256,3,768,gelu,adamw,mse,0.02,0.01,0.1,32,0.0,,,,19.704953446629037,1.072619937429676,12.872218617052184,6.832734829576854,88.4,17.856115231473527,20.652683822368367,40.248706102371216
C0395,256x256x256_gelu_adamw_lr0.02_wd0.01_do0_bs32_ns0_lossmse,256x256x256,3,768,gelu,adamw,mse,0.02,0.01,0.0,32,0.0,,,,19.7177088237419,1.0987864688341626,11.428490978232043,8.289217845509858,58.6,17.93986796205808,20.773090727649375,12.254554033279419
C0072,128x128x64_gelu_adamw_lr0.02_wd0.001_do0.1_bs32_ns0_lossmse,128x128x64,3,320,gelu,adamw,mse,0.02,0.001,0.1,32,0.0,,,,19.719600075422214,1.219295736637483,13.731866387353795,5.987733688068419,72.0,18.383448311077615,21.106570650472342,30.510509490966797
C0288,256x256x128_gelu_adamw_lr0.005_wd0.05_do0.1_bs32_ns0_lossmse,256x256x128,3,640,gelu,adamw,mse,0.005,0.05,0.1,32,0.0,,,,19.724343279274528,1.0180989858039335,11.917086086066718,7.8072571932078105,66.6,18.155723519152335,20.882130768735028,12.09164023399353
C0151,128x128x128_gelu_adamw_lr0.02_wd0.001_do0_bs32_ns0_lossmse,128x128x128,3,384,gelu,adamw,mse,0.02,0.001,0.0,32,0.0,,,,19.748029151631084,1.5920419693677248,12.042217026246657,7.705812125384426,45.4,17.86751091590633,21.09909838703016,12.217487812042236
C0308,256x256x128_gelu_adamw_lr0.01_wd0.05_do0.1_bs32_ns0_lossmse,256x256x128,3,640,gelu,adamw,mse,0.01,0.05,0.1,32,0.0,,,,19.74949522228777,1.3960913243724944,14.061558681290899,5.687936540996871,64.8,18.73056661611046,22.1516028517044,13.161105871200562
C0364,256x256x256_gelu_adamw_lr0.005_wd0.005_do0.1_bs32_ns0_lossmse,256x256x256,3,768,gelu,adamw,mse,0.005,0.005,0.1,32,0.0,,,,19.75291356363335,0.6425103814081417,10.356438487605258,9.396475076028091,68.2,18.879486363457115,20.68698994269148,15.621818542480469
C0139,128x128x128_gelu_adamw_lr0.008_wd0.1_do0_bs32_ns0_lossmse,128x128x128,3,384,gelu,adamw,mse,0.008,0.1,0.0,32,0.0,,,,19.755371165476753,0.7527457611235863,11.925769534543381,7.829601630933372,51.0,18.91872662131249,20.715982304326907,14.38555383682251
C0220,256x128x64_gelu_adamw_lr0.008_wd0.1_do0.1_bs32_ns0_lossmse,256x128x64,3,448,gelu,adamw,mse,0.008,0.1,0.1,32,0.0,,,,19.760023072677264,0.44187513926874394,14.440160607133407,5.3198624655438564,74.8,19.29938395907242,20.289442260870167,30.35849165916443
C0297,256x256x128_gelu_adamw_lr0.008_wd0.05_do0_bs32_ns0_lossmse,256x256x128,3,640,gelu,adamw,mse,0.008,0.05,0.0,32,0.0,,,,19.7678778639963,1.0856102384627377,12.196052906306628,7.571824957689673,56.0,18.22756023231987,20.95142600829697,9.326299667358398
C0058,128x128x64_gelu_adamw_lr0.008_wd0.05_do0.1_bs32_ns0_lossmse,128x128x64,3,320,gelu,adamw,mse,0.008,0.05,0.1,32,0.0,,,,19.777230819876827,1.424375954803157,13.806779500221683,5.970451319655144,64.2,17.33538010685402,20.94639352138111,21.230437994003296
C0182,256x128x64_gelu_adam_lr0.01_wd0.001_do0.1_bs32_ns0_lossmse,256x128x64,3,448,gelu,adam,mse,0.01,0.001,0.1,32,0.0,,,,19.778821268023183,1.0328334195141,16.628137895458174,3.150683372565009,89.8,18.123128791131663,20.63867500436852,34.80203723907471
C0382,256x256x256_gelu_adamw_lr0.01_wd0.001_do0.1_bs32_ns0_lossmse,256x256x256,3,768,gelu,adamw,mse,0.01,0.001,0.1,32,0.0,,,,19.79233662979912,0.5811269902088712,11.365196153878951,8.427140475920169,59.6,19.142867569949495,20.723701615030024,14.871025323867798
C0228,256x128x64_gelu_adamw_lr0.01_wd0.05_do0.1_bs32_ns0_lossmse,256x128x64,3,448,gelu,adamw,mse,0.01,0.05,0.1,32,0.0,,,,19.79765023365446,0.713712157474268,13.82017522235672,5.977475011297738,74.0,18.923286414297436,20.76811016790149,30.613590955734253
C0138,128x128x128_gelu_adamw_lr0.008_wd0.05_do0.1_bs32_ns0_lossmse,128x128x128,3,384,gelu,adamw,mse,0.008,0.05,0.1,32,0.0,,,,19.809603249563118,0.6776899023913894,13.796202601176754,6.013400648386364,56.2,18.825910605695725,20.44582492500831,20.340855836868286
C0384,256x256x256_gelu_adamw_lr0.01_wd0.005_do0.1_bs32_ns0_lossmse,256x256x256,3,768,gelu,adamw,mse,0.01,0.005,0.1,32,0.0,,,,19.812179377951434,0.6706354147177259,12.352131278326762,7.460048099624672,61.4,18.916530591429332,20.68897811359969,14.719208002090454
C0001,128x128x64_gelu_adam_lr0.005_wd0.001_do0_bs32_ns0_lossmse,128x128x64,3,320,gelu,adam,mse,0.005,0.001,0.0,32,0.0,,,,19.82106688275272,1.0359650046622135,16.16229681275878,3.658770069993942,51.4,18.10889108360218,20.78686825958264,8.086081743240356
C0129,128x128x128_gelu_adamw_lr0.005_wd0.1_do0_bs32_ns0_lossmse,128x128x128,3,384,gelu,adamw,mse,0.005,0.1,0.0,32,0.0,,,,19.827899596408173,0.7242225698943666,13.3798699810114,6.4480296153967736,50.2,18.699052322152472,20.49190099908491,19.472294092178345
C0128,128x128x128_gelu_adamw_lr0.005_wd0.05_do0.1_bs32_ns0_lossmse,128x128x128,3,384,gelu,adamw,mse,0.005,0.05,0.1,32,0.0,,,,19.841687234930347,0.5259007820364636,13.815394471477589,6.0262927634527585,61.4,19.07053852605079,20.49559624566593,25.48268413543701
C0218,256x128x64_gelu_adamw_lr0.008_wd0.05_do0.1_bs32_ns0_lossmse,256x128x64,3,448,gelu,adamw,mse,0.008,0.05,0.1,32,0.0,,,,19.84318362680289,0.32355762963843454,13.022157882296927,6.821025744505963,68.0,19.513767000425183,20.35619515637787,28.42689609527588
C0393,256x256x256_gelu_adamw_lr0.02_wd0.005_do0_bs32_ns0_lossmse,256x256x256,3,768,gelu,adamw,mse,0.02,0.005,0.0,32,0.0,,,,19.844189956383733,0.9489403833921853,12.126832486651766,7.717357469731967,55.2,18.412293873679964,21.064345382444905,11.689438819885254
C0366,256x256x256_gelu_adamw_lr0.005_wd0.01_do0.1_bs32_ns0_lossmse,256x256x256,3,768,gelu,adamw,mse,0.005,0.01,0.1,32,0.0,,,,19.853142162797916,0.6912994428857694,11.106217115810846,8.74692504698707,59.6,18.962647309788856,20.896809340158956,13.824508905410767
C0312,256x256x128_gelu_adamw_lr0.02_wd0.001_do0.1_bs32_ns0_lossmse,256x256x128,3,640,gelu,adamw,mse,0.02,0.001,0.1,32,0.0,,,,19.8539546811043,0.6839872577460517,13.032946609867986,6.8210080712363155,78.0,18.84604286913227,20.689151703602644,15.405827045440674
C0146,128x128x128_gelu_adamw_lr0.01_wd0.01_do0.1_bs32_ns0_lossmse,128x128x128,3,384,gelu,adamw,mse,0.01,0.01,0.1,32,0.0,,,,19.87559795016391,0.7279972611157696,12.872394964571162,7.003202985592749,52.8,19.31389879038857,21.078988068150355,16.06612801551819
C0362,256x256x256_gelu_adamw_lr0.005_wd0.001_do0.1_bs32_ns0_lossmse,256x256x256,3,768,gelu,adamw,mse,0.005,0.001,0.1,32,0.0,,,,19.884976357290594,0.5679333701695818,11.501960972256825,8.383015385033769,57.6,19.061044865223472,20.63957043566472,14.253117561340332
C0102,128x128x128_gelu_adam_lr0.01_wd0.001_do0.1_bs32_ns0_lossmse,128x128x128,3,384,gelu,adam,mse,0.01,0.001,0.1,32,0.0,,,,19.89100233473379,1.2158237627495299,17.114368351509977,2.776633983223814,82.0,17.8394228416682,20.85903228848911,33.2325439453125
C0022,128x128x64_gelu_adam_lr0.01_wd0.001_do0.1_bs32_ns0_lossmse,128x128x64,3,320,gelu,adam,mse,0.01,0.001,0.1,32,0.0,,,,19.893306168226545,0.6805161816118901,16.701906351495197,3.191399816731348,84.8,18.988009111772868,20.730376376746943,17.14215922355652
C0057,128x128x64_gelu_adamw_lr0.008_wd0.05_do0_bs32_ns0_lossmse,128x128x64,3,320,gelu,adamw,mse,0.008,0.05,0.0,32,0.0,,,,19.906610963516975,1.4275840401452315,13.22927517137725,6.677335792139726,46.4,17.99758147046999,21.48064411091533,13.265519618988037
C0237,256x128x64_gelu_adamw_lr0.02_wd0.05_do0_bs32_ns0_lossmse,256x128x64,3,448,gelu,adamw,mse,0.02,0.05,0.0,32,0.0,,,,19.927931107197953,1.9424720047083894,15.355207453056394,4.572723654141559,54.6,16.575341254097236,21.58359930456748,20.721931219100952
C0068,128x128x64_gelu_adamw_lr0.01_wd0.05_do0.1_bs32_ns0_lossmse,128x128x64,3,320,gelu,adamw,mse,0.01,0.05,0.1,32,0.0,,,,19.934844838176865,1.4296824642517936,13.3788290466461,6.556015791530765,72.0,17.66031377657724,21.45863213155291,20.85394787788391
C0302,256x256x128_gelu_adamw_lr0.01_wd0.001_do0.1_bs32_ns0_lossmse,256x256x128,3,640,gelu,adamw,mse,0.01,0.001,0.1,32,0.0,,,,19.940262455614533,1.1653738421306177,12.285931333839102,7.6543311217754315,65.2,18.818213344163503,21.837962232956073,12.718172311782837
C0298,256x256x128_gelu_adamw_lr0.008_wd0.05_do0.1_bs32_ns0_lossmse,256x256x128,3,640,gelu,adamw,mse,0.008,0.05,0.1,32,0.0,,,,19.951864340420354,1.0522103280319997,13.379489262724942,6.572375077695412,65.6,18.697677614151736,21.298690177614834,12.588708877563477
C0074,128x128x64_gelu_adamw_lr0.02_wd0.005_do0.1_bs32_ns0_lossmse,128x128x64,3,320,gelu,adamw,mse,0.02,0.005,0.1,32,0.0,,,,19.960842484206772,1.3649618585181773,13.513237216718228,6.4476052674885445,71.4,18.165338494115595,21.9354604160426,28.32538080215454
C0209,256x128x64_gelu_adamw_lr0.005_wd0.1_do0_bs32_ns0_lossmse,256x128x64,3,448,gelu,adamw,mse,0.005,0.1,0.0,32,0.0,,,,19.971181384044545,0.6629197544413882,13.436778704446843,6.534402679597703,48.8,19.201303022700294,20.871296440548292,19.560758590698242
C0374,256x256x256_gelu_adamw_lr0.008_wd0.005_do0.1_bs32_ns0_lossmse,256x256x256,3,768,gelu,adamw,mse,0.008,0.005,0.1,32,0.0,,,,19.973082417280214,1.0962500763576677,14.558473964350384,5.41460845292983,42.8,18.264325010459295,21.03616899580387,11.965161800384521
C0137,128x128x128_gelu_adamw_lr0.008_wd0.05_do0_bs32_ns0_lossmse,128x128x128,3,384,gelu,adamw,mse,0.008,0.05,0.0,32,0.0,,,,19.98784221826822,1.0864457548617856,12.99584623326435,6.99199598500387,41.8,18.153677150868567,20.941431129923078,16.322701454162598
C0126,128x128x128_gelu_adamw_lr0.005_wd0.01_do0.1_bs32_ns0_lossmse,128x128x128,3,384,gelu,adamw,mse,0.005,0.01,0.1,32,0.0,,,,19.995978946522687,0.43012734269440805,13.641336828717721,6.354642117804966,53.8,19.50668426967283,20.627958501171513,22.950395345687866
C0235,256x128x64_gelu_adamw_lr0.02_wd0.01_do0_bs32_ns0_lossmse,256x128x64,3,448,gelu,adamw,mse,0.02,0.01,0.0,32,0.0,,,,20.000218733587868,0.6417938254681417,13.227359030932117,6.772859702655751,59.6,19.200121498802805,20.80661699217309,22.225823879241943
C0385,256x256x256_gelu_adamw_lr0.01_wd0.01_do0_bs32_ns0_lossmse,256x256x256,3,768,gelu,adamw,mse,0.01,0.01,0.0,32,0.0,,,,20.002650563433054,1.0639358932484908,14.268150254598641,5.734500308834413,33.2,18.696690252498893,21.625118996893,7.71038818359375
C0208,256x128x64_gelu_adamw_lr0.005_wd0.05_do0.1_bs32_ns0_lossmse,256x128x64,3,448,gelu,adamw,mse,0.005,0.05,0.1,32,0.0,,,,20.005942739258423,0.8304614986231788,13.925445498975439,6.080497240282984,62.0,18.935865791453605,20.85718339264495,26.788689851760864
C0376,256x256x256_gelu_adamw_lr0.008_wd0.01_do0.1_bs32_ns0_lossmse,256x256x256,3,768,gelu,adamw,mse,0.008,0.01,0.1,32,0.0,,,,20.008125223720736,1.0490202828609796,14.7713545116714,5.236770712049337,42.0,18.359973215734513,20.870670676115576,12.539368152618408
C0372,256x256x256_gelu_adamw_lr0.008_wd0.001_do0.1_bs32_ns0_lossmse,256x256x256,3,768,gelu,adamw,mse,0.008,0.001,0.1,32,0.0,,,,20.013955820022225,1.2046253807777494,13.989926686876242,6.024029133145984,47.2,18.181686018395418,21.26992001106542,11.776401996612549
C0124,128x128x128_gelu_adamw_lr0.005_wd0.005_do0.1_bs32_ns0_lossmse,128x128x128,3,384,gelu,adamw,mse,0.005,0.005,0.1,32,0.0,,,,20.020753714963945,0.4336209078173161,13.531702237377464,6.4890514775864805,53.8,19.533004596082947,20.654585619965037,24.223065853118896
C0127,128x128x128_gelu_adamw_lr0.005_wd0.05_do0_bs32_ns0_lossmse,128x128x128,3,384,gelu,adamw,mse,0.005,0.05,0.0,32,0.0,,,,20.03296558124061,0.4791777656718339,13.57438679919978,6.45857878204083,42.2,19.347456838595967,20.457504394933114,18.83922529220581
C0227,256x128x64_gelu_adamw_lr0.01_wd0.05_do0_bs32_ns0_lossmse,256x128x64,3,448,gelu,adamw,mse,0.01,0.05,0.0,32,0.0,,,,20.036203451063827,0.8857499406516433,14.554360133924902,5.4818433171389245,44.4,19.245612961567694,21.138592376207406,18.340117692947388
C0122,128x128x128_gelu_adamw_lr0.005_wd0.001_do0.1_bs32_ns0_lossmse,128x128x128,3,384,gelu,adamw,mse,0.005,0.001,0.1,32,0.0,,,,20.041759564429974,0.43657238586109337,13.445869527340244,6.595890037089729,53.8,19.554281110045082,20.677067085680857,23.74367070198059
C0142,128x128x128_gelu_adamw_lr0.01_wd0.001_do0.1_bs32_ns0_lossmse,128x128x128,3,384,gelu,adamw,mse,0.01,0.001,0.1,32,0.0,,,,20.041964991807326,0.7178799744043864,12.153284161452294,7.888680830355032,57.4,19.472617915321166,21.251278414010613,16.90105175971985
C0048,128x128x64_gelu_adamw_lr0.005_wd0.05_do0.1_bs32_ns0_lossmse,128x128x64,3,320,gelu,adamw,mse,0.005,0.05,0.1,32,0.0,,,,20.0440948333155,1.007443117065312,15.05408074626789,4.990014087047612,60.6,18.378983369685397,20.782810310896146,19.43954038619995
C0391,256x256x256_gelu_adamw_lr0.02_wd0.001_do0_bs32_ns0_lossmse,256x256x256,3,768,gelu,adamw,mse,0.02,0.001,0.0,32,0.0,,,,20.060445154151736,0.9673745797612342,12.172815478353947,7.88762967579779,53.6,19.10837290859574,21.13962869181219,10.338284015655518
C0144,128x128x128_gelu_adamw_lr0.01_wd0.005_do0.1_bs32_ns0_lossmse,128x128x128,3,384,gelu,adamw,mse,0.01,0.005,0.1,32,0.0,,,,20.068109076849854,0.6685708139416364,12.507138847640245,7.560970229209609,53.2,19.43476324394779,21.194248572070677,15.761980295181274
C0002,128x128x64_gelu_adam_lr0.005_wd0.001_do0.1_bs32_ns0_lossmse,128x128x64,3,320,gelu,adam,mse,0.005,0.001,0.1,32,0.0,,,,20.072408360874228,0.8215094505927385,16.96408998763378,3.108318373240447,82.8,18.703203499861964,20.712695501363704,13.464201927185059
C0067,128x128x64_gelu_adamw_lr0.01_wd0.05_do0_bs32_ns0_lossmse,128x128x64,3,320,gelu,adamw,mse,0.01,0.05,0.0,32,0.0,,,,20.079157201603742,1.5366683960279013,16.036341025679825,4.042816175923917,34.2,17.598981341892532,21.427178504064386,10.95249056816101
C0286,256x256x128_gelu_adamw_lr0.005_wd0.01_do0.1_bs32_ns0_lossmse,256x256x128,3,640,gelu,adamw,mse,0.005,0.01,0.1,32,0.0,,,,20.079824449089863,1.1067623789265597,13.554804662035588,6.5250197870542745,52.4,18.519980355802215,21.574520210920763,10.380596160888672
C0234,256x128x64_gelu_adamw_lr0.02_wd0.005_do0.1_bs32_ns0_lossmse,256x128x64,3,448,gelu,adamw,mse,0.02,0.005,0.1,32,0.0,,,,20.091022367106234,1.1007104773247847,13.874036274816106,6.216986092290128,92.4,18.176997872124836,20.80802031155789,35.5319664478302
C0315,256x256x128_gelu_adamw_lr0.02_wd0.01_do0_bs32_ns0_lossmse,256x256x128,3,640,gelu,adamw,mse,0.02,0.01,0.0,32,0.0,,,,20.09323062252862,1.4247390116192429,14.965229405575531,5.128001216953088,39.4,18.598508836959,21.957992886006032,7.960420608520508
C0282,256x256x128_gelu_adamw_lr0.005_wd0.001_do0.1_bs32_ns0_lossmse,256x256x128,3,640,gelu,adamw,mse,0.005,0.001,0.1,32,0.0,,,,20.097509805984156,1.018693161666012,13.33356352932196,6.763946276662196,53.2,18.64123051649643,21.459671846050245,974.6188049316406
C0304,256x256x128_gelu_adamw_lr0.01_wd0.005_do0.1_bs32_ns0_lossmse,256x256x128,3,640,gelu,adamw,mse,0.01,0.005,0.1,32,0.0,,,,20.11159837776338,1.3418085015608352,13.815096818971535,6.296501558791844,57.2,18.2350703449559,21.819849848016872,11.796696662902832
C0222,256x128x64_gelu_adamw_lr0.01_wd0.001_do0.1_bs32_ns0_lossmse,256x128x64,3,448,gelu,adamw,mse,0.01,0.001,0.1,32,0.0,,,,20.113695809855802,0.35062815911608614,14.251091997928754,5.862603811927048,62.2,19.698244317406356,20.608213307298552,26.74040985107422
C0284,256x256x128_gelu_adamw_lr0.005_wd0.005_do0.1_bs32_ns0_lossmse,256x256x128,3,640,gelu,adamw,mse,0.005,0.005,0.1,32,0.0,,,,20.117705553861565,1.1074383795384162,13.296284841430225,6.82142071243134,53.2,18.58109072339101,21.603434493119742,10.509672403335571
C0050,128x128x64_gelu_adamw_lr0.005_wd0.1_do0.1_bs32_ns0_lossmse,128x128x64,3,320,gelu,adamw,mse,0.005,0.1,0.1,32,0.0,,,,20.120400487894393,0.6105005453420612,16.055613554002484,4.064786933891909,56.0,19.26243202366369,20.727533612139617,17.55036497116089
C0012,128x128x64_gelu_adam_lr0.008_wd0.001_do0.1_bs32_ns0_lossmse,128x128x64,3,320,gelu,adam,mse,0.008,0.001,0.1,32,0.0,,,,20.12149110030324,1.0807441551979384,16.879166419594643,3.2423246807085953,76.6,18.389820778253362,21.218490257517708,15.56332540512085
C0381,256x256x256_gelu_adamw_lr0.01_wd0.001_do0_bs32_ns0_lossmse,256x256x256,3,768,gelu,adamw,mse,0.01,0.001,0.0,32,0.0,,,,20.12491803786137,0.6551912132063236,11.587099408555037,8.537818629306333,43.4,19.153764422883476,20.982095871136618,9.993532180786133
C0367,256x256x256_gelu_adamw_lr0.005_wd0.05_do0_bs32_ns0_lossmse,256x256x256,3,768,gelu,adamw,mse,0.005,0.05,0.0,32,0.0,,,,20.13642389050819,0.9562903978006223,13.996787452021158,6.139636438487033,37.2,18.546862501303224,21.04146144745461,8.378515243530273
C0294,256x256x128_gelu_adamw_lr0.008_wd0.005_do0.1_bs32_ns0_lossmse,256x256x128,3,640,gelu,adamw,mse,0.008,0.005,0.1,32,0.0,,,,20.15909458996615,1.1982746574301206,13.853732624516985,6.305361965449164,59.0,18.488707946086645,21.666865307231404,11.270434141159058
C0371,256x256x256_gelu_adamw_lr0.008_wd0.001_do0_bs32_ns0_lossmse,256x256x256,3,768,gelu,adamw,mse,0.008,0.001,0.0,32,0.0,,,,20.16705042981757,0.9485102048138202,14.478147629876753,5.688902799940818,31.8,18.87515712063318,21.27848543395634,7.4544148445129395
C0383,256x256x256_gelu_adamw_lr0.01_wd0.005_do0_bs32_ns0_lossmse,256x256x256,3,768,gelu,adamw,mse,0.01,0.005,0.0,32,0.0,,,,20.169044882509176,0.7747440793254458,11.301721937851147,8.86732294465803,45.4,19.08464031989811,21.211549622763915,9.722272872924805
C0287,256x256x128_gelu_adamw_lr0.005_wd0.05_do0_bs32_ns0_lossmse,256x256x128,3,640,gelu,adamw,mse,0.005,0.05,0.0,32,0.0,,,,20.169612424395932,1.0801695977656296,13.266694168089035,6.902918256306897,41.8,18.804380861145468,21.487058708376427,7.19727635383606
C0055,128x128x64_gelu_adamw_lr0.008_wd0.01_do0_bs32_ns0_lossmse,128x128x64,3,320,gelu,adamw,mse,0.008,0.01,0.0,32,0.0,,,,20.172584960868722,1.1727280526139443,14.134583187892819,6.038001772975903,37.6,18.76313782335354,21.416002338823823,66.11380624771118
C0226,256x128x64_gelu_adamw_lr0.01_wd0.01_do0.1_bs32_ns0_lossmse,256x128x64,3,448,gelu,adamw,mse,0.01,0.01,0.1,32,0.0,,,,20.176214527052423,0.6456282443048788,13.919705711390543,6.2565088156618796,63.6,19.445618703106426,21.18030046689365,27.05349087715149
C0236,256x128x64_gelu_adamw_lr0.02_wd0.01_do0.1_bs32_ns0_lossmse,256x128x64,3,448,gelu,adamw,mse,0.02,0.01,0.1,32,0.0,,,,20.19099702098444,1.4646165692269149,15.192156428420706,4.9988405925637345,75.6,17.73866584447499,21.53500236009172,30.84017562866211
C0224,256x128x64_gelu_adamw_lr0.01_wd0.005_do0.1_bs32_ns0_lossmse,256x128x64,3,448,gelu,adamw,mse,0.01,0.005,0.1,32,0.0,,,,20.191133577178896,0.4043479440943018,13.858327464916849,6.3328061122620465,62.2,19.66994039659985,20.783149392875657,26.38155245780945
C0132,128x128x128_gelu_adamw_lr0.008_wd0.001_do0.1_bs32_ns0_lossmse,128x128x128,3,384,gelu,adamw,mse,0.008,0.001,0.1,32,0.0,,,,20.196849869467638,0.6198672210714742,13.544820255563545,6.652029613904093,50.6,19.614341437021587,21.168399179672836,22.577507972717285
C0216,256x128x64_gelu_adamw_lr0.008_wd0.01_do0.1_bs32_ns0_lossmse,256x128x64,3,448,gelu,adamw,mse,0.008,0.01,0.1,32,0.0,,,,20.20391512237041,0.4917513612046885,12.85376648908804,7.350148633282371,66.0,19.590257151818435,20.957490441415455,27.682517051696777
C0134,128x128x128_gelu_adamw_lr0.008_wd0.005_do0.1_bs32_ns0_lossmse,128x128x128,3,384,gelu,adamw,mse,0.008,0.005,0.1,32,0.0,,,,20.212425327032562,0.6110785565272244,14.201884382179646,6.010540944852917,45.4,19.706353888067547,21.193440409243816,20.931040287017822
C0052,128x128x64_gelu_adamw_lr0.008_wd0.001_do0.1_bs32_ns0_lossmse,128x128x64,3,320,gelu,adamw,mse,0.008,0.001,0.1,32,0.0,,,,20.21715774989969,1.3055539814791046,13.018562751298152,7.198594998601539,58.8,18.282971024958098,21.71148562260689,84.29460740089417
C0136,128x128x128_gelu_adamw_lr0.008_wd0.01_do0.1_bs32_ns0_lossmse,128x128x128,3,384,gelu,adamw,mse,0.008,0.01,0.1,32,0.0,,,,20.224892206100286,0.6310132696079003,14.183389398227291,6.041502807872995,45.8,19.641647444987264,21.226077269521955,29.99912691116333
C0054,128x128x64_gelu_adamw_lr0.008_wd0.005_do0.1_bs32_ns0_lossmse,128x128x64,3,320,gelu,adamw,mse,0.008,0.005,0.1,32,0.0,,,,20.22614716692031,1.3209097875754299,13.287008167423147,6.939138999497162,58.6,18.26229435046428,21.700251075424823,97.3195743560791
C0053,128x128x64_gelu_adamw_lr0.008_wd0.005_do0_bs32_ns0_lossmse,128x128x64,3,320,gelu,adamw,mse,0.008,0.005,0.0,32,0.0,,,,20.23075555834675,1.1495954267982968,14.325999528271755,5.904756030074996,35.0,18.879211522453463,21.382910872201844,52.980384826660156
C0375,256x256x256_gelu_adamw_lr0.008_wd0.01_do0_bs32_ns0_lossmse,256x256x256,3,768,gelu,adamw,mse,0.008,0.01,0.0,32,0.0,,,,20.23848108173182,0.8035950504210426,14.229046708839201,6.009434372892619,34.6,19.33195176000316,21.19530535585206,9.106860399246216
C0373,256x256x256_gelu_adamw_lr0.008_wd0.005_do0_bs32_ns0_lossmse,256x256x256,3,768,gelu,adamw,mse,0.008,0.005,0.0,32,0.0,,,,20.28017809443697,0.9541613844497707,14.64367235034203,5.63650574409494,30.8,19.102173583506055,21.334276923748227,7.808002948760986
C0051,128x128x64_gelu_adamw_lr0.008_wd0.001_do0_bs32_ns0_lossmse,128x128x64,3,320,gelu,adamw,mse,0.008,0.001,0.0,32,0.0,,,,20.284883193116787,1.1631634779015447,13.8218252684422,6.463057924674587,37.6,18.908956544861372,21.367051282446013,33.700111627578735
C0400,256x256x256_gelu_adamw_lr0.02_wd0.1_do0.1_bs32_ns0_lossmse,256x256x256,3,768,gelu,adamw,mse,0.02,0.1,0.1,32,0.0,,,,20.28674977354194,1.1469497054771638,17.088488171889203,3.198261601652735,79.4,18.99446204403255,21.744871814400188,36.9586546421051
C0314,256x256x128_gelu_adamw_lr0.02_wd0.005_do0.1_bs32_ns0_lossmse,256x256x128,3,640,gelu,adamw,mse,0.02,0.005,0.1,32,0.0,,,,20.30210698190944,1.1580566266403007,13.069073358506486,7.233033623402953,78.2,18.402917160553706,21.308218809760582,15.494553327560425
C0049,128x128x64_gelu_adamw_lr0.005_wd0.1_do0_bs32_ns0_lossmse,128x128x64,3,320,gelu,adamw,mse,0.005,0.1,0.0,32,0.0,,,,20.302496041358967,0.9481848850209915,14.706429981571464,5.596066059787503,43.0,18.864650336369344,21.039658613574197,12.95863962173462
C0202,256x128x64_gelu_adamw_lr0.005_wd0.001_do0.1_bs32_ns0_lossmse,256x128x64,3,448,gelu,adamw,mse,0.005,0.001,0.1,32,0.0,,,,20.304280562772203,0.6895328742069887,14.86035658761279,5.443923975159413,52.4,19.477917234335973,21.026811419621303,23.201676607131958
C0141,128x128x128_gelu_adamw_lr0.01_wd0.001_do0_bs32_ns0_lossmse,128x128x128,3,384,gelu,adamw,mse,0.01,0.001,0.0,32,0.0,,,,20.30725512924475,0.9708577617721218,13.317313151966081,6.98994197727867,37.0,18.751629523604883,21.19232780573101,11.250779151916504
C0313,256x256x128_gelu_adamw_lr0.02_wd0.005_do0_bs32_ns0_lossmse,256x256x128,3,640,gelu,adamw,mse,0.02,0.005,0.0,32,0.0,,,,20.31459950044959,0.7754187807872348,14.0294020218133,6.285197478636288,42.0,19.6381112480726,21.280642727544056,8.264383316040039
C0064,128x128x64_gelu_adamw_lr0.01_wd0.005_do0.1_bs32_ns0_lossmse,128x128x64,3,320,gelu,adamw,mse,0.01,0.005,0.1,32,0.0,,,,20.318078711876332,1.0342829045363198,14.639831545523833,5.678247166352499,48.6,18.755626703449337,21.282664207566263,19.30254888534546
C0212,256x128x64_gelu_adamw_lr0.008_wd0.001_do0.1_bs32_ns0_lossmse,256x128x64,3,448,gelu,adamw,mse,0.008,0.001,0.1,32,0.0,,,,20.320944994847537,0.5873322369664471,13.13447343170364,7.186471563143897,63.6,19.598194469623458,21.116584526330605,27.10879421234131
C0147,128x128x128_gelu_adamw_lr0.01_wd0.05_do0_bs32_ns0_lossmse,128x128x128,3,384,gelu,adamw,mse,0.01,0.05,0.0,32,0.0,,,,20.32465868481367,0.8055254962484213,15.583336058446843,4.741322626366827,28.8,19.10026102728287,21.322672899714274,9.630635023117065
C0082,128x128x128_gelu_adam_lr0.005_wd0.001_do0.1_bs32_ns0_lossmse,128x128x128,3,384,gelu,adam,mse,0.005,0.001,0.1,32,0.0,,,,20.324753441170373,0.5247549909771225,16.657322594204036,3.6674308469663366,66.6,19.507867561207256,20.928605517800236,29.84206223487854
C0056,128x128x64_gelu_adamw_lr0.008_wd0.01_do0.1_bs32_ns0_lossmse,128x128x64,3,320,gelu,adamw,mse,0.008,0.01,0.1,32,0.0,,,,20.326005300850518,1.3508128169972222,14.8102271830729,5.515778117777618,50.6,18.321139197865612,21.68790948632365,44.73563075065613
C0204,256x128x64_gelu_adamw_lr0.005_wd0.005_do0.1_bs32_ns0_lossmse,256x128x64,3,448,gelu,adamw,mse,0.005,0.005,0.1,32,0.0,,,,20.32774561032047,0.6756658313513938,14.882357925740859,5.445387684579611,52.4,19.433173464239623,21.03117868012375,23.195459842681885
C0296,256x256x128_gelu_adamw_lr0.008_wd0.01_do0.1_bs32_ns0_lossmse,256x256x128,3,640,gelu,adamw,mse,0.008,0.01,0.1,32,0.0,,,,20.330689416444784,0.7494392949401162,15.381766905080301,4.948922511364483,46.8,19.688922465921745,21.338227590702655,9.560760736465454
C0206,256x128x64_gelu_adamw_lr0.005_wd0.01_do0.1_bs32_ns0_lossmse,256x128x64,3,448,gelu,adamw,mse,0.005,0.01,0.1,32,0.0,,,,20.336403137529853,0.648389439053392,14.914997926873705,5.4214052106561486,52.4,19.50310037612997,21.05133725208463,23.937947511672974
C0143,128x128x128_gelu_adamw_lr0.01_wd0.005_do0_bs32_ns0_lossmse,128x128x128,3,384,gelu,adamw,mse,0.01,0.005,0.0,32,0.0,,,,20.33925300018081,0.6617549585690042,14.452569824665412,5.886683175515399,32.0,19.313107066760345,20.842873200266023,10.02597451210022
C0046,128x128x64_gelu_adamw_lr0.005_wd0.01_do0.1_bs32_ns0_lossmse,128x128x64,3,320,gelu,adamw,mse,0.005,0.01,0.1,32,0.0,,,,20.36042899341148,0.7543030144264792,15.238709969420094,5.121719023991387,50.6,19.3224683801267,21.075129596219313,23.413472890853882
C0125,128x128x128_gelu_adamw_lr0.005_wd0.01_do0_bs32_ns0_lossmse,128x128x128,3,384,gelu,adamw,mse,0.005,0.01,0.0,32,0.0,,,,20.368162295072022,0.4765272968629258,15.460008957478568,4.908153337593454,30.8,19.725251775452612,20.914297226863972,17.031919240951538
C0044,128x128x64_gelu_adamw_lr0.005_wd0.005_do0.1_bs32_ns0_lossmse,128x128x64,3,320,gelu,adamw,mse,0.005,0.005,0.1,32,0.0,,,,20.37845154853273,0.7658097131341381,15.199387062690471,5.179064485842259,51.2,19.33003424005158,21.112848838731438,11.903359651565552
C0145,128x128x128_gelu_adamw_lr0.01_wd0.01_do0_bs32_ns0_lossmse,128x128x128,3,384,gelu,adamw,mse,0.01,0.01,0.0,32,0.0,,,,20.380010609732086,0.8606954889769578,13.023589560129073,7.3564210496030125,39.8,19.072421089940846,21.229184626291993,11.633544206619263
C0205,256x128x64_gelu_adamw_lr0.005_wd0.01_do0_bs32_ns0_lossmse,256x128x64,3,448,gelu,adamw,mse,0.005,0.01,0.0,32,0.0,,,,20.383583573369947,1.2686210141346062,16.389116580477285,3.9944669928926615,31.4,18.951214674887062,21.628469006294026,14.276471853256226
C0207,256x128x64_gelu_adamw_lr0.005_wd0.05_do0_bs32_ns0_lossmse,256x128x64,3,448,gelu,adamw,mse,0.005,0.05,0.0,32,0.0,,,,20.384550250841215,1.2270061751524342,17.554660510021016,2.8298897408201995,27.0,18.666022084770937,21.466908379729304,13.605757474899292
C0217,256x128x64_gelu_adamw_lr0.008_wd0.05_do0_bs32_ns0_lossmse,256x128x64,3,448,gelu,adamw,mse,0.008,0.05,0.0,32,0.0,,,,20.389479891889444,0.9580562853256296,14.845751576483497,5.5437283154059465,40.8,19.11247023045663,21.35904202204844,17.14327049255371
C0042,128x128x64_gelu_adamw_lr0.005_wd0.001_do0.1_bs32_ns0_lossmse,128x128x64,3,320,gelu,adamw,mse,0.005,0.001,0.1,32,0.0,,,,20.39152455403589,0.7687661885866781,15.128651592896114,5.2628729611397755,51.2,19.341471768602435,21.144833858950584,11.896576404571533
C0311,256x256x128_gelu_adamw_lr0.02_wd0.001_do0_bs32_ns0_lossmse,256x256x128,3,640,gelu,adamw,mse,0.02,0.001,0.0,32,0.0,,,,20.398817243244853,1.04380697633961,14.242155565759884,6.156661677484969,42.2,18.82948593176176,21.418195618240624,8.325139999389648
C0303,256x256x128_gelu_adamw_lr0.01_wd0.005_do0_bs32_ns0_lossmse,256x256x128,3,640,gelu,adamw,mse,0.01,0.005,0.0,32,0.0,,,,20.4039295202767,1.030496576811641,15.049726583475316,5.354202936801386,31.0,19.197880560813587,21.817397602992656,6.551241636276245
C0293,256x256x128_gelu_adamw_lr0.008_wd0.005_do0_bs32_ns0_lossmse,256x256x128,3,640,gelu,adamw,mse,0.008,0.005,0.0,32,0.0,,,,20.404896015807417,1.0501968749631736,14.025508393948272,6.379387621859145,40.2,19.50432642584071,21.63624252477246,7.062875032424927
C0123,128x128x128_gelu_adamw_lr0.005_wd0.005_do0_bs32_ns0_lossmse,128x128x128,3,384,gelu,adamw,mse,0.005,0.005,0.0,32,0.0,,,,20.410275448801123,0.4918825029750353,15.41558350050737,4.994691948293752,30.8,19.796125304393428,21.01029563570073,15.090043544769287
C0214,256x128x64_gelu_adamw_lr0.008_wd0.005_do0.1_bs32_ns0_lossmse,256x128x64,3,448,gelu,adamw,mse,0.008,0.005,0.1,32,0.0,,,,20.416650052370585,0.4978502557441977,14.708627295347332,5.708022757023253,55.2,19.88570021437858,21.186382654696153,23.872540950775146
C0283,256x256x128_gelu_adamw_lr0.005_wd0.005_do0_bs32_ns0_lossmse,256x256x128,3,640,gelu,adamw,mse,0.005,0.005,0.0,32,0.0,,,,20.417669673379706,0.7806733397119531,14.070463192720439,6.347206480659267,37.0,19.41410536788323,21.31705703352791,7.444291114807129
C0065,128x128x64_gelu_adamw_lr0.01_wd0.01_do0_bs32_ns0_lossmse,128x128x64,3,320,gelu,adamw,mse,0.01,0.01,0.0,32,0.0,,,,20.42127923822466,1.307735273139756,14.916232281788956,5.505046956435704,37.0,18.444528243982273,21.66206645838316,10.960864782333374
C0076,128x128x64_gelu_adamw_lr0.02_wd0.01_do0.1_bs32_ns0_lossmse,128x128x64,3,320,gelu,adamw,mse,0.02,0.01,0.1,32,0.0,,,,20.425527957898908,0.940659231115525,16.09437540034532,4.331152557553587,54.6,19.43224727467911,21.986875314620953,23.72443461418152
C0301,256x256x128_gelu_adamw_lr0.01_wd0.001_do0_bs32_ns0_lossmse,256x256x128,3,640,gelu,adamw,mse,0.01,0.001,0.0,32,0.0,,,,20.427560938739962,0.7704598090734948,14.218093581140215,6.209467357599747,33.8,19.272746115819096,21.28040146395757,6.990955591201782
C0045,128x128x64_gelu_adamw_lr0.005_wd0.01_do0_bs32_ns0_lossmse,128x128x64,3,320,gelu,adamw,mse,0.005,0.01,0.0,32,0.0,,,,20.427623054663723,1.0820386463973972,14.983033770973162,5.444589283690561,33.8,18.9172701094585,21.544707420152058,1721.78968167305
C0133,128x128x128_gelu_adamw_lr0.008_wd0.005_do0_bs32_ns0_lossmse,128x128x128,3,384,gelu,adamw,mse,0.008,0.005,0.0,32,0.0,,,,20.429212205951238,0.7773297727370114,13.507805809318512,6.921406396632726,33.0,19.43693843781719,21.46767623580552,16.855779886245728
C0365,256x256x256_gelu_adamw_lr0.005_wd0.01_do0_bs32_ns0_lossmse,256x256x256,3,768,gelu,adamw,mse,0.005,0.01,0.0,32,0.0,,,,20.432136147602773,0.8914220892110611,15.638144883818251,4.7939912637845215,27.0,18.97098953030975,21.175414213252296,7.063388824462891
C0121,128x128x128_gelu_adamw_lr0.005_wd0.001_do0_bs32_ns0_lossmse,128x128x128,3,384,gelu,adamw,mse,0.005,0.001,0.0,32,0.0,,,,20.438736717192494,0.498649828093779,15.386790902782181,5.051945814410313,30.8,19.822700848035577,21.057811568617154,14.759916305541992
C0201,256x128x64_gelu_adamw_lr0.005_wd0.001_do0_bs32_ns0_lossmse,256x128x64,3,448,gelu,adamw,mse,0.005,0.001,0.0,32,0.0,,,,20.43885518753971,1.2119213119325587,16.497717866631024,3.941137320908684,30.6,18.94317328605174,21.45585881794588,14.16010069847107
C0071,128x128x64_gelu_adamw_lr0.02_wd0.001_do0_bs32_ns0_lossmse,128x128x64,3,320,gelu,adamw,mse,0.02,0.001,0.0,32,0.0,,,,20.444618604059215,1.248730032344019,13.61215689467243,6.832461709386786,46.6,19.35574344134075,21.810589575636318,19.084216356277466
C0047,128x128x64_gelu_adamw_lr0.005_wd0.05_do0_bs32_ns0_lossmse,128x128x64,3,320,gelu,adamw,mse,0.005,0.05,0.0,32,0.0,,,,20.44631668519363,0.9400496496599863,15.253296332105483,5.193020353088146,35.2,19.113093855707785,21.36517098698973,11.522393703460693
C0066,128x128x64_gelu_adamw_lr0.01_wd0.01_do0.1_bs32_ns0_lossmse,128x128x64,3,320,gelu,adamw,mse,0.01,0.01,0.1,32,0.0,,,,20.446805519508,0.8868833220035768,14.259639135819834,6.187166383688167,49.2,19.17515876955133,21.278783807883215,16.80881381034851
C0062,128x128x64_gelu_adamw_lr0.01_wd0.001_do0.1_bs32_ns0_lossmse,128x128x64,3,320,gelu,adamw,mse,0.01,0.001,0.1,32,0.0,,,,20.44685013452076,1.1126852180772495,15.487496270073631,4.959353864447127,41.4,18.816500232141884,21.32743965002285,15.618404865264893
C0203,256x128x64_gelu_adamw_lr0.005_wd0.005_do0_bs32_ns0_lossmse,256x128x64,3,448,gelu,adamw,mse,0.005,0.005,0.0,32,0.0,,,,20.449295221268443,1.2775054586310668,16.39071361478848,4.058581606479962,31.4,18.847476421403087,21.545301274842004,14.571006536483765
C0043,128x128x64_gelu_adamw_lr0.005_wd0.005_do0_bs32_ns0_lossmse,128x128x64,3,320,gelu,adamw,mse,0.005,0.005,0.0,32,0.0,,,,20.449457901459102,1.0908222286013878,14.925822253215594,5.523635648243507,33.8,18.941530386915836,21.560825107522483,8.202375650405884
C0073,128x128x64_gelu_adamw_lr0.02_wd0.005_do0_bs32_ns0_lossmse,128x128x64,3,320,gelu,adamw,mse,0.02,0.005,0.0,32,0.0,,,,20.457486610548443,0.9918939945690688,13.101026739806878,7.356459870741565,47.2,19.443248452461738,21.878709812678174,20.223057508468628
C0281,256x256x128_gelu_adamw_lr0.005_wd0.001_do0_bs32_ns0_lossmse,256x256x128,3,640,gelu,adamw,mse,0.005,0.001,0.0,32,0.0,,,,20.45941442918751,0.8138508033526947,15.73517201004195,4.724242419145561,29.0,19.555813009721494,21.097807729860467,16.119481325149536
C0135,128x128x128_gelu_adamw_lr0.008_wd0.01_do0_bs32_ns0_lossmse,128x128x128,3,384,gelu,adamw,mse,0.008,0.01,0.0,32,0.0,,,,20.46668703143216,0.7166456745334578,13.271604613203579,7.19508241822858,35.2,19.61353848628763,21.414319680107475,15.269640922546387
C0285,256x256x128_gelu_adamw_lr0.005_wd0.01_do0_bs32_ns0_lossmse,256x256x128,3,640,gelu,adamw,mse,0.005,0.01,0.0,32,0.0,,,,20.470073215861145,0.6574060999603927,14.065981306784764,6.4040919090763815,36.2,19.518135065798578,21.19255477008367,6.872537612915039
C0292,256x256x128_gelu_adamw_lr0.008_wd0.001_do0.1_bs32_ns0_lossmse,256x256x128,3,640,gelu,adamw,mse,0.008,0.001,0.1,32,0.0,,,,20.471980954878205,1.2901295690395567,15.313839112685113,5.158141842193093,49.0,18.558160226384313,21.723222871117784,9.76975131034851
C0225,256x128x64_gelu_adamw_lr0.01_wd0.01_do0_bs32_ns0_lossmse,256x128x64,3,448,gelu,adamw,mse,0.01,0.01,0.0,32,0.0,,,,20.482333870297428,0.8304183774247169,14.859870464110731,5.6224634061866965,37.8,19.30606396748143,21.502845691640974,16.598840951919556
C0240,256x128x64_gelu_adamw_lr0.02_wd0.1_do0.1_bs32_ns0_lossmse,256x128x64,3,448,gelu,adamw,mse,0.02,0.1,0.1,32,0.0,,,,20.484588339092902,1.7833388697533281,17.216667966270496,3.267920372822406,81.8,18.31824442697674,22.371266453510536,32.40682363510132
C0305,256x256x128_gelu_adamw_lr0.01_wd0.01_do0_bs32_ns0_lossmse,256x256x128,3,640,gelu,adamw,mse,0.01,0.01,0.0,32,0.0,,,,20.491613322796262,1.0231551397384755,15.440086287136193,5.051527035660069,29.4,19.030452056692763,21.820141462674552,6.224390506744385
C0221,256x128x64_gelu_adamw_lr0.01_wd0.001_do0_bs32_ns0_lossmse,256x128x64,3,448,gelu,adamw,mse,0.01,0.001,0.0,32,0.0,,,,20.492227452795884,0.6611085123138876,13.397284418045775,7.094943034750109,44.0,19.478381775163896,21.097704625713405,18.383352756500244
C0361,256x256x256_gelu_adamw_lr0.005_wd0.001_do0_bs32_ns0_lossmse,256x256x256,3,768,gelu,adamw,mse,0.005,0.001,0.0,32,0.0,,,,20.500492733196545,0.8448664147833281,14.915641665606572,5.584851067589973,29.0,19.125659056437353,21.200595971376163,7.686011791229248
C0041,128x128x64_gelu_adamw_lr0.005_wd0.001_do0_bs32_ns0_lossmse,128x128x64,3,320,gelu,adamw,mse,0.005,0.001,0.0,32,0.0,,,,20.50154398638076,1.050565469711526,14.859015279159081,5.642528707221679,33.8,19.111871099573616,21.57447931504987,8.158121347427368
C0231,256x128x64_gelu_adamw_lr0.02_wd0.001_do0_bs32_ns0_lossmse,256x128x64,3,448,gelu,adamw,mse,0.02,0.001,0.0,32,0.0,,,,20.509247405922487,0.8738097036733439,15.08400953368928,5.4252378722332075,43.0,19.293248550805934,21.7444317574739,17.665576219558716
C0363,256x256x256_gelu_adamw_lr0.005_wd0.005_do0_bs32_ns0_lossmse,256x256x256,3,768,gelu,adamw,mse,0.005,0.005,0.0,32,0.0,,,,20.5186565443901,0.8552709518300224,15.365965325895619,5.152691218494482,27.6,19.100137497070246,21.19828029003341,7.146381139755249
C0077,128x128x64_gelu_adamw_lr0.02_wd0.05_do0_bs32_ns0_lossmse,128x128x64,3,320,gelu,adamw,mse,0.02,0.05,0.0,32,0.0,,,,20.52505624656517,1.1667878347227372,15.735598762002462,4.789457484562709,41.0,18.708325030165373,21.856508620672354,19.139620780944824
C0131,128x128x128_gelu_adamw_lr0.008_wd0.001_do0_bs32_ns0_lossmse,128x128x128,3,384,gelu,adamw,mse,0.008,0.001,0.0,32,0.0,,,,20.525587120658734,0.6846088380945511,15.129878385999891,5.395708734658843,26.4,19.745981188544086,21.39573242986318,15.776473045349121
C0063,128x128x64_gelu_adamw_lr0.01_wd0.005_do0_bs32_ns0_lossmse,128x128x64,3,320,gelu,adamw,mse,0.01,0.005,0.0,32,0.0,,,,20.529401079456203,1.186762884238924,15.54278915408591,4.986611925370294,34.2,18.792742926751224,21.672086112634677,12.037123441696167
C0295,256x256x128_gelu_adamw_lr0.008_wd0.01_do0_bs32_ns0_lossmse,256x256x128,3,640,gelu,adamw,mse,0.008,0.01,0.0,32,0.0,,,,20.562240430786364,0.9783840584737954,13.656915931844775,6.905324498941589,40.2,19.54943059154861,21.61408652055191,7.212806940078735
C0232,256x128x64_gelu_adamw_lr0.02_wd0.001_do0.1_bs32_ns0_lossmse,256x128x64,3,448,gelu,adamw,mse,0.02,0.001,0.1,32,0.0,,,,20.571526337225926,0.6717062914285035,16.13714744329283,4.434378893933097,63.4,19.716625335094882,21.56499288890362,26.508331298828125
C0233,256x128x64_gelu_adamw_lr0.02_wd0.005_do0_bs32_ns0_lossmse,256x128x64,3,448,gelu,adamw,mse,0.02,0.005,0.0,32,0.0,,,,20.576093257902137,0.6426467304166581,15.547752993170672,5.028340264731465,38.4,19.7150487069859,21.24184137343222,16.22165012359619
C0223,256x128x64_gelu_adamw_lr0.01_wd0.005_do0_bs32_ns0_lossmse,256x128x64,3,448,gelu,adamw,mse,0.01,0.005,0.0,32,0.0,,,,20.596873425869774,0.6054812174503855,14.45093709916998,6.145936326699793,40.8,19.721472671362854,21.38869567408019,17.118901014328003
C0215,256x128x64_gelu_adamw_lr0.008_wd0.01_do0_bs32_ns0_lossmse,256x128x64,3,448,gelu,adamw,mse,0.008,0.01,0.0,32,0.0,,,,20.61200222138665,0.8934987906974867,14.717999027335841,5.894003194050809,42.2,19.64613011231237,21.627081750744985,17.26953649520874
C0075,128x128x64_gelu_adamw_lr0.02_wd0.01_do0_bs32_ns0_lossmse,128x128x64,3,320,gelu,adamw,mse,0.02,0.01,0.0,32,0.0,,,,20.615912180049264,1.1439071945327985,14.756990123603416,5.858922056445849,42.0,19.516531970525243,22.075329556630862,16.88955545425415
C0061,128x128x64_gelu_adamw_lr0.01_wd0.001_do0_bs32_ns0_lossmse,128x128x64,3,320,gelu,adamw,mse,0.01,0.001,0.0,32,0.0,,,,20.654550485640446,1.0601260791319334,15.894350426130865,4.760200059509581,30.2,19.231198664711435,21.670286404566152,10.635682821273804
C0032,128x128x64_gelu_adam_lr0.02_wd0.001_do0.1_bs32_ns0_lossmse,128x128x64,3,320,gelu,adam,mse,0.02,0.001,0.1,32,0.0,,,,20.669344684078503,1.4114451574952631,18.719255743682833,1.9500889403956698,77.2,18.992154253741138,22.204401904958047,15.987303972244263
C0192,256x128x64_gelu_adam_lr0.02_wd0.001_do0.1_bs32_ns0_lossmse,256x128x64,3,448,gelu,adam,mse,0.02,0.001,0.1,32,0.0,,,,20.719350398767745,1.2144716094155688,18.20864362997064,2.510706768797103,81.6,18.77596304064507,21.874410018752723,32.73834013938904
C0291,256x256x128_gelu_adamw_lr0.008_wd0.001_do0_bs32_ns0_lossmse,256x256x128,3,640,gelu,adamw,mse,0.008,0.001,0.0,32,0.0,,,,20.7489867321536,0.8851481195598574,15.667849953065224,5.081136779088377,31.0,19.62094351147333,21.7190989041745,6.189245223999023
C0211,256x128x64_gelu_adamw_lr0.008_wd0.001_do0_bs32_ns0_lossmse,256x128x64,3,448,gelu,adamw,mse,0.008,0.001,0.0,32,0.0,,,,20.773421539836477,0.6843594348145687,16.82984606512293,3.9435754747135476,30.2,19.95234192803083,21.583135166295385,14.258534908294678
C0213,256x128x64_gelu_adamw_lr0.008_wd0.005_do0_bs32_ns0_lossmse,256x128x64,3,448,gelu,adamw,mse,0.008,0.005,0.0,32,0.0,,,,20.8886847490989,0.9700232212601478,15.960356864301081,4.9283278847978185,33.2,19.608275731336725,21.72105800739546,14.825340032577515
C0112,128x128x128_gelu_adam_lr0.02_wd0.001_do0.1_bs32_ns0_lossmse,128x128x128,3,384,gelu,adam,mse,0.02,0.001,0.1,32,0.0,,,,20.96912800152507,0.5833003079479102,19.39281403968921,1.5763139618358615,45.2,20.42124849629427,21.844494313488507,20.475547790527344
C0353,256x256x256_gelu_adam_lr0.02_wd0.005_do0_bs32_ns0_lossmse,256x256x256,3,768,gelu,adam,mse,0.02,0.005,0.0,32,0.0,,,,21.041593385889946,0.5634359184623604,19.760356672610136,1.2812367132798101,47.2,20.267209796185398,21.722416648575017,9.085840940475464
C0083,128x128x128_gelu_adam_lr0.005_wd0.005_do0_bs32_ns0_lossmse,128x128x128,3,384,gelu,adam,mse,0.005,0.005,0.0,32,0.0,,,,21.423723025200452,0.556544918990725,20.99489635430829,0.428826670892164,49.8,20.52432727678376,21.93594519067333,20.2460618019104
C0263,256x256x128_gelu_adam_lr0.01_wd0.005_do0_bs32_ns0_lossmse,256x256x128,3,640,gelu,adam,mse,0.01,0.005,0.0,32,0.0,,,,21.43614017879341,0.7032215930675949,20.836340828263406,0.5997993505300023,79.8,20.331151913387572,22.060186636768368,29.669817686080933
C0323,256x256x256_gelu_adam_lr0.005_wd0.005_do0_bs32_ns0_lossmse,256x256x256,3,768,gelu,adam,mse,0.005,0.005,0.0,32,0.0,,,,21.464068136344295,0.4308365561614211,20.534165199044832,0.9299029372994632,49.0,20.761207935075948,21.88657855862117,9.725528240203857
C0243,256x256x128_gelu_adam_lr0.005_wd0.005_do0_bs32_ns0_lossmse,256x256x128,3,640,gelu,adam,mse,0.005,0.005,0.0,32,0.0,,,,21.4666456274255,0.7127895591901582,20.73272720126632,0.7339184261591782,54.6,20.220108339050803,22.001163738724227,22.631489515304565
C0333,256x256x256_gelu_adam_lr0.008_wd0.005_do0_bs32_ns0_lossmse,256x256x256,3,768,gelu,adam,mse,0.008,0.005,0.0,32,0.0,,,,21.603688671344024,0.5192367785213846,20.98005050475959,0.6236381665844348,37.6,21.013952343514653,22.34064907401056,9.490308046340942
C0163,256x128x64_gelu_adam_lr0.005_wd0.005_do0_bs32_ns0_lossmse,256x128x64,3,448,gelu,adam,mse,0.005,0.005,0.0,32,0.0,,,,21.60958807864992,0.6240253412550189,20.689997152722047,0.9195909259278743,62.4,20.54181918962231,22.00887665476509,23.028850555419922
C0343,256x256x256_gelu_adam_lr0.01_wd0.005_do0_bs32_ns0_lossmse,256x256x256,3,768,gelu,adam,mse,0.01,0.005,0.0,32,0.0,,,,21.642246624925043,0.5468966351738127,20.49211871733645,1.150127907588594,33.8,20.87681525510224,22.376879671785534,7.752869367599487
C0103,128x128x128_gelu_adam_lr0.01_wd0.005_do0_bs32_ns0_lossmse,128x128x128,3,384,gelu,adam,mse,0.01,0.005,0.0,32,0.0,,,,21.65422911812879,0.9632721904142225,21.125497673862355,0.5287314442664339,70.4,20.190590693785605,22.683517701774388,24.54042959213257
C0003,128x128x64_gelu_adam_lr0.005_wd0.005_do0_bs32_ns0_lossmse,128x128x64,3,320,gelu,adam,mse,0.005,0.005,0.0,32,0.0,,,,21.662898910666716,0.5826127483752955,20.95553899625092,0.7073599144157967,38.0,20.636030889467385,22.011281892657347,8.118195056915283
C0273,256x256x128_gelu_adam_lr0.02_wd0.005_do0_bs32_ns0_lossmse,256x256x128,3,640,gelu,adam,mse,0.02,0.005,0.0,32,0.0,,,,21.71649760491919,0.61030874552568,20.833308553418778,0.8831890515004126,36.0,20.857762019035214,22.568657685670587,17.51479983329773
C0253,256x256x128_gelu_adam_lr0.008_wd0.005_do0_bs32_ns0_lossmse,256x256x128,3,640,gelu,adam,mse,0.008,0.005,0.0,32,0.0,,,,21.839180207929,0.43846650590371106,21.136224784065615,0.7029554238633864,44.2,21.363060571310758,22.25855657018436,19.379157781600952
C0324,256x256x256_gelu_adam_lr0.005_wd0.005_do0.1_bs32_ns0_lossmse,256x256x256,3,768,gelu,adam,mse,0.005,0.005,0.1,32,0.0,,,,21.842826051113427,0.7752734623252432,21.464125619491604,0.378700431621823,53.6,20.516313462764888,22.437906838132697,12.331078290939331
C0093,128x128x128_gelu_adam_lr0.008_wd0.005_do0_bs32_ns0_lossmse,128x128x128,3,384,gelu,adam,mse,0.008,0.005,0.0,32,0.0,,,,21.85399988363833,1.1248191858717038,21.306364514913568,0.5476353687247624,43.6,20.18264521057659,23.10774272800827,17.338507175445557
C0354,256x256x256_gelu_adam_lr0.02_wd0.005_do0.1_bs32_ns0_lossmse,256x256x256,3,768,gelu,adam,mse,0.02,0.005,0.1,32,0.0,,,,21.900160447456496,0.7296844803717192,21.098463991481456,0.8016964559750406,72.2,20.712456348057504,22.717416747294994,15.031869411468506
C0023,128x128x64_gelu_adam_lr0.01_wd0.005_do0_bs32_ns0_lossmse,128x128x64,3,320,gelu,adam,mse,0.01,0.005,0.0,32,0.0,,,,21.94991406123868,0.974342558638912,21.332608051496848,0.6173060097418315,51.0,20.370907078510726,23.024317205430968,10.509915113449097
C0173,256x128x64_gelu_adam_lr0.008_wd0.005_do0_bs32_ns0_lossmse,256x128x64,3,448,gelu,adam,mse,0.008,0.005,0.0,32,0.0,,,,21.962068981008404,0.7379820301088775,21.140079989472547,0.8219889915358571,69.0,20.74737021920553,22.678973153843373,24.951598405838013
C0113,128x128x128_gelu_adam_lr0.02_wd0.005_do0_bs32_ns0_lossmse,128x128x128,3,384,gelu,adam,mse,0.02,0.005,0.0,32,0.0,,,,21.985077757732956,0.8334232221857789,21.645108223198083,0.3399695345348732,43.0,20.59114869157679,22.675658830987526,17.05504059791565
C0013,128x128x64_gelu_adam_lr0.008_wd0.005_do0_bs32_ns0_lossmse,128x128x64,3,320,gelu,adam,mse,0.008,0.005,0.0,32,0.0,,,,22.071846447113376,0.686817976479449,21.31778266404003,0.7540637830733452,34.8,20.95959096044182,22.855058261456946,8.157224178314209
C0004,128x128x64_gelu_adam_lr0.005_wd0.005_do0.1_bs32_ns0_lossmse,128x128x64,3,320,gelu,adam,mse,0.005,0.005,0.1,32,0.0,,,,22.11284793598643,0.3903879423803692,21.675742735012648,0.43710520097378236,51.0,21.56714075881738,22.517920391227012,11.014277696609497
C0344,256x256x256_gelu_adam_lr0.01_wd0.005_do0.1_bs32_ns0_lossmse,256x256x256,3,768,gelu,adam,mse,0.01,0.005,0.1,32,0.0,,,,22.137941713599904,0.5845037476534432,21.604084444957586,0.5338572686423184,42.8,21.30772614649399,22.86552142322272,10.927955389022827
C0183,256x128x64_gelu_adam_lr0.01_wd0.005_do0_bs32_ns0_lossmse,256x128x64,3,448,gelu,adam,mse,0.01,0.005,0.0,32,0.0,,,,22.177429944527912,0.22717616199621593,21.34478658738357,0.8326433571443417,47.0,21.88683064371102,22.418990511583303,18.73455834388733
C0084,128x128x128_gelu_adam_lr0.005_wd0.005_do0.1_bs32_ns0_lossmse,128x128x128,3,384,gelu,adam,mse,0.005,0.005,0.1,32,0.0,,,,22.193084271200245,0.4870939735663822,21.817067113987196,0.37601715721304885,46.2,21.530074732423152,22.698206405782138,20.66074538230896
C0244,256x256x128_gelu_adam_lr0.005_wd0.005_do0.1_bs32_ns0_lossmse,256x256x128,3,640,gelu,adam,mse,0.005,0.005,0.1,32,0.0,,,,22.194957512697208,0.3830181856751139,21.66213233492182,0.5328251777753863,41.2,21.54381032450886,22.55455783453605,21.67363715171814
C0334,256x256x256_gelu_adam_lr0.008_wd0.005_do0.1_bs32_ns0_lossmse,256x256x256,3,768,gelu,adam,mse,0.008,0.005,0.1,32,0.0,,,,22.200726839017825,0.6544732590396374,21.489554774860373,0.7111720641574522,48.0,21.622745959393168,23.26165961535503,13.157572507858276
C0164,256x128x64_gelu_adam_lr0.005_wd0.005_do0.1_bs32_ns0_lossmse,256x128x64,3,448,gelu,adam,mse,0.005,0.005,0.1,32,0.0,,,,22.263406264147953,0.920465410818497,21.815304384547694,0.4481018796002587,57.0,20.777935553886785,23.17305764334863,24.83144974708557
C0355,256x256x256_gelu_adam_lr0.02_wd0.01_do0_bs32_ns0_lossmse,256x256x256,3,768,gelu,adam,mse,0.02,0.01,0.0,32,0.0,,,,22.321479814409223,0.5480286509512099,21.479648676435154,0.8418311379740686,29.0,21.511311664488154,22.858539779871673,6.895256996154785
C0193,256x128x64_gelu_adam_lr0.02_wd0.005_do0_bs32_ns0_lossmse,256x128x64,3,448,gelu,adam,mse,0.02,0.005,0.0,32,0.0,,,,22.374681174634084,0.6807425237420122,21.687364285348362,0.6873168892857215,40.0,21.45204451219501,23.153173755867243,16.70730757713318
C0024,128x128x64_gelu_adam_lr0.01_wd0.005_do0.1_bs32_ns0_lossmse,128x128x64,3,320,gelu,adam,mse,0.01,0.005,0.1,32,0.0,,,,22.377235105729202,1.0212196772098583,22.00010749346463,0.37712761226457303,60.6,20.965797376245614,23.559459558002665,13.23306655883789
C0104,128x128x128_gelu_adam_lr0.01_wd0.005_do0.1_bs32_ns0_lossmse,128x128x128,3,384,gelu,adam,mse,0.01,0.005,0.1,32,0.0,,,,22.43286154464453,0.49398494012649946,22.059844667867058,0.3730168767774735,37.0,21.94094419640239,23.035324840387283,18.203171968460083
C0264,256x256x128_gelu_adam_lr0.01_wd0.005_do0.1_bs32_ns0_lossmse,256x256x128,3,640,gelu,adam,mse,0.01,0.005,0.1,32,0.0,,,,22.43925593898455,0.2551207808263407,22.0377720938237,0.40148384516085045,48.8,22.10168020705587,22.742732949521788,24.362114191055298
C0174,256x128x64_gelu_adam_lr0.008_wd0.005_do0.1_bs32_ns0_lossmse,256x128x64,3,448,gelu,adam,mse,0.008,0.005,0.1,32,0.0,,,,22.497638752328232,1.047687904747316,22.208352533404263,0.28928621892396933,59.8,20.920977659735115,23.45459015326312,25.45033073425293
C0094,128x128x128_gelu_adam_lr0.008_wd0.005_do0.1_bs32_ns0_lossmse,128x128x128,3,384,gelu,adam,mse,0.008,0.005,0.1,32,0.0,,,,22.526316838194166,0.8345790869627225,22.195541153087095,0.33077568510707067,38.0,21.881693297488987,23.793726645081346,18.374525785446167
C0014,128x128x64_gelu_adam_lr0.008_wd0.005_do0.1_bs32_ns0_lossmse,128x128x64,3,320,gelu,adam,mse,0.008,0.005,0.1,32,0.0,,,,22.536454835851938,0.6759987114206124,22.104390420207988,0.43206441564394993,47.6,21.86777342028991,23.52054386260164,11.194281816482544
C0033,128x128x64_gelu_adam_lr0.02_wd0.005_do0_bs32_ns0_lossmse,128x128x64,3,320,gelu,adam,mse,0.02,0.005,0.0,32,0.0,,,,22.594073051453357,0.8237664727795986,22.228542160096975,0.36553089135638217,15.0,21.452155049144583,23.764218514516973,5.299640655517578
C0254,256x256x128_gelu_adam_lr0.008_wd0.005_do0.1_bs32_ns0_lossmse,256x256x128,3,640,gelu,adam,mse,0.008,0.005,0.1,32,0.0,,,,22.595982573117332,0.18338860314938796,21.95609231846162,0.639890254655711,33.6,22.319885586181698,22.75727830805833,18.911062240600586
C0274,256x256x128_gelu_adam_lr0.02_wd0.005_do0.1_bs32_ns0_lossmse,256x256x128,3,640,gelu,adam,mse,0.02,0.005,0.1,32,0.0,,,,22.683823090784603,0.4491116148865438,22.3575104888103,0.3263126019743048,42.2,22.359074604646047,23.446939014763405,21.926521062850952
C0325,256x256x256_gelu_adam_lr0.005_wd0.01_do0_bs32_ns0_lossmse,256x256x256,3,768,gelu,adam,mse,0.005,0.01,0.0,32,0.0,,,,22.727919951712146,0.49358192022366515,22.217509229531444,0.5104107221807013,35.2,22.19764922561364,23.359107142160962,7.703661680221558
C0345,256x256x256_gelu_adam_lr0.01_wd0.01_do0_bs32_ns0_lossmse,256x256x256,3,768,gelu,adam,mse,0.01,0.01,0.0,32,0.0,,,,22.740968453249216,0.5533330626718777,22.189441624865218,0.5515268283839987,18.8,21.947639868885183,23.49740725685926,5.54413366317749
C0005,128x128x64_gelu_adam_lr0.005_wd0.01_do0_bs32_ns0_lossmse,128x128x64,3,320,gelu,adam,mse,0.005,0.01,0.0,32,0.0,,,,22.756836139082946,0.4356442754965093,22.585908604271502,0.17092753481144385,23.2,22.080518478090177,23.159052337195767,6.104719400405884
C0245,256x256x128_gelu_adam_lr0.005_wd0.01_do0_bs32_ns0_lossmse,256x256x128,3,640,gelu,adam,mse,0.005,0.01,0.0,32,0.0,,,,22.867764365302076,0.36762748733775247,22.311547532693336,0.5562168326087402,25.4,22.423776244906616,23.32386143915547,13.696977853775024
C0184,256x128x64_gelu_adam_lr0.01_wd0.005_do0.1_bs32_ns0_lossmse,256x128x64,3,448,gelu,adam,mse,0.01,0.005,0.1,32,0.0,,,,22.916863281321632,0.3463115222884695,22.559134963539826,0.357728317781806,21.0,22.403913317929884,23.287012823415598,13.348185539245605
C0335,256x256x256_gelu_adam_lr0.008_wd0.01_do0_bs32_ns0_lossmse,256x256x256,3,768,gelu,adam,mse,0.008,0.01,0.0,32,0.0,,,,22.962779292899352,0.9464055908302487,22.418415773945316,0.5443635189540359,13.8,21.90538531326834,24.489137377298473,5.370635986328125
C0114,128x128x128_gelu_adam_lr0.02_wd0.005_do0.1_bs32_ns0_lossmse,128x128x128,3,384,gelu,adam,mse,0.02,0.005,0.1,32,0.0,,,,22.975239068881095,0.8003785144254894,22.75890667595407,0.21633239292702555,23.4,22.02595132718566,24.049446638817773,14.537142515182495
C0165,256x128x64_gelu_adam_lr0.005_wd0.01_do0_bs32_ns0_lossmse,256x128x64,3,448,gelu,adam,mse,0.005,0.01,0.0,32,0.0,,,,22.99042601770786,0.4324506848811652,22.64441480000165,0.3460112177062129,34.4,22.667327508644284,23.588701308834157,15.161146879196167
C0255,256x256x128_gelu_adam_lr0.008_wd0.01_do0_bs32_ns0_lossmse,256x256x128,3,640,gelu,adam,mse,0.008,0.01,0.0,32,0.0,,,,23.075758600503413,0.4598897107421739,22.66510849234864,0.41065010815477265,22.6,22.564535466307493,23.589416382834987,12.92278528213501
C0085,128x128x128_gelu_adam_lr0.005_wd0.01_do0_bs32_ns0_lossmse,128x128x128,3,384,gelu,adam,mse,0.005,0.01,0.0,32,0.0,,,,23.076801772941764,0.727512693050636,22.66583038419197,0.4109713887497932,27.0,22.319116786268,24.072957641785443,12.669037580490112
C0275,256x256x128_gelu_adam_lr0.02_wd0.01_do0_bs32_ns0_lossmse,256x256x128,3,640,gelu,adam,mse,0.02,0.01,0.0,32,0.0,,,,23.084617200641816,0.6549766289396804,22.64558836667707,0.4390288339647448,24.4,22.333943823716147,23.963962884881557,13.92439579963684
C0356,256x256x256_gelu_adam_lr0.02_wd0.01_do0.1_bs32_ns0_lossmse,256x256x256,3,768,gelu,adam,mse,0.02,0.01,0.1,32,0.0,,,,23.140859082727935,1.0795981603824607,22.558902491320023,0.5819565914079128,36.4,21.845841364253925,24.787161078206548,10.505755424499512
C0326,256x256x256_gelu_adam_lr0.005_wd0.01_do0.1_bs32_ns0_lossmse,256x256x256,3,768,gelu,adam,mse,0.005,0.01,0.1,32,0.0,,,,23.151964629229393,0.5598734617491997,22.849963369509954,0.3020012597194395,22.0,22.489084067185917,23.866816823368104,7.042068004608154
C0034,128x128x64_gelu_adam_lr0.02_wd0.005_do0.1_bs32_ns0_lossmse,128x128x64,3,320,gelu,adam,mse,0.02,0.005,0.1,32,0.0,,,,23.20444146210047,0.5126055886186707,23.116832277621615,0.08760918447885402,27.0,22.372180994511037,23.661163401759474,7.805936336517334
C0246,256x256x128_gelu_adam_lr0.005_wd0.01_do0.1_bs32_ns0_lossmse,256x256x128,3,640,gelu,adam,mse,0.005,0.01,0.1,32,0.0,,,,23.27795260075633,0.3811354099680605,23.00436802860507,0.27358457215125753,22.2,22.865969969859016,23.660149736706167,15.45077109336853
C0015,128x128x64_gelu_adam_lr0.008_wd0.01_do0_bs32_ns0_lossmse,128x128x64,3,320,gelu,adam,mse,0.008,0.01,0.0,32,0.0,,,,23.287088359123004,0.9015589817886226,22.7222955234753,0.5647928356477045,18.0,22.452613757101226,24.792323477617174,5.62182879447937
C0265,256x256x128_gelu_adam_lr0.01_wd0.01_do0_bs32_ns0_lossmse,256x256x128,3,640,gelu,adam,mse,0.01,0.01,0.0,32,0.0,,,,23.338091277699853,0.7033893791855664,22.84681146875711,0.4912798089427426,20.0,22.75371868219116,24.475310100743723,12.187695980072021
C0336,256x256x256_gelu_adam_lr0.008_wd0.01_do0.1_bs32_ns0_lossmse,256x256x256,3,768,gelu,adam,mse,0.008,0.01,0.1,32,0.0,,,,23.33983088912931,0.6637089973422253,22.969198027783055,0.3706328613462553,11.0,22.881678842370178,24.472364207477227,6.251922845840454
C0115,128x128x128_gelu_adam_lr0.02_wd0.01_do0_bs32_ns0_lossmse,128x128x128,3,384,gelu,adam,mse,0.02,0.01,0.0,32,0.0,,,,23.370343278417,0.8025325729617347,23.094226854310243,0.27611642410675685,31.4,22.424321279413416,24.42936075562724,14.59977912902832
C0006,128x128x64_gelu_adam_lr0.005_wd0.01_do0.1_bs32_ns0_lossmse,128x128x64,3,320,gelu,adam,mse,0.005,0.01,0.1,32,0.0,,,,23.372402953291736,0.40621915136869585,23.0503943192082,0.32200863408353797,17.6,22.79604379938767,23.81953134451858,5.9097137451171875
C0025,128x128x64_gelu_adam_lr0.01_wd0.01_do0_bs32_ns0_lossmse,128x128x64,3,320,gelu,adam,mse,0.01,0.01,0.0,32,0.0,,,,23.379732015685082,0.9124746868476494,22.721235710462974,0.6584963052221084,13.4,22.56385869249629,24.93598710818202,4.96951699256897
C0095,128x128x128_gelu_adam_lr0.008_wd0.01_do0_bs32_ns0_lossmse,128x128x128,3,384,gelu,adam,mse,0.008,0.01,0.0,32,0.0,,,,23.410872822293495,0.7324131397494044,22.862425281202256,0.5484475410912388,12.0,22.80272048603863,24.560145126174294,8.898975372314453
C0175,256x128x64_gelu_adam_lr0.008_wd0.01_do0_bs32_ns0_lossmse,256x128x64,3,448,gelu,adam,mse,0.008,0.01,0.0,32,0.0,,,,23.423799183587775,0.8952360443866729,22.999588542144345,0.42421064144343035,15.8,22.787212525418568,24.929778821215425,9.792566776275635
C0346,256x256x256_gelu_adam_lr0.01_wd0.01_do0.1_bs32_ns0_lossmse,256x256x256,3,768,gelu,adam,mse,0.01,0.01,0.1,32,0.0,,,,23.42548263325265,0.673343774026651,23.133356498954164,0.2921261342984849,11.8,22.925804890006255,24.56684558319497,5.375293970108032
C0194,256x128x64_gelu_adam_lr0.02_wd0.005_do0.1_bs32_ns0_lossmse,256x128x64,3,448,gelu,adam,mse,0.02,0.005,0.1,32,0.0,,,,23.432506796576238,0.8732406622056742,23.008380664498134,0.42412613207810423,32.0,22.56542717149847,24.86560011277181,16.679744005203247
C0105,128x128x128_gelu_adam_lr0.01_wd0.01_do0_bs32_ns0_lossmse,128x128x128,3,384,gelu,adam,mse,0.01,0.01,0.0,32,0.0,,,,23.453395071563495,0.824955464526547,22.995376829141172,0.45801824242232314,21.4,22.52605912651864,24.692761633707867,11.255375146865845
C0195,256x128x64_gelu_adam_lr0.02_wd0.01_do0_bs32_ns0_lossmse,256x128x64,3,448,gelu,adam,mse,0.02,0.01,0.0,32,0.0,,,,23.458468189424796,0.7776050428499627,23.167524706346462,0.2909434830783333,15.0,22.886373499127348,24.75034143638315,9.937458276748657
C0276,256x256x128_gelu_adam_lr0.02_wd0.01_do0.1_bs32_ns0_lossmse,256x256x128,3,640,gelu,adam,mse,0.02,0.01,0.1,32,0.0,,,,23.51875616046271,0.7310991339483794,23.21647531757737,0.3022808428853416,23.8,22.779072980089694,24.698271394371726,15.903615951538086
C0185,256x128x64_gelu_adam_lr0.01_wd0.01_do0_bs32_ns0_lossmse,256x128x64,3,448,gelu,adam,mse,0.01,0.01,0.0,32,0.0,,,,23.54693286501976,0.8646059461685074,23.184049303335467,0.36288356168429203,15.6,22.820122997415844,24.97793734095397,9.824824333190918
C0035,128x128x64_gelu_adam_lr0.02_wd0.01_do0_bs32_ns0_lossmse,128x128x64,3,320,gelu,adam,mse,0.02,0.01,0.0,32,0.0,,,,23.551370005115796,0.8708109463991193,23.21906728260185,0.33230272251394766,13.0,22.75859289803214,24.950658387985786,4.967435598373413
C0256,256x256x128_gelu_adam_lr0.008_wd0.01_do0.1_bs32_ns0_lossmse,256x256x128,3,640,gelu,adam,mse,0.008,0.01,0.1,32,0.0,,,,23.56341806599101,0.517600463815729,23.377002142855716,0.18641592313529287,15.6,22.91451970993098,24.13970886769004,12.419488906860352
C0166,256x128x64_gelu_adam_lr0.005_wd0.01_do0.1_bs32_ns0_lossmse,256x128x64,3,448,gelu,adam,mse,0.005,0.01,0.1,32,0.0,,,,23.577806607724057,0.7776981190658351,23.132365362501872,0.44544124522218453,12.8,22.78753610601938,24.817718127712947,10.411267042160034
C0086,128x128x128_gelu_adam_lr0.005_wd0.01_do0.1_bs32_ns0_lossmse,128x128x128,3,384,gelu,adam,mse,0.005,0.01,0.1,32,0.0,,,,23.578118355704067,0.7274181066420294,23.166191872213627,0.4119264834904399,21.2,22.743056339629312,24.62769943654798,12.83057713508606
C0016,128x128x64_gelu_adam_lr0.008_wd0.01_do0.1_bs32_ns0_lossmse,128x128x64,3,320,gelu,adam,mse,0.008,0.01,0.1,32,0.0,,,,23.588979689694888,0.595220905184574,23.253890640449345,0.3350890492455427,19.2,22.848921109461564,24.45518270211356,6.403314113616943
C0096,128x128x128_gelu_adam_lr0.008_wd0.01_do0.1_bs32_ns0_lossmse,128x128x128,3,384,gelu,adam,mse,0.008,0.01,0.1,32,0.0,,,,23.622368495819074,0.7306720320681993,23.322932411768402,0.29943608405067224,20.8,22.987031550185698,24.815210269840712,13.202727317810059
C0266,256x256x128_gelu_adam_lr0.01_wd0.01_do0.1_bs32_ns0_lossmse,256x256x128,3,640,gelu,adam,mse,0.01,0.01,0.1,32,0.0,,,,23.642278265999806,0.5934266332724294,23.39052546976594,0.25175279623386615,14.8,23.00081806347615,24.42851582340778,12.46347188949585
C0116,128x128x128_gelu_adam_lr0.02_wd0.01_do0.1_bs32_ns0_lossmse,128x128x128,3,384,gelu,adam,mse,0.02,0.01,0.1,32,0.0,,,,23.674581401669624,0.7842087775945005,23.551733349105355,0.12284805256426878,10.2,22.905850603972702,24.77089289193293,12.145612478256226
C0106,128x128x128_gelu_adam_lr0.01_wd0.01_do0.1_bs32_ns0_lossmse,128x128x128,3,384,gelu,adam,mse,0.01,0.01,0.1,32,0.0,,,,23.675628542694874,0.7600500218864307,23.35508843081712,0.32054011187775444,26.8,22.95840332641969,24.889852858522858,14.603459358215332
C0186,256x128x64_gelu_adam_lr0.01_wd0.01_do0.1_bs32_ns0_lossmse,256x128x64,3,448,gelu,adam,mse,0.01,0.01,0.1,32,0.0,,,,23.775830498845078,0.8207629152127753,23.4604367430965,0.31539375574857687,14.6,23.190224977942094,25.17886255446361,11.171560764312744
C0176,256x128x64_gelu_adam_lr0.008_wd0.01_do0.1_bs32_ns0_lossmse,256x128x64,3,448,gelu,adam,mse,0.008,0.01,0.1,32,0.0,,,,23.77930635226671,0.7747066880712705,23.440021186546264,0.33928516572044387,9.6,23.068790623707912,25.0601505710323,9.466273069381714
C0026,128x128x64_gelu_adam_lr0.01_wd0.01_do0.1_bs32_ns0_lossmse,128x128x64,3,320,gelu,adam,mse,0.01,0.01,0.1,32,0.0,,,,23.801152957009954,0.6578210378555728,23.465947242012334,0.3352057149976204,10.8,23.27016013200632,24.90831410748581,5.084794044494629
C0196,256x128x64_gelu_adam_lr0.02_wd0.01_do0.1_bs32_ns0_lossmse,256x128x64,3,448,gelu,adam,mse,0.02,0.01,0.1,32,0.0,,,,23.839152431763278,0.7864480614164863,23.843731276063348,-0.004578844300070273,15.0,23.272352263497375,25.169291134690763,11.049267530441284
C0036,128x128x64_gelu_adam_lr0.02_wd0.01_do0.1_bs32_ns0_lossmse,128x128x64,3,320,gelu,adam,mse,0.02,0.01,0.1,32,0.0,,,,23.890646355693796,0.8314676459560099,23.5949915775766,0.2956547781171963,21.6,22.968809752508506,25.16592159783395,6.9023942947387695
C0327,256x256x256_gelu_adam_lr0.005_wd0.05_do0_bs32_ns0_lossmse,256x256x256,3,768,gelu,adam,mse,0.005,0.05,0.0,32,0.0,,,,24.258435938916477,0.8444677237800371,23.949563161043834,0.30887277787264367,5.0,23.444787664335173,25.598830731217987,3.500340700149536
C0247,256x256x128_gelu_adam_lr0.005_wd0.05_do0_bs32_ns0_lossmse,256x256x128,3,640,gelu,adam,mse,0.005,0.05,0.0,32,0.0,,,,24.33717136231718,0.5213415713006269,24.247035592825945,0.09013576949123348,6.0,23.780802525991,25.132315193875606,7.919656276702881
C0087,128x128x128_gelu_adam_lr0.005_wd0.05_do0_bs32_ns0_lossmse,128x128x128,3,384,gelu,adam,mse,0.005,0.05,0.0,32,0.0,,,,24.35703516857836,0.7181571606628108,24.194268435253143,0.16276673332521696,4.2,23.509640162842636,25.29477356967263,6.547902345657349
C0328,256x256x256_gelu_adam_lr0.005_wd0.05_do0.1_bs32_ns0_lossmse,256x256x256,3,768,gelu,adam,mse,0.005,0.05,0.1,32,0.0,,,,24.378256966796023,0.7445372171566235,24.289839822859623,0.08841714393640032,6.8,23.64077680806006,25.501255416675587,4.54809308052063
C0337,256x256x256_gelu_adam_lr0.008_wd0.05_do0_bs32_ns0_lossmse,256x256x256,3,768,gelu,adam,mse,0.008,0.05,0.0,32,0.0,,,,24.42860968488153,0.9379424936401267,24.29142289433612,0.13718679054541028,4.2,23.5546496579491,25.877253747597273,3.848397731781006
C0167,256x128x64_gelu_adam_lr0.005_wd0.05_do0_bs32_ns0_lossmse,256x128x64,3,448,gelu,adam,mse,0.005,0.05,0.0,32,0.0,,,,24.468798165249122,0.7876979029296564,24.256053067158145,0.21274509809097708,6.6,23.555256161431714,25.495010213874487,7.320680618286133
C0347,256x256x256_gelu_adam_lr0.01_wd0.05_do0_bs32_ns0_lossmse,256x256x256,3,768,gelu,adam,mse,0.01,0.05,0.0,32,0.0,,,,24.488733880782437,0.8857185500215591,24.297671709498015,0.19106217128442182,5.4,23.784305630091694,25.944664716694454,3.7082691192626953
C0007,128x128x64_gelu_adam_lr0.005_wd0.05_do0_bs32_ns0_lossmse,128x128x64,3,320,gelu,adam,mse,0.005,0.05,0.0,32,0.0,,,,24.51526058528591,1.0174294122529333,24.06701095938508,0.4482496259008286,4.0,23.705418282564903,26.194441105587533,3.468261480331421
C0338,256x256x256_gelu_adam_lr0.008_wd0.05_do0.1_bs32_ns0_lossmse,256x256x256,3,768,gelu,adam,mse,0.008,0.05,0.1,32,0.0,,,,24.526777441483684,0.7825216441445065,24.400016135148384,0.12676130633530036,6.0,23.68859210209461,25.6965740664174,4.886575937271118
C0248,256x256x128_gelu_adam_lr0.005_wd0.05_do0.1_bs32_ns0_lossmse,256x256x128,3,640,gelu,adam,mse,0.005,0.05,0.1,32,0.0,,,,24.53316122875708,0.7886592363544938,24.44573613075673,0.08742509800035236,6.6,23.716871321441378,25.814579096270602,9.583958148956299
C0357,256x256x256_gelu_adam_lr0.02_wd0.05_do0_bs32_ns0_lossmse,256x256x256,3,768,gelu,adam,mse,0.02,0.05,0.0,32,0.0,,,,24.59631496774022,0.5872171610576271,24.543929367423512,0.05238560031670758,13.4,24.120575808908065,25.594408474444545,5.209908962249756
C0168,256x128x64_gelu_adam_lr0.005_wd0.05_do0.1_bs32_ns0_lossmse,256x128x64,3,448,gelu,adam,mse,0.005,0.05,0.1,32,0.0,,,,24.62344278906265,0.8982083587275,24.466118210210762,0.15732457885188822,6.2,23.58917139838632,25.937112274828756,8.255333662033081
C0267,256x256x128_gelu_adam_lr0.01_wd0.05_do0_bs32_ns0_lossmse,256x256x128,3,640,gelu,adam,mse,0.01,0.05,0.0,32,0.0,,,,24.632578675367622,0.7166737590021396,24.520576927117638,0.11200174824998399,5.2,23.82356493117183,25.575387511348403,7.723459959030151
C0257,256x256x128_gelu_adam_lr0.008_wd0.05_do0_bs32_ns0_lossmse,256x256x128,3,640,gelu,adam,mse,0.008,0.05,0.0,32,0.0,,,,24.635504967639736,0.7434484019337486,24.50764939258713,0.1278555750526067,4.0,23.79578376478458,25.70675504604348,7.353432893753052
C0348,256x256x256_gelu_adam_lr0.01_wd0.05_do0.1_bs32_ns0_lossmse,256x256x256,3,768,gelu,adam,mse,0.01,0.05,0.1,32,0.0,,,,24.669061180677602,0.8678711773627547,24.52165778170812,0.1474033989694803,6.2,23.8386488954993,26.018328161784012,4.416367292404175
C0097,128x128x128_gelu_adam_lr0.008_wd0.05_do0_bs32_ns0_lossmse,128x128x128,3,384,gelu,adam,mse,0.008,0.05,0.0,32,0.0,,,,24.67203445924026,1.011629697315812,24.448632356701342,0.22340210253891613,4.0,23.62912609451211,26.24024965354933,7.088290452957153
C0177,256x128x64_gelu_adam_lr0.008_wd0.05_do0_bs32_ns0_lossmse,256x128x64,3,448,gelu,adam,mse,0.008,0.05,0.0,32,0.0,,,,24.71998117562502,0.8447062179070421,24.77186634983542,-0.051885174210401175,4.4,23.865153060720086,26.088184890669744,6.747304677963257
C0008,128x128x64_gelu_adam_lr0.005_wd0.05_do0.1_bs32_ns0_lossmse,128x128x64,3,320,gelu,adam,mse,0.005,0.05,0.1,32,0.0,,,,24.755637715008085,1.0287281860705386,24.62025092510899,0.13538678989909414,5.0,23.62109445096275,26.329305416233183,3.990924835205078
C0088,128x128x128_gelu_adam_lr0.005_wd0.05_do0.1_bs32_ns0_lossmse,128x128x128,3,384,gelu,adam,mse,0.005,0.05,0.1,32,0.0,,,,24.756200108609733,0.8738689262150592,24.455125097474614,0.3010750111351186,4.0,23.96983266109203,26.129811953352593,8.04720950126648
C0329,256x256x256_gelu_adam_lr0.005_wd0.1_do0_bs32_ns0_lossmse,256x256x256,3,768,gelu,adam,mse,0.005,0.1,0.0,32,0.0,,,,24.757808465294428,0.8415726325972718,24.749799030626626,0.008009434667801685,3.8,23.920577171963238,26.115291358436867,3.356204032897949
C0277,256x256x128_gelu_adam_lr0.02_wd0.05_do0_bs32_ns0_lossmse,256x256x128,3,640,gelu,adam,mse,0.02,0.05,0.0,32,0.0,,,,24.76881438857537,0.9269293980716016,24.815965003407296,-0.04715061483192429,6.4,23.972721522539675,26.288966947225823,8.000999689102173
C0107,128x128x128_gelu_adam_lr0.01_wd0.05_do0_bs32_ns0_lossmse,128x128x128,3,384,gelu,adam,mse,0.01,0.05,0.0,32,0.0,,,,24.783652748761902,1.0545265845153529,24.647715099503934,0.13593764925796847,3.6,23.752164219488794,26.455900705313987,8.297671556472778
C0330,256x256x256_gelu_adam_lr0.005_wd0.1_do0.1_bs32_ns0_lossmse,256x256x256,3,768,gelu,adam,mse,0.005,0.1,0.1,32,0.0,,,,24.833524979529134,0.896042844546642,24.91091862763768,-0.0773936481085471,3.4,23.93234964588634,26.058955871049772,3.9946253299713135
C0017,128x128x64_gelu_adam_lr0.008_wd0.05_do0_bs32_ns0_lossmse,128x128x64,3,320,gelu,adam,mse,0.008,0.05,0.0,32,0.0,,,,24.856708905097218,1.0453843607631743,24.613741848263714,0.2429670568335034,4.2,23.80341890599399,26.542161816242356,3.563762664794922
C0358,256x256x256_gelu_adam_lr0.02_wd0.05_do0.1_bs32_ns0_lossmse,256x256x256,3,768,gelu,adam,mse,0.02,0.05,0.1,32,0.0,,,,24.873356762093092,0.8935606951854125,24.8453557674769,0.028000994616192543,12.4,24.095901848528552,26.2307511699361,6.350736856460571
C0187,256x128x64_gelu_adam_lr0.01_wd0.05_do0_bs32_ns0_lossmse,256x128x64,3,448,gelu,adam,mse,0.01,0.05,0.0,32,0.0,,,,24.898984261062026,0.6939947046253039,24.791749779225572,0.10723448183645345,4.2,24.16589563597983,25.974050752327663,6.90369176864624
C0258,256x256x128_gelu_adam_lr0.008_wd0.05_do0.1_bs32_ns0_lossmse,256x256x128,3,640,gelu,adam,mse,0.008,0.05,0.1,32,0.0,,,,24.913822962333132,0.705310769874027,24.821495596656483,0.09232736567664901,6.2,24.242439864301083,26.032323345048518,9.519996166229248
C0249,256x256x128_gelu_adam_lr0.005_wd0.1_do0_bs32_ns0_lossmse,256x256x128,3,640,gelu,adam,mse,0.005,0.1,0.0,32,0.0,,,,24.931468274839716,0.7709362596022199,24.767067299587797,0.16440097525191888,4.8,24.09630201817963,26.09886902134583,7.517485618591309
C0178,256x128x64_gelu_adam_lr0.008_wd0.05_do0.1_bs32_ns0_lossmse,256x128x64,3,448,gelu,adam,mse,0.008,0.05,0.1,32,0.0,,,,24.94708968422349,0.9616373361695618,24.823669316453532,0.12342036776995613,5.0,23.96997018408304,26.30533489705739,8.044560194015503
C0268,256x256x128_gelu_adam_lr0.01_wd0.05_do0.1_bs32_ns0_lossmse,256x256x128,3,640,gelu,adam,mse,0.01,0.05,0.1,32,0.0,,,,24.97735859879591,0.7282629092321806,24.907885642560387,0.06947295623552208,5.4,24.15490542759774,25.963968015150442,9.089589595794678
C0169,256x128x64_gelu_adam_lr0.005_wd0.1_do0_bs32_ns0_lossmse,256x128x64,3,448,gelu,adam,mse,0.005,0.1,0.0,32,0.0,,,,24.97858544338129,0.803702300566057,24.75958598147068,0.21899946191061304,3.4,23.95263918154071,25.980358711110075,6.806381464004517
C0009,128x128x64_gelu_adam_lr0.005_wd0.1_do0_bs32_ns0_lossmse,128x128x64,3,320,gelu,adam,mse,0.005,0.1,0.0,32,0.0,,,,24.992036281329757,1.1663303738094644,24.658992189027494,0.33304409230226284,2.6,23.850767624372587,26.745428595494833,3.307690143585205
C0278,256x256x128_gelu_adam_lr0.02_wd0.05_do0.1_bs32_ns0_lossmse,256x256x128,3,640,gelu,adam,mse,0.02,0.05,0.1,32,0.0,,,,25.011149318215054,0.7729674874078166,25.03015374591005,-0.019004427694994774,7.0,23.958744263428308,26.018805738977022,9.738252878189087
C0018,128x128x64_gelu_adam_lr0.008_wd0.05_do0.1_bs32_ns0_lossmse,128x128x64,3,320,gelu,adam,mse,0.008,0.05,0.1,32,0.0,,,,25.018727265329062,0.8375410867484103,24.95374585641011,0.06498140891895332,4.4,24.28530451862041,26.3321512162964,3.9985744953155518
C0027,128x128x64_gelu_adam_lr0.01_wd0.05_do0_bs32_ns0_lossmse,128x128x64,3,320,gelu,adam,mse,0.01,0.05,0.0,32,0.0,,,,25.02580977739482,1.0459078365993253,24.72550638905223,0.30030338834258785,4.0,23.95652188855984,26.680061418640367,3.6463587284088135
C0098,128x128x128_gelu_adam_lr0.008_wd0.05_do0.1_bs32_ns0_lossmse,128x128x128,3,384,gelu,adam,mse,0.008,0.05,0.1,32,0.0,,,,25.039134355311557,0.9391710430090311,24.744142978556688,0.29499137675486864,4.0,24.202906717054514,26.5791804435675,7.695841073989868
C0339,256x256x256_gelu_adam_lr0.008_wd0.1_do0_bs32_ns0_lossmse,256x256x256,3,768,gelu,adam,mse,0.008,0.1,0.0,32,0.0,,,,25.047758066511943,0.7730839813072332,25.059761777578892,-0.012003711066949307,3.8,24.362352495144584,26.278598324643802,3.7378299236297607
C0089,128x128x128_gelu_adam_lr0.005_wd0.1_do0_bs32_ns0_lossmse,128x128x128,3,384,gelu,adam,mse,0.005,0.1,0.0,32,0.0,,,,25.07417713785506,0.8291567477933179,24.784998021884995,0.2891791159700645,3.6,24.23287023160234,26.310185865438292,7.333548307418823
C0188,256x128x64_gelu_adam_lr0.01_wd0.05_do0.1_bs32_ns0_lossmse,256x128x64,3,448,gelu,adam,mse,0.01,0.05,0.1,32,0.0,,,,25.094776468423078,0.9476280391371957,25.00500291901782,0.08977354940525828,5.6,24.241630677268898,26.485579649148082,8.374857902526855
C0028,128x128x64_gelu_adam_lr0.01_wd0.05_do0.1_bs32_ns0_lossmse,128x128x64,3,320,gelu,adam,mse,0.01,0.05,0.1,32,0.0,,,,25.09969180541856,0.891038825119189,24.959135730529706,0.14055607488885258,2.8,24.282589722023527,26.46262791536852,3.7554879188537598
C0197,256x128x64_gelu_adam_lr0.02_wd0.05_do0_bs32_ns0_lossmse,256x128x64,3,448,gelu,adam,mse,0.02,0.05,0.0,32,0.0,,,,25.130184430871605,1.0419090190840752,25.054288306055152,0.07589612481645247,5.0,24.21440076686184,26.675088882785975,7.1660284996032715
C0090,128x128x128_gelu_adam_lr0.005_wd0.1_do0.1_bs32_ns0_lossmse,128x128x128,3,384,gelu,adam,mse,0.005,0.1,0.1,32,0.0,,,,25.140564716365844,0.9772434231843875,24.97122356015321,0.169341156212635,2.4,24.23185660255114,26.60877783145716,6.877328634262085
C0340,256x256x256_gelu_adam_lr0.008_wd0.1_do0.1_bs32_ns0_lossmse,256x256x256,3,768,gelu,adam,mse,0.008,0.1,0.1,32,0.0,,,,25.153992888985353,0.803407081020161,25.091696215595206,0.062296673390147106,4.4,24.306937061729172,26.356158187190676,4.695607423782349
C0349,256x256x256_gelu_adam_lr0.01_wd0.1_do0_bs32_ns0_lossmse,256x256x256,3,768,gelu,adam,mse,0.01,0.1,0.0,32,0.0,,,,25.158695812835862,0.9422829744648282,25.221573389494882,-0.0628775766590195,4.2,24.3378727713238,26.610304513868538,3.3521132469177246
C0108,128x128x128_gelu_adam_lr0.01_wd0.05_do0.1_bs32_ns0_lossmse,128x128x128,3,384,gelu,adam,mse,0.01,0.05,0.1,32,0.0,,,,25.159888488107033,1.043675509792828,25.053353352427205,0.10653513567982742,3.8,24.18925670094158,26.869748888642505,7.868980646133423
C0037,128x128x64_gelu_adam_lr0.02_wd0.05_do0_bs32_ns0_lossmse,128x128x64,3,320,gelu,adam,mse,0.02,0.05,0.0,32,0.0,,,,25.160730193078106,1.0711610385470267,25.005770014582527,0.1549601784955783,4.6,23.98386967244591,26.832131970648298,3.726898431777954
C0259,256x256x128_gelu_adam_lr0.008_wd0.1_do0_bs32_ns0_lossmse,256x256x128,3,640,gelu,adam,mse,0.008,0.1,0.0,32,0.0,,,,25.16078585549915,0.766023697533233,25.080731382314003,0.08005447318514669,4.4,24.23896959667726,25.935848126998923,7.448100328445435
C0250,256x256x128_gelu_adam_lr0.005_wd0.1_do0.1_bs32_ns0_lossmse,256x256x128,3,640,gelu,adam,mse,0.005,0.1,0.1,32,0.0,,,,25.174578779383314,0.7941532863503337,25.065694341402473,0.10888443798084069,3.4,24.325239300719087,26.299681128870304,8.474254608154297
C0010,128x128x64_gelu_adam_lr0.005_wd0.1_do0.1_bs32_ns0_lossmse,128x128x64,3,320,gelu,adam,mse,0.005,0.1,0.1,32,0.0,,,,25.175167124304267,0.983502475615701,25.04914464346093,0.12602248084333567,2.0,24.05344214648719,26.686374074881098,3.5060007572174072
C0117,128x128x128_gelu_adam_lr0.02_wd0.05_do0_bs32_ns0_lossmse,128x128x128,3,384,gelu,adam,mse,0.02,0.05,0.0,32,0.0,,,,25.176465143909176,1.0114582982050335,25.05795917762106,0.11850596628811516,3.8,24.132469264910803,26.55590991782018,6.577241659164429
C0170,256x128x64_gelu_adam_lr0.005_wd0.1_do0.1_bs32_ns0_lossmse,256x128x64,3,448,gelu,adam,mse,0.005,0.1,0.1,32,0.0,,,,25.19147547127833,0.948983293687069,25.046568040599528,0.14490743067880274,4.2,24.089986785314885,26.531766955412195,8.164443731307983
C0189,256x128x64_gelu_adam_lr0.01_wd0.1_do0_bs32_ns0_lossmse,256x128x64,3,448,gelu,adam,mse,0.01,0.1,0.0,32,0.0,,,,25.248052089338003,0.9303329042022942,25.072968367912445,0.17508372142555828,2.6,24.46234239855342,26.818830017797076,6.426363945007324
C0350,256x256x256_gelu_adam_lr0.01_wd0.1_do0.1_bs32_ns0_lossmse,256x256x256,3,768,gelu,adam,mse,0.01,0.1,0.1,32,0.0,,,,25.2643419214845,0.8483683906975944,25.24415652816564,0.0201853933188616,3.8,24.5073729676022,26.597477164350742,3.993795156478882
C0269,256x256x128_gelu_adam_lr0.01_wd0.1_do0_bs32_ns0_lossmse,256x256x128,3,640,gelu,adam,mse,0.01,0.1,0.0,32,0.0,,,,25.289460684002258,0.6676080477969707,25.291649218584876,-0.0021885345826184732,4.2,24.518141491973296,25.989103105639845,7.140201091766357
C0198,256x128x64_gelu_adam_lr0.02_wd0.05_do0.1_bs32_ns0_lossmse,256x128x64,3,448,gelu,adam,mse,0.02,0.05,0.1,32,0.0,,,,25.31831751586585,0.9850424295557889,25.2581791010221,0.06013841484374893,6.0,24.337686065769127,26.663156225219915,8.326773643493652
C0109,128x128x128_gelu_adam_lr0.01_wd0.1_do0_bs32_ns0_lossmse,128x128x128,3,384,gelu,adam,mse,0.01,0.1,0.0,32,0.0,,,,25.32247035350653,1.1850737649403964,25.326430149449813,-0.003959795943281108,2.6,24.168867431357935,27.14212396722761,6.303763151168823
C0019,128x128x64_gelu_adam_lr0.008_wd0.1_do0_bs32_ns0_lossmse,128x128x64,3,320,gelu,adam,mse,0.008,0.1,0.0,32,0.0,,,,25.343988482105637,1.0449228883775117,25.286626299919213,0.05736218218642364,2.4,24.314142319202155,26.769464183658705,3.321071147918701
C0118,128x128x128_gelu_adam_lr0.02_wd0.05_do0.1_bs32_ns0_lossmse,128x128x128,3,384,gelu,adam,mse,0.02,0.05,0.1,32,0.0,,,,25.355606549202786,1.0099427536671908,25.31015662399819,0.04544992520459701,5.2,24.360617660224353,26.804780831904555,7.995588064193726
C0179,256x128x64_gelu_adam_lr0.008_wd0.1_do0_bs32_ns0_lossmse,256x128x64,3,448,gelu,adam,mse,0.008,0.1,0.0,32,0.0,,,,25.3616938657293,0.9339633188877506,25.23465796564346,0.12703590008583987,3.6,24.44646067302771,26.7203629783473,6.74800705909729
C0099,128x128x128_gelu_adam_lr0.008_wd0.1_do0_bs32_ns0_lossmse,128x128x128,3,384,gelu,adam,mse,0.008,0.1,0.0,32,0.0,,,,25.37524953761175,0.9588076960225071,25.156230164191726,0.21901937342002498,3.2,24.42587543083304,26.889494760311987,6.651461362838745
C0359,256x256x256_gelu_adam_lr0.02_wd0.1_do0_bs32_ns0_lossmse,256x256x256,3,768,gelu,adam,mse,0.02,0.1,0.0,32,0.0,,,,25.39864887844282,0.8212775021766161,25.46494566707413,-0.06629678863130906,8.6,24.465430240272337,26.6697341057042,4.482109546661377
C0279,256x256x128_gelu_adam_lr0.02_wd0.1_do0_bs32_ns0_lossmse,256x256x128,3,640,gelu,adam,mse,0.02,0.1,0.0,32,0.0,,,,25.400148619223778,0.8720027684490655,25.494669586267946,-0.09452096704416846,11.8,24.674143278922042,26.863867102203493,9.617432355880737
C0180,256x128x64_gelu_adam_lr0.008_wd0.1_do0.1_bs32_ns0_lossmse,256x128x64,3,448,gelu,adam,mse,0.008,0.1,0.1,32,0.0,,,,25.404811821766366,0.9953764570492412,25.314311024730777,0.09050079703558822,4.2,24.217365126705964,26.841145181163178,7.927573204040527
C0038,128x128x64_gelu_adam_lr0.02_wd0.05_do0.1_bs32_ns0_lossmse,128x128x64,3,320,gelu,adam,mse,0.02,0.05,0.1,32,0.0,,,,25.446522224082337,0.9514288243180851,25.473350573750153,-0.026828349667816553,8.4,24.45347522986653,26.878463816025704,4.753582239151001
C0260,256x256x128_gelu_adam_lr0.008_wd0.1_do0.1_bs32_ns0_lossmse,256x256x128,3,640,gelu,adam,mse,0.008,0.1,0.1,32,0.0,,,,25.469822941698745,0.9875086693632149,25.443235514721497,0.026587426977247475,3.2,24.479558977810218,26.927583549713155,8.294399738311768
C0020,128x128x64_gelu_adam_lr0.008_wd0.1_do0.1_bs32_ns0_lossmse,128x128x64,3,320,gelu,adam,mse,0.008,0.1,0.1,32,0.0,,,,25.47861054269874,0.8070441705455031,25.445610426825226,0.033000115873512925,3.4,24.555761891984524,26.645320987621282,3.8081066608428955
C0190,256x128x64_gelu_adam_lr0.01_wd0.1_do0.1_bs32_ns0_lossmse,256x128x64,3,448,gelu,adam,mse,0.01,0.1,0.1,32,0.0,,,,25.490004242684744,1.0634831818790182,25.469109468635587,0.020894774049157405,3.0,24.40788420884951,27.15724496974092,7.598618268966675
C0030,128x128x64_gelu_adam_lr0.01_wd0.1_do0.1_bs32_ns0_lossmse,128x128x64,3,320,gelu,adam,mse,0.01,0.1,0.1,32,0.0,,,,25.493702814318958,0.798403410771804,25.416645017124864,0.07705779719409378,1.8,24.635810227489696,26.431297298379086,3.605013847351074
C0029,128x128x64_gelu_adam_lr0.01_wd0.1_do0_bs32_ns0_lossmse,128x128x64,3,320,gelu,adam,mse,0.01,0.1,0.0,32,0.0,,,,25.506802925450035,0.9573243960369227,25.490758454373832,0.016044471076202882,2.0,24.471118584292054,26.816649697983202,3.2998263835906982
C0100,128x128x128_gelu_adam_lr0.008_wd0.1_do0.1_bs32_ns0_lossmse,128x128x128,3,384,gelu,adam,mse,0.008,0.1,0.1,32,0.0,,,,25.550018172986697,1.0159795906571862,25.484450783225522,0.06556738976117416,2.4,24.462793505569277,27.139788316031257,7.322122573852539
C0270,256x256x128_gelu_adam_lr0.01_wd0.1_do0.1_bs32_ns0_lossmse,256x256x128,3,640,gelu,adam,mse,0.01,0.1,0.1,32,0.0,,,,25.55499066094914,0.9640913582474429,25.578392326780836,-0.02340166583169534,3.8,24.491290268483418,26.914125449645347,8.569541931152344
C0110,128x128x128_gelu_adam_lr0.01_wd0.1_do0.1_bs32_ns0_lossmse,128x128x128,3,384,gelu,adam,mse,0.01,0.1,0.1,32,0.0,,,,25.62354300560641,1.0993672064631759,25.61170546697834,0.011837538628071798,4.0,24.534698722364677,27.39414287626891,7.502500057220459
C0119,128x128x128_gelu_adam_lr0.02_wd0.1_do0_bs32_ns0_lossmse,128x128x128,3,384,gelu,adam,mse,0.02,0.1,0.0,32,0.0,,,,25.700087111551916,1.002125205421606,25.582440478091883,0.11764663346003346,16.0,24.661170606811215,27.157622138866934,9.979444980621338
C0360,256x256x256_gelu_adam_lr0.02_wd0.1_do0.1_bs32_ns0_lossmse,256x256x256,3,768,gelu,adam,mse,0.02,0.1,0.1,32,0.0,,,,25.707870178555133,0.924073565036888,25.687874098508,0.01999608004713238,9.0,24.685620311354036,27.13068213936964,5.50885796546936
C0199,256x128x64_gelu_adam_lr0.02_wd0.1_do0_bs32_ns0_lossmse,256x128x64,3,448,gelu,adam,mse,0.02,0.1,0.0,32,0.0,,,,25.73332101177234,1.0460732333975438,25.541896611050973,0.1914244007213668,6.2,24.71628256516795,27.258045769399438,7.310938835144043
C0280,256x256x128_gelu_adam_lr0.02_wd0.1_do0.1_bs32_ns0_lossmse,256x256x128,3,640,gelu,adam,mse,0.02,0.1,0.1,32,0.0,,,,25.74421255285636,0.8577763088544241,25.7772529699486,-0.03304041709223782,4.6,24.872962261279504,27.023880936366584,8.837974548339844
C0039,128x128x64_gelu_adam_lr0.02_wd0.1_do0_bs32_ns0_lossmse,128x128x64,3,320,gelu,adam,mse,0.02,0.1,0.0,32,0.0,,,,25.765279531065232,0.9826561850703331,25.61088026668282,0.15439926438241258,14.0,24.7192679984655,27.274916740061588,5.094488620758057
C0200,256x128x64_gelu_adam_lr0.02_wd0.1_do0.1_bs32_ns0_lossmse,256x128x64,3,448,gelu,adam,mse,0.02,0.1,0.1,32,0.0,,,,25.788697426108236,1.01547271111879,25.730206095073026,0.05849133103520998,4.0,24.735958083698428,27.29128665676722,7.797870397567749
C0120,128x128x128_gelu_adam_lr0.02_wd0.1_do0.1_bs32_ns0_lossmse,128x128x128,3,384,gelu,adam,mse,0.02,0.1,0.1,32,0.0,,,,25.8556064917773,0.9330386554380353,25.806766978273867,0.04883951350343452,6.8,24.732386275291937,27.072385770054314,10.243963479995728
C0040,128x128x64_gelu_adam_lr0.02_wd0.1_do0.1_bs32_ns0_lossmse,128x128x64,3,320,gelu,adam,mse,0.02,0.1,0.1,32,0.0,,,,25.951843473292108,0.9926318147896002,25.808181446891172,0.14366202640093562,8.0,24.9464416991021,27.37267640442126,4.656524658203125
