short_id,config_id,arch_str,depth,width_sum,activation,optimizer,lr,weight_decay,dropout,batch_size,input_noise,momentum,nesterov,alpha,mean_mee,std_mee,mean_train,gen_gap,mean_epochs,min_mee,max_mee,elapsed_sec
C0219,64x32_relu_adam_lr0.01_wd0.001_do0_bs32_ns0.05,64x32,2,96,relu,adam,0.01,0.001,0.0,32,0.05,,,,21.17976042962181,0.7059194823077936,19.538523035308305,1.641237394313503,53.2,20.488365514475202,22.08729413789962,5.943425893783569
C0434,64x64x32_relu_adam_lr0.01_wd0.001_do0_bs32_ns0.01,64x64x32,3,160,relu,adam,0.01,0.001,0.0,32,0.01,,,,21.195365638646734,0.9708380052787278,18.89924540978942,2.2961202288573155,43.6,19.53983781285807,22.03701770902974,7.438495635986328
C0470,64x64x32_relu_adam_lr0.005_wd0.001_do0_bs32_ns0.01,64x64x32,3,160,relu,adam,0.005,0.001,0.0,32,0.01,,,,21.214382646027442,0.6480843393099996,18.950922128537364,2.2634605174900777,41.0,20.085264359257913,21.7490884923149,6.683993577957153
C0525,64x64x32_tanh_adam_lr0.005_wd0.001_do0_bs32_ns0.05,64x64x32,3,160,tanh,adam,0.005,0.001,0.0,32,0.05,,,,21.224894143850378,0.698013321754667,19.06713613985938,2.157758003990999,58.2,20.673782817310087,22.3655040556524,8.903574705123901
C0433,64x64x32_relu_adam_lr0.01_wd0.001_do0_bs32_ns0,64x64x32,3,160,relu,adam,0.01,0.001,0.0,32,0.0,,,,21.233222654775535,0.8362333212897447,19.777016778298094,1.4562058764774406,34.0,19.862387033525334,21.991319876924187,6.272474050521851
C0435,64x64x32_relu_adam_lr0.01_wd0.001_do0_bs32_ns0.05,64x64x32,3,160,relu,adam,0.01,0.001,0.0,32,0.05,,,,21.29080656211021,0.7877537658452363,18.83558906573426,2.4552174963759477,52.0,20.004031301321863,22.161658913046683,8.231395721435547
C0488,64x64x32_tanh_adam_lr0.01_wd0.001_do0_bs32_ns0.01,64x64x32,3,160,tanh,adam,0.01,0.001,0.0,32,0.01,,,,21.30824505731696,0.5451900324788539,19.08894083475955,2.2193042225574082,70.0,20.684443785143422,22.125114232083043,10.101784467697144
C0489,64x64x32_tanh_adam_lr0.01_wd0.001_do0_bs32_ns0.05,64x64x32,3,160,tanh,adam,0.01,0.001,0.0,32,0.05,,,,21.338509476056608,1.066847737479121,19.775592806377368,1.5629166696792396,81.4,20.548523409991084,23.190735790807036,11.2457115650177
C0523,64x64x32_tanh_adam_lr0.005_wd0.001_do0_bs32_ns0,64x64x32,3,160,tanh,adam,0.005,0.001,0.0,32,0.0,,,,21.35522024265986,0.5993231235853754,18.936035461793306,2.419184780866555,44.0,20.72668783048323,22.216673264735366,7.240152597427368
C0307,64x32_tanh_adam_lr0.005_wd0.001_do0_bs32_ns0,64x32,2,96,tanh,adam,0.005,0.001,0.0,32,0.0,,,,21.36102159436863,1.0099072129956583,19.596217136716042,1.7648044576525876,65.8,20.021517889962173,22.608204202061692,7.070445537567139
C0308,64x32_tanh_adam_lr0.005_wd0.001_do0_bs32_ns0.01,64x32,2,96,tanh,adam,0.005,0.001,0.0,32,0.01,,,,21.3748459914624,1.0413131739311645,19.63851482510902,1.7363311663533807,61.8,20.02527508521542,22.72552996445122,6.910576581954956
C0524,64x64x32_tanh_adam_lr0.005_wd0.001_do0_bs32_ns0.01,64x64x32,3,160,tanh,adam,0.005,0.001,0.0,32,0.01,,,,21.37799212280067,0.5633441334063795,19.111874884234368,2.266117238566302,41.2,20.843492001817463,22.208978011242472,6.985653638839722
C0469,64x64x32_relu_adam_lr0.005_wd0.001_do0_bs32_ns0,64x64x32,3,160,relu,adam,0.005,0.001,0.0,32,0.0,,,,21.41653359428684,0.7136671585277151,18.724306701663036,2.692226892623804,42.8,20.183696349926937,22.000674244658896,6.746575593948364
C0273,64x32_tanh_adam_lr0.01_wd0.001_do0_bs32_ns0.05,64x32,2,96,tanh,adam,0.01,0.001,0.0,32,0.05,,,,21.437619087327764,0.5203455147486298,19.526843565212527,1.9107755221152374,60.2,20.640943450570227,21.921420818294695,6.637969732284546
C0256,64x32_relu_adam_lr0.005_wd0.001_do0.1_bs32_ns0,64x32,2,96,relu,adam,0.005,0.001,0.1,32,0.0,,,,21.438868697992145,0.6574719047407955,19.963309255808817,1.4755594421833287,62.0,20.472572991036404,22.23491830776501,7.282134294509888
C0218,64x32_relu_adam_lr0.01_wd0.001_do0_bs32_ns0.01,64x32,2,96,relu,adam,0.01,0.001,0.0,32,0.01,,,,21.453351495535948,0.7119628788368566,20.010674137707234,1.442677357828714,41.2,20.356595640479362,22.181376955168865,4.949981689453125
C0471,64x64x32_relu_adam_lr0.005_wd0.001_do0_bs32_ns0.05,64x64x32,3,160,relu,adam,0.005,0.001,0.0,32,0.05,,,,21.470594911720077,0.7240537637175842,19.253635214325264,2.216959697394813,54.4,20.546575374935284,22.371719791442672,8.240579843521118
C0472,64x64x32_relu_adam_lr0.005_wd0.001_do0.1_bs32_ns0,64x64x32,3,160,relu,adam,0.005,0.001,0.1,32,0.0,,,,21.501280082640115,0.5671610996216305,19.552121438950866,1.9491586436892483,63.2,20.9031225906674,22.331424051006234,9.849300622940063
C0271,64x32_tanh_adam_lr0.01_wd0.001_do0_bs32_ns0,64x32,2,96,tanh,adam,0.01,0.001,0.0,32,0.0,,,,21.53305521781885,0.35809499801895495,19.69316154486823,1.8398936729506197,53.8,20.97635007165158,21.872564121590358,5.943348169326782
C0272,64x32_tanh_adam_lr0.01_wd0.001_do0_bs32_ns0.01,64x32,2,96,tanh,adam,0.01,0.001,0.0,32,0.01,,,,21.535607335417414,0.535207749483795,19.5438601502755,1.9917471851419144,55.8,20.619757419630496,21.893603943692007,6.290795087814331
C0221,64x32_relu_adam_lr0.01_wd0.001_do0.1_bs32_ns0.01,64x32,2,96,relu,adam,0.01,0.001,0.1,32,0.01,,,,21.54462872006621,0.76188826704323,19.862806210470673,1.6818225095955377,61.8,20.274908072561516,22.189254553412958,7.243954181671143
C0309,64x32_tanh_adam_lr0.005_wd0.001_do0_bs32_ns0.05,64x32,2,96,tanh,adam,0.005,0.001,0.0,32,0.05,,,,21.545589939864133,0.9346040731570712,20.22348320828815,1.3221067315759818,57.4,20.33740279890644,22.886817189111905,6.535717964172363
C0527,64x64x32_tanh_adam_lr0.005_wd0.001_do0.1_bs32_ns0.01,64x64x32,3,160,tanh,adam,0.005,0.001,0.1,32,0.01,,,,21.54576057284129,0.7920811156865308,20.261356685873047,1.2844038869682421,60.8,20.42388578078414,22.624438481285097,10.235581874847412
C0220,64x32_relu_adam_lr0.01_wd0.001_do0.1_bs32_ns0,64x32,2,96,relu,adam,0.01,0.001,0.1,32,0.0,,,,21.61639405416151,0.6452892078482328,20.22915767756489,1.387236376596622,50.4,20.664855266758217,22.441758159928245,6.084026575088501
C0257,64x32_relu_adam_lr0.005_wd0.001_do0.1_bs32_ns0.01,64x32,2,96,relu,adam,0.005,0.001,0.1,32,0.01,,,,21.6607524750329,0.7263434532870698,20.255476099345415,1.4052763756874853,56.6,20.474177243846214,22.374039778482178,6.957851886749268
C0217,64x32_relu_adam_lr0.01_wd0.001_do0_bs32_ns0,64x32,2,96,relu,adam,0.01,0.001,0.0,32,0.0,,,,21.662208506779905,0.7732586783513525,20.11920774271877,1.5430007640611336,43.6,20.436514659651184,22.543115719040035,5.011758089065552
C0436,64x64x32_relu_adam_lr0.01_wd0.001_do0.1_bs32_ns0,64x64x32,3,160,relu,adam,0.01,0.001,0.1,32,0.0,,,,21.68457718304458,0.7992818124923998,20.12239009876959,1.562187084274992,50.6,20.558768079411045,22.72430317247468,8.62938928604126
C0258,64x32_relu_adam_lr0.005_wd0.001_do0.1_bs32_ns0.05,64x32,2,96,relu,adam,0.005,0.001,0.1,32,0.05,,,,21.689649702217483,0.714574232305602,20.236149455877836,1.4535002463396474,66.6,20.837700305560354,22.709550611039084,7.815756797790527
C0437,64x64x32_relu_adam_lr0.01_wd0.001_do0.1_bs32_ns0.01,64x64x32,3,160,relu,adam,0.01,0.001,0.1,32,0.01,,,,21.712206043388676,1.2049347872243539,20.38416110766417,1.328044935724506,55.8,19.89410645756049,23.1556004261917,9.429009199142456
C0438,64x64x32_relu_adam_lr0.01_wd0.001_do0.1_bs32_ns0.05,64x64x32,3,160,relu,adam,0.01,0.001,0.1,32,0.05,,,,21.730763040765556,1.0592530200680315,20.34541505913004,1.3853479816355154,58.4,20.329485809401355,22.986324243092117,9.72031044960022
C0473,64x64x32_relu_adam_lr0.005_wd0.001_do0.1_bs32_ns0.01,64x64x32,3,160,relu,adam,0.005,0.001,0.1,32,0.01,,,,21.749777610552496,1.0431773923654621,19.91069044005768,1.839087170494814,69.0,20.267820371293134,22.86964698772196,10.696961164474487
C0532,64x64x32_tanh_adam_lr0.005_wd0.005_do0_bs32_ns0,64x64x32,3,160,tanh,adam,0.005,0.005,0.0,32,0.0,,,,21.778176767434427,0.7672630377266095,20.392396542901473,1.3857802245329545,66.8,20.84547097099031,22.94741361929919,9.537133693695068
C0442,64x64x32_relu_adam_lr0.01_wd0.005_do0_bs32_ns0,64x64x32,3,160,relu,adam,0.01,0.005,0.0,32,0.0,,,,21.793414530833168,0.8536718158376108,20.717274127570313,1.0761404032628548,65.8,20.529124692439023,22.750188470256198,9.39903974533081
C0478,64x64x32_relu_adam_lr0.005_wd0.005_do0_bs32_ns0,64x64x32,3,160,relu,adam,0.005,0.005,0.0,32,0.0,,,,21.805938509362996,0.8141344538635652,20.455438716671853,1.3504997926911422,53.0,20.543394327364528,22.724716441610262,7.833924293518066
C0453,64x64x32_relu_adam_lr0.001_wd0.001_do0_bs32_ns0.05,64x64x32,3,160,relu,adam,0.001,0.001,0.0,32,0.05,,,,21.82550102545631,0.822477362078229,20.001887930169417,1.8236130952868947,72.4,20.5225239142378,22.632480669373404,10.731709957122803
C0533,64x64x32_tanh_adam_lr0.005_wd0.005_do0_bs32_ns0.01,64x64x32,3,160,tanh,adam,0.005,0.005,0.0,32,0.01,,,,21.83621812574243,0.7038232158682906,20.43370867027674,1.4025094554656903,64.2,21.081359791809625,22.940302405945157,9.3924560546875
C0452,64x64x32_relu_adam_lr0.001_wd0.001_do0_bs32_ns0.01,64x64x32,3,160,relu,adam,0.001,0.001,0.0,32,0.01,,,,21.83841585702034,0.7175610672792406,19.47179312258978,2.3666227344305604,73.8,21.016526594058703,22.67192879435964,11.175944089889526
C0490,64x64x32_tanh_adam_lr0.01_wd0.001_do0.1_bs32_ns0,64x64x32,3,160,tanh,adam,0.01,0.001,0.1,32,0.0,,,,21.839751615190643,0.5432000066594512,20.419835532504273,1.4199160826863704,67.6,20.93801063185213,22.406536755173427,10.490505695343018
C0506,64x64x32_tanh_adam_lr0.001_wd0.001_do0_bs32_ns0.01,64x64x32,3,160,tanh,adam,0.001,0.001,0.0,32,0.01,,,,21.840630607585894,1.0088863717295968,19.45263824974793,2.3879923578379625,90.6,21.215754625449726,23.626173037076537,12.518250942230225
C0505,64x64x32_tanh_adam_lr0.001_wd0.001_do0_bs32_ns0,64x64x32,3,160,tanh,adam,0.001,0.001,0.0,32,0.0,,,,21.841248652134823,1.0097284273917073,19.46511190724498,2.376136744889841,89.2,21.213213721627323,23.630503899519823,12.10582160949707
C0487,64x64x32_tanh_adam_lr0.01_wd0.001_do0_bs32_ns0,64x64x32,3,160,tanh,adam,0.01,0.001,0.0,32,0.0,,,,21.859264625404197,1.3507680969718765,19.598174751430122,2.2610898739740755,68.6,20.672438269838167,24.178409716779573,9.71274471282959
C0443,64x64x32_relu_adam_lr0.01_wd0.005_do0_bs32_ns0.01,64x64x32,3,160,relu,adam,0.01,0.005,0.0,32,0.01,,,,21.864052829745294,0.8058973199199562,20.72740847997029,1.136644349775004,60.0,20.64093310767523,22.837748016157377,8.961980104446411
C0551,64x64x32_relu_nesterov_lr0.01_wd0.005_do0_bs32_ns0.01_momentum0.9_nesterovTrue,64x64x32,3,160,relu,nesterov,0.01,0.005,0.0,32,0.01,0.9,True,,21.864900415882044,0.8045401400480764,20.421712841436783,1.4431875744452611,73.6,20.633292623293585,22.885905555875514,7.884470224380493
C0491,64x64x32_tanh_adam_lr0.01_wd0.001_do0.1_bs32_ns0.01,64x64x32,3,160,tanh,adam,0.01,0.001,0.1,32,0.01,,,,21.86860381547094,0.821950989648447,20.728240744320424,1.1403630711505173,56.4,20.822359579003415,23.102011428944046,9.37781047821045
C0444,64x64x32_relu_adam_lr0.01_wd0.005_do0_bs32_ns0.05,64x64x32,3,160,relu,adam,0.01,0.005,0.0,32,0.05,,,,21.87433821343023,0.6489196634397918,21.115737207585717,0.7586010058445147,51.6,20.921993578223304,22.668775339658655,8.114176034927368
C0253,64x32_relu_adam_lr0.005_wd0.001_do0_bs32_ns0,64x32,2,96,relu,adam,0.005,0.001,0.0,32,0.0,,,,21.88132024448629,0.7841394680228665,19.548158188891165,2.3331620555951247,56.2,20.75117935040576,22.65304009950602,6.165115833282471
C0222,64x32_relu_adam_lr0.01_wd0.001_do0.1_bs32_ns0.05,64x32,2,96,relu,adam,0.01,0.001,0.1,32,0.05,,,,21.892046213358,0.5781992214380485,20.626309895415304,1.2657363179426966,57.4,21.129046552508235,22.62818159605034,6.819691181182861
C0479,64x64x32_relu_adam_lr0.005_wd0.005_do0_bs32_ns0.01,64x64x32,3,160,relu,adam,0.005,0.005,0.0,32,0.01,,,,21.89458464483997,0.8239916764345925,20.64003202489928,1.2545526199406893,51.0,20.590057405727563,22.77942810317247,7.795955657958984
C0528,64x64x32_tanh_adam_lr0.005_wd0.001_do0.1_bs32_ns0.05,64x64x32,3,160,tanh,adam,0.005,0.001,0.1,32,0.05,,,,21.90067352067403,0.9035848678404073,20.65842105894218,1.242252461731848,55.2,20.88398714763179,23.360581545467493,9.454153299331665
C0480,64x64x32_relu_adam_lr0.005_wd0.005_do0_bs32_ns0.05,64x64x32,3,160,relu,adam,0.005,0.005,0.0,32,0.05,,,,21.908529619361833,0.9374176105866755,20.666380079274667,1.2421495400871656,58.0,20.497990394066235,23.10590447620972,8.520718336105347
C0507,64x64x32_tanh_adam_lr0.001_wd0.001_do0_bs32_ns0.05,64x64x32,3,160,tanh,adam,0.001,0.001,0.0,32,0.05,,,,21.915023013157384,0.947476611727617,19.830411425445085,2.084611587712299,81.2,21.301056436247315,23.596561529443598,11.389462947845459
C0543,64x64x32_relu_nesterov_lr0.01_wd0.001_do0_bs32_ns0.05_momentum0.9_nesterovTrue,64x64x32,3,160,relu,nesterov,0.01,0.001,0.0,32,0.05,0.9,True,,21.919718557374896,0.842482317942872,20.5498518050901,1.3698667522847963,44.8,20.652174364826795,22.884818867508507,5.486483573913574
C0514,64x64x32_tanh_adam_lr0.001_wd0.005_do0_bs32_ns0,64x64x32,3,160,tanh,adam,0.001,0.005,0.0,32,0.0,,,,21.939005873966615,0.7824104950082791,20.50662943015946,1.4323764438071542,85.6,21.320259003282438,23.198779109586518,11.785146713256836
C0515,64x64x32_tanh_adam_lr0.001_wd0.005_do0_bs32_ns0.01,64x64x32,3,160,tanh,adam,0.001,0.005,0.0,32,0.01,,,,21.940089657330333,0.7715889592374778,20.54666249594565,1.3934271613846825,83.8,21.320982847501803,23.178283849731805,11.762325286865234
C0475,64x64x32_relu_adam_lr0.005_wd0.001_do0.2_bs32_ns0,64x64x32,3,160,relu,adam,0.005,0.001,0.2,32,0.0,,,,21.945858706031345,0.7076848567358217,20.331904758308557,1.6139539477227878,80.8,21.152962933783982,23.0064194457345,11.798988342285156
C0254,64x32_relu_adam_lr0.005_wd0.001_do0_bs32_ns0.01,64x32,2,96,relu,adam,0.005,0.001,0.0,32,0.01,,,,21.961793878121355,0.8887151207570819,19.675702837436393,2.286091040684962,51.6,20.891147102403714,22.994310771512733,5.9479639530181885
C0260,64x32_relu_adam_lr0.005_wd0.001_do0.2_bs32_ns0.01,64x32,2,96,relu,adam,0.005,0.001,0.2,32,0.01,,,,21.96862503655492,0.7602423340864054,21.038587494874932,0.9300375416799866,60.0,20.678124082170854,22.587647911732653,7.177659749984741
C0327,64x32_relu_nesterov_lr0.01_wd0.001_do0_bs32_ns0.05_momentum0.9_nesterovTrue,64x32,2,96,relu,nesterov,0.01,0.001,0.0,32,0.05,0.9,True,,21.996457852426083,0.8947550761511618,20.211939640981818,1.784518211444265,84.2,20.663222156879968,23.16333403405955,6.23469090461731
C0451,64x64x32_relu_adam_lr0.001_wd0.001_do0_bs32_ns0,64x64x32,3,160,relu,adam,0.001,0.001,0.0,32,0.0,,,,21.999843353583582,0.5480656173836002,19.74577669242037,2.254066661163211,63.2,21.33083659368817,22.78763986443869,9.58420467376709
C0460,64x64x32_relu_adam_lr0.001_wd0.005_do0_bs32_ns0,64x64x32,3,160,relu,adam,0.001,0.005,0.0,32,0.0,,,,22.008577934505432,0.611922529268447,20.437178163838126,1.5713997706673055,75.2,21.398917447351444,23.0173227146746,10.321442127227783
C0534,64x64x32_tanh_adam_lr0.005_wd0.005_do0_bs32_ns0.05,64x64x32,3,160,tanh,adam,0.005,0.005,0.0,32,0.05,,,,22.008909207180288,0.7380299681066245,20.84491127197242,1.1639979352078669,43.2,21.131901629224686,23.155149103743383,7.1118950843811035
C0526,64x64x32_tanh_adam_lr0.005_wd0.001_do0.1_bs32_ns0,64x64x32,3,160,tanh,adam,0.005,0.001,0.1,32,0.0,,,,22.01393259627446,0.7455839215383123,20.80628815293707,1.20764444333739,49.8,21.51144812855469,23.32867850659768,8.604836225509644
C0255,64x32_relu_adam_lr0.005_wd0.001_do0_bs32_ns0.05,64x32,2,96,relu,adam,0.005,0.001,0.0,32,0.05,,,,22.016767233270087,0.934544096225595,20.17107458458471,1.8456926486853789,51.8,20.894526474166913,23.00582261323122,5.9683825969696045
C0310,64x32_tanh_adam_lr0.005_wd0.001_do0.1_bs32_ns0,64x32,2,96,tanh,adam,0.005,0.001,0.1,32,0.0,,,,22.02302741577744,0.9813988950845578,20.911405159512007,1.1116222562654343,63.4,20.815899324710376,23.504458664230263,7.401055335998535
C0497,64x64x32_tanh_adam_lr0.01_wd0.005_do0_bs32_ns0.01,64x64x32,3,160,tanh,adam,0.01,0.005,0.0,32,0.01,,,,22.026222489879018,0.8860782988230069,21.339718294461633,0.6865041954173847,62.6,20.759245853476795,23.255707308764624,8.183313608169556
C0461,64x64x32_relu_adam_lr0.001_wd0.005_do0_bs32_ns0.01,64x64x32,3,160,relu,adam,0.001,0.005,0.0,32,0.01,,,,22.034598969936248,0.6534198529372416,20.55572884508235,1.4788701248538985,70.4,21.33426292691771,23.025658234279636,9.934002876281738
C0274,64x32_tanh_adam_lr0.01_wd0.001_do0.1_bs32_ns0,64x32,2,96,tanh,adam,0.01,0.001,0.1,32,0.0,,,,22.038440354249722,0.5807187130886139,20.87089200812661,1.1675483461231124,67.4,21.16044517644996,22.773703506410563,7.622640132904053
C0597,64x64x32_tanh_nesterov_lr0.01_wd0.001_do0_bs32_ns0.05_momentum0.9_nesterovTrue,64x64x32,3,160,tanh,nesterov,0.01,0.001,0.0,32,0.05,0.9,True,,22.039931121210962,0.8668871897609567,20.485872217031186,1.5540589041797759,49.4,21.39472143670401,23.49430145947225,5.977828502655029
C0596,64x64x32_tanh_nesterov_lr0.01_wd0.001_do0_bs32_ns0.01_momentum0.9_nesterovTrue,64x64x32,3,160,tanh,nesterov,0.01,0.001,0.0,32,0.01,0.9,True,,22.04343506000923,0.8644181659016338,20.16966701407913,1.873768045930099,54.6,21.37050844060015,23.486448929410546,6.407739639282227
C0595,64x64x32_tanh_nesterov_lr0.01_wd0.001_do0_bs32_ns0_momentum0.9_nesterovTrue,64x64x32,3,160,tanh,nesterov,0.01,0.001,0.0,32,0.0,0.9,True,,22.050075264406562,0.856050508107762,20.24446472155426,1.8056105428523033,51.6,21.395081466707335,23.49056440756114,6.030597925186157
C0492,64x64x32_tanh_adam_lr0.01_wd0.001_do0.1_bs32_ns0.05,64x64x32,3,160,tanh,adam,0.01,0.001,0.1,32,0.05,,,,22.057618683431166,0.8242808524934693,20.807947857648152,1.2496708257830136,54.8,21.192410950673146,23.406981914470975,9.1405029296875
C0462,64x64x32_relu_adam_lr0.001_wd0.005_do0_bs32_ns0.05,64x64x32,3,160,relu,adam,0.001,0.005,0.0,32,0.05,,,,22.092020944902636,0.6463925224463467,20.81922382929867,1.2727971156039644,64.0,21.23939192543211,23.026796731656244,9.318734645843506
C0516,64x64x32_tanh_adam_lr0.001_wd0.005_do0_bs32_ns0.05,64x64x32,3,160,tanh,adam,0.001,0.005,0.0,32,0.05,,,,22.094415770399067,0.7781573117771693,20.863160803247258,1.2312549671518092,76.4,21.35513047420186,23.221432550946275,10.77769947052002
C0496,64x64x32_tanh_adam_lr0.01_wd0.005_do0_bs32_ns0,64x64x32,3,160,tanh,adam,0.01,0.005,0.0,32,0.0,,,,22.097791924999136,0.7946598554256865,21.366537314387372,0.7312546106117637,57.8,21.079859701712667,23.308754096015633,8.726681470870972
C0541,64x64x32_relu_nesterov_lr0.01_wd0.001_do0_bs32_ns0_momentum0.9_nesterovTrue,64x64x32,3,160,relu,nesterov,0.01,0.001,0.0,32,0.0,0.9,True,,22.097916384644996,1.1931017547289025,20.25254179123144,1.8453745934135561,54.4,21.114438900213678,24.11316348817571,6.140210866928101
C0498,64x64x32_tanh_adam_lr0.01_wd0.005_do0_bs32_ns0.05,64x64x32,3,160,tanh,adam,0.01,0.005,0.0,32,0.05,,,,22.140373368566394,0.7878367242305615,21.331718803688915,0.8086545648774788,63.6,20.92451112720383,23.100949747806048,8.01875376701355
C0605,64x64x32_tanh_nesterov_lr0.01_wd0.005_do0_bs32_ns0.01_momentum0.9_nesterovTrue,64x64x32,3,160,tanh,nesterov,0.01,0.005,0.0,32,0.01,0.9,True,,22.14068595966872,1.0884257807921731,20.98091209945274,1.159773860215978,50.0,21.05913107076531,23.693152631168978,6.0533766746521
C0604,64x64x32_tanh_nesterov_lr0.01_wd0.005_do0_bs32_ns0_momentum0.9_nesterovTrue,64x64x32,3,160,tanh,nesterov,0.01,0.005,0.0,32,0.0,0.9,True,,22.14227177320179,1.0859666905051395,20.973453880730357,1.1688178924714343,50.0,21.073345852554766,23.690426202732972,5.902368068695068
C0223,64x32_relu_adam_lr0.01_wd0.001_do0.2_bs32_ns0,64x32,2,96,relu,adam,0.01,0.001,0.2,32,0.0,,,,22.146933433275652,1.0593074228248927,21.114116816510183,1.0328166167654693,56.2,20.73451240169735,23.57611517588265,6.594554662704468
C0542,64x64x32_relu_nesterov_lr0.01_wd0.001_do0_bs32_ns0.01_momentum0.9_nesterovTrue,64x64x32,3,160,relu,nesterov,0.01,0.001,0.0,32,0.01,0.9,True,,22.15358990981244,1.1302149635568608,20.447041241863726,1.706548667948713,46.8,21.209361604997543,24.099464126450595,5.708794116973877
C0224,64x32_relu_adam_lr0.01_wd0.001_do0.2_bs32_ns0.01,64x32,2,96,relu,adam,0.01,0.001,0.2,32,0.01,,,,22.157236812801045,0.9390964650201152,21.1003336234413,1.056903189359744,56.8,20.876238261216848,23.28794497328726,6.777241945266724
C0550,64x64x32_relu_nesterov_lr0.01_wd0.005_do0_bs32_ns0_momentum0.9_nesterovTrue,64x64x32,3,160,relu,nesterov,0.01,0.005,0.0,32,0.0,0.9,True,,22.170592094620055,0.7386743494620571,20.812862544031965,1.3577295505880898,62.4,21.135078659594242,23.221465966942997,6.719509840011597
C0474,64x64x32_relu_adam_lr0.005_wd0.001_do0.1_bs32_ns0.05,64x64x32,3,160,relu,adam,0.005,0.001,0.1,32,0.05,,,,22.183562492267857,0.5815707438112061,20.891214174144277,1.2923483181235795,50.8,21.4902311359835,22.87622217039289,8.55470585823059
C0606,64x64x32_tanh_nesterov_lr0.01_wd0.005_do0_bs32_ns0.05_momentum0.9_nesterovTrue,64x64x32,3,160,tanh,nesterov,0.01,0.005,0.0,32,0.05,0.9,True,,22.195677910959397,1.0654428025042006,21.16095739315587,1.0347205178035281,48.6,21.06906459633665,23.727100646171596,5.925336122512817
C0275,64x32_tanh_adam_lr0.01_wd0.001_do0.1_bs32_ns0.01,64x32,2,96,tanh,adam,0.01,0.001,0.1,32,0.01,,,,22.20245690557578,0.813764410794476,20.998280571501017,1.2041763340747629,52.4,21.175794735229736,23.309991174707392,6.535494804382324
C0439,64x64x32_relu_adam_lr0.01_wd0.001_do0.2_bs32_ns0,64x64x32,3,160,relu,adam,0.01,0.001,0.2,32,0.0,,,,22.202927263216914,1.2568121098094243,21.091006981768626,1.1119202814482883,68.4,20.53491168394409,24.06166876378008,10.7393479347229
C0263,64x32_relu_adam_lr0.005_wd0.005_do0_bs32_ns0.01,64x32,2,96,relu,adam,0.005,0.005,0.0,32,0.01,,,,22.209620910445278,1.0574095448784613,21.016177333245217,1.1934435772000604,57.2,20.540469004276954,23.234643688814963,6.328577041625977
C0225,64x32_relu_adam_lr0.01_wd0.001_do0.2_bs32_ns0.05,64x32,2,96,relu,adam,0.01,0.001,0.2,32,0.05,,,,22.215161043174923,0.32684315654575874,21.009393970850944,1.2057670723239795,67.6,21.78656311125308,22.707013223618656,7.7081298828125
C0265,64x32_relu_adam_lr0.005_wd0.005_do0.1_bs32_ns0,64x32,2,96,relu,adam,0.005,0.005,0.1,32,0.0,,,,22.250720970714664,0.3162250743457793,21.47088733266299,0.7798336380516737,74.0,21.911955186930506,22.720213102345262,8.148044109344482
C0262,64x32_relu_adam_lr0.005_wd0.005_do0_bs32_ns0,64x32,2,96,relu,adam,0.005,0.005,0.0,32,0.0,,,,22.295111111350202,0.80801438944918,21.143674850287034,1.1514362610631679,60.2,21.078277187044584,23.13963983727139,6.398955583572388
C0276,64x32_tanh_adam_lr0.01_wd0.001_do0.1_bs32_ns0.05,64x32,2,96,tanh,adam,0.01,0.001,0.1,32,0.05,,,,22.30389819083189,0.716778693410853,21.11412818572189,1.1897700051100024,54.8,21.38638350873245,23.291879797989942,6.773008823394775
C0318,64x32_tanh_adam_lr0.005_wd0.005_do0_bs32_ns0.05,64x32,2,96,tanh,adam,0.005,0.005,0.0,32,0.05,,,,22.310798535774147,0.8746550151889206,21.445811081443843,0.8649874543303042,52.4,21.037115018167945,23.49012768750485,6.043894052505493
C0441,64x64x32_relu_adam_lr0.01_wd0.001_do0.2_bs32_ns0.05,64x64x32,3,160,relu,adam,0.01,0.001,0.2,32,0.05,,,,22.35341770001919,0.9676607455599783,21.569572660099965,0.7838450399192247,67.0,21.02124120993573,23.56871518883871,10.691657066345215
C0259,64x32_relu_adam_lr0.005_wd0.001_do0.2_bs32_ns0,64x32,2,96,relu,adam,0.005,0.001,0.2,32,0.0,,,,22.36587609760228,1.0677646894622501,21.432573180893016,0.9333029167092626,60.4,20.862937707396192,23.881331916586976,7.115879535675049
C0326,64x32_relu_nesterov_lr0.01_wd0.001_do0_bs32_ns0.01_momentum0.9_nesterovTrue,64x32,2,96,relu,nesterov,0.01,0.001,0.0,32,0.01,0.9,True,,22.36790824601905,1.0090870785137669,20.819081951130848,1.548826294888201,62.0,20.657637187685772,23.185168840340193,5.096663951873779
C0325,64x32_relu_nesterov_lr0.01_wd0.001_do0_bs32_ns0_momentum0.9_nesterovTrue,64x32,2,96,relu,nesterov,0.01,0.001,0.0,32,0.0,0.9,True,,22.370946580566834,0.8748760683697733,20.844515865170763,1.5264307153960708,61.8,21.03407515194921,23.174384642418957,5.198822736740112
C0381,64x32_tanh_nesterov_lr0.01_wd0.001_do0_bs32_ns0.05_momentum0.9_nesterovTrue,64x32,2,96,tanh,nesterov,0.01,0.001,0.0,32,0.05,0.9,True,,22.371093205742294,1.1432118517565262,21.423742905113144,0.9473503006291502,67.6,21.223139446998715,24.232822264664968,5.8389058113098145
C0552,64x64x32_relu_nesterov_lr0.01_wd0.005_do0_bs32_ns0.05_momentum0.9_nesterovTrue,64x64x32,3,160,relu,nesterov,0.01,0.005,0.0,32,0.05,0.9,True,,22.38906647713376,0.6307060344976094,21.07824309301845,1.3108233841153094,54.0,21.660369894580676,23.357779148536956,6.215234756469727
C0266,64x32_relu_adam_lr0.005_wd0.005_do0.1_bs32_ns0.01,64x32,2,96,relu,adam,0.005,0.005,0.1,32,0.01,,,,22.393970009100265,0.7786671917166328,21.60034736725411,0.7936226418461558,58.6,21.137144535076466,23.060406853577422,6.955142498016357
C0631,64x64x32_tanh_nesterov_lr0.005_wd0.001_do0_bs32_ns0_momentum0.9_nesterovTrue,64x64x32,3,160,tanh,nesterov,0.005,0.001,0.0,32,0.0,0.9,True,,22.39656717536074,1.0944207245350401,20.75136996422288,1.6451972111378588,75.0,21.54582958400122,24.294077350885495,7.124202013015747
C0228,64x32_relu_adam_lr0.01_wd0.005_do0_bs32_ns0.05,64x32,2,96,relu,adam,0.01,0.005,0.0,32,0.05,,,,22.403153312000917,0.5510526051099194,21.455803355551023,0.9473499564498944,44.6,21.830622224996745,23.0207556514173,5.233408689498901
C0312,64x32_tanh_adam_lr0.005_wd0.001_do0.1_bs32_ns0.05,64x32,2,96,tanh,adam,0.005,0.001,0.1,32,0.05,,,,22.403528112702908,1.0530305958282193,21.51564735072501,0.8878807619778968,49.0,21.055083949343402,23.950419262309357,6.334641456604004
C0334,64x32_relu_nesterov_lr0.01_wd0.005_do0_bs32_ns0_momentum0.9_nesterovTrue,64x32,2,96,relu,nesterov,0.01,0.005,0.0,32,0.0,0.9,True,,22.41002615398358,0.7693844080401573,21.338432985656766,1.0715931683268138,68.0,21.27837506806643,23.310271941013774,5.275583028793335
C0311,64x32_tanh_adam_lr0.005_wd0.001_do0.1_bs32_ns0.01,64x32,2,96,tanh,adam,0.005,0.001,0.1,32,0.01,,,,22.426619037097797,1.095893530587744,21.48428661072048,0.9423324263773161,54.0,20.973488488435727,23.923596381498548,6.770247459411621
C0264,64x32_relu_adam_lr0.005_wd0.005_do0_bs32_ns0.05,64x32,2,96,relu,adam,0.005,0.005,0.0,32,0.05,,,,22.426636908583248,0.8134804055077707,21.137871946375697,1.2887649622075514,56.8,21.316056597192414,23.28997278119258,6.250349044799805
C0440,64x64x32_relu_adam_lr0.01_wd0.001_do0.2_bs32_ns0.01,64x64x32,3,160,relu,adam,0.01,0.001,0.2,32,0.01,,,,22.426976641121787,0.8795783999837684,21.487364143912778,0.9396124972090085,55.6,21.158064055540095,23.324339095842518,9.35986852645874
C0289,64x32_tanh_adam_lr0.001_wd0.001_do0_bs32_ns0,64x32,2,96,tanh,adam,0.001,0.001,0.0,32,0.0,,,,22.4363436604105,0.6951713313674017,21.209189880686456,1.2271537797240448,112.4,21.62568948725053,23.20789939171579,10.820917129516602
C0640,64x64x32_tanh_nesterov_lr0.005_wd0.005_do0_bs32_ns0_momentum0.9_nesterovTrue,64x64x32,3,160,tanh,nesterov,0.005,0.005,0.0,32,0.0,0.9,True,,22.440575942463845,1.1436644846935051,20.992990378308455,1.4475855641553892,89.4,21.502429157537378,24.355867759050504,9.761226654052734
C0280,64x32_tanh_adam_lr0.01_wd0.005_do0_bs32_ns0,64x32,2,96,tanh,adam,0.01,0.005,0.0,32,0.0,,,,22.4577345348845,0.8705451426230153,21.40225558802955,1.0554789468549508,60.4,21.213700787277514,23.35588912475447,6.517512083053589
C0281,64x32_tanh_adam_lr0.01_wd0.005_do0_bs32_ns0.01,64x32,2,96,tanh,adam,0.01,0.005,0.0,32,0.01,,,,22.458871214663656,0.8670073674048514,21.40413503946516,1.0547361751984958,60.4,21.224609185792374,23.357711225369833,6.630933523178101
C0226,64x32_relu_adam_lr0.01_wd0.005_do0_bs32_ns0,64x32,2,96,relu,adam,0.01,0.005,0.0,32,0.0,,,,22.459410183310656,0.523631860235739,21.254950893096336,1.20445929021432,53.4,21.938205099788416,23.269259234503288,5.773276329040527
C0632,64x64x32_tanh_nesterov_lr0.005_wd0.001_do0_bs32_ns0.01_momentum0.9_nesterovTrue,64x64x32,3,160,tanh,nesterov,0.005,0.001,0.0,32,0.01,0.9,True,,22.45993922681496,1.0950269730224995,20.933757672099425,1.526181554715535,65.8,21.53683249215654,24.299879732234906,7.822016477584839
C0261,64x32_relu_adam_lr0.005_wd0.001_do0.2_bs32_ns0.05,64x32,2,96,relu,adam,0.005,0.001,0.2,32,0.05,,,,22.467387564582186,0.44494382665687526,21.65371006187428,0.8136775027079075,53.8,21.843995519980172,23.068617683226435,6.654010534286499
C0267,64x32_relu_adam_lr0.005_wd0.005_do0.1_bs32_ns0.05,64x32,2,96,relu,adam,0.005,0.005,0.1,32,0.05,,,,22.471170245110564,0.6794752113462033,21.741331439049493,0.7298388060610712,64.8,21.33765468324024,23.076716518320545,7.554960489273071
C0642,64x64x32_tanh_nesterov_lr0.005_wd0.005_do0_bs32_ns0.05_momentum0.9_nesterovTrue,64x64x32,3,160,tanh,nesterov,0.005,0.005,0.0,32,0.05,0.9,True,,22.471576209729182,1.0994856315162804,21.146240041455506,1.325336168273676,89.2,21.668958089990642,24.342741161507043,9.709774494171143
C0633,64x64x32_tanh_nesterov_lr0.005_wd0.001_do0_bs32_ns0.05_momentum0.9_nesterovTrue,64x64x32,3,160,tanh,nesterov,0.005,0.001,0.0,32,0.05,0.9,True,,22.472025626315823,1.096087069473673,20.995862723723867,1.4761629025919554,69.4,21.57426762130773,24.336036038222577,7.574071884155273
C0335,64x32_relu_nesterov_lr0.01_wd0.005_do0_bs32_ns0.01_momentum0.9_nesterovTrue,64x32,2,96,relu,nesterov,0.01,0.005,0.0,32,0.01,0.9,True,,22.474259437608612,0.765945643899986,21.377835975404018,1.0964234622045943,66.0,21.25761474379103,23.300130049452797,5.417393445968628
C0529,64x64x32_tanh_adam_lr0.005_wd0.001_do0.2_bs32_ns0,64x64x32,3,160,tanh,adam,0.005,0.001,0.2,32,0.0,,,,22.490617611920374,0.8087533654545833,21.434867790516396,1.0557498214039782,69.2,21.591808193209822,23.74252614256192,11.223010063171387
C0577,64x64x32_relu_nesterov_lr0.005_wd0.001_do0_bs32_ns0_momentum0.9_nesterovTrue,64x64x32,3,160,relu,nesterov,0.005,0.001,0.0,32,0.0,0.9,True,,22.507593425105497,1.0798973978173276,20.874829656086234,1.6327637690192631,61.0,21.794680848682372,24.41069168152029,6.768035888671875
C0227,64x32_relu_adam_lr0.01_wd0.005_do0_bs32_ns0.01,64x32,2,96,relu,adam,0.01,0.005,0.0,32,0.01,,,,22.510451888821038,0.4289051957283453,21.407800295758058,1.1026515930629799,45.8,22.064395987189624,23.104706716217397,5.325106382369995
C0282,64x32_tanh_adam_lr0.01_wd0.005_do0_bs32_ns0.05,64x32,2,96,tanh,adam,0.01,0.005,0.0,32,0.05,,,,22.522791116345367,0.8691823642197445,21.624290977023588,0.8985001393217793,48.2,21.24495777266865,23.418370518413052,5.560296058654785
C0493,64x64x32_tanh_adam_lr0.01_wd0.001_do0.2_bs32_ns0,64x64x32,3,160,tanh,adam,0.01,0.001,0.2,32,0.0,,,,22.525304559035984,0.8907206463563525,21.537604002708413,0.9877005563275709,58.0,21.366813358998336,23.814664230756108,9.357228994369507
C0483,64x64x32_relu_adam_lr0.005_wd0.005_do0.1_bs32_ns0.05,64x64x32,3,160,relu,adam,0.005,0.005,0.1,32,0.05,,,,22.526616775961383,0.26144217703523714,21.751552758491176,0.775064017470207,58.8,22.17526153269956,22.80209930808952,9.452313423156738
C0641,64x64x32_tanh_nesterov_lr0.005_wd0.005_do0_bs32_ns0.01_momentum0.9_nesterovTrue,64x64x32,3,160,tanh,nesterov,0.005,0.005,0.0,32,0.01,0.9,True,,22.541233669871346,1.0607425344155306,21.141414723425534,1.3998189464458122,83.4,21.70455465625122,24.358159936219913,9.308643817901611
C0004,64_relu_adam_lr0.01_wd0.001_do0.1_bs32_ns0,64,1,64,relu,adam,0.01,0.001,0.1,32,0.0,,,,22.557301421405235,0.7374997847754752,21.050074098068603,1.5072273233366325,50.0,21.494877574355932,23.397937598470794,4.543548822402954
C0482,64x64x32_relu_adam_lr0.005_wd0.005_do0.1_bs32_ns0.01,64x64x32,3,160,relu,adam,0.005,0.005,0.1,32,0.01,,,,22.581494794363067,0.48658771897933517,21.789368419719004,0.792126374644063,53.4,22.008958696404996,23.241187357701968,8.777690887451172
C0578,64x64x32_relu_nesterov_lr0.005_wd0.001_do0_bs32_ns0.01_momentum0.9_nesterovTrue,64x64x32,3,160,relu,nesterov,0.005,0.001,0.0,32,0.01,0.9,True,,22.583712820595505,1.0451718044815352,21.029772456786315,1.5539403638091898,59.0,21.95697683808273,24.44315796965424,6.783605098724365
C0290,64x32_tanh_adam_lr0.001_wd0.001_do0_bs32_ns0.01,64x32,2,96,tanh,adam,0.001,0.001,0.0,32,0.01,,,,22.584013972985268,0.7770196804776988,21.358509448753132,1.2255045242321359,104.2,21.645124911034117,23.64076295622,9.403001308441162
C0530,64x64x32_tanh_adam_lr0.005_wd0.001_do0.2_bs32_ns0.01,64x64x32,3,160,tanh,adam,0.005,0.001,0.2,32,0.01,,,,22.58508461426834,0.9815931830057797,21.671622115004332,0.913462499264007,55.4,21.79632764833709,24.263827705574784,9.598764419555664
C0277,64x32_tanh_adam_lr0.01_wd0.001_do0.2_bs32_ns0,64x32,2,96,tanh,adam,0.01,0.001,0.2,32,0.0,,,,22.586397417426713,1.0004428844019693,21.689696333620752,0.8967010838059615,63.8,21.137198295125778,23.914138182260984,7.3792033195495605
C0509,64x64x32_tanh_adam_lr0.001_wd0.001_do0.1_bs32_ns0.01,64x64x32,3,160,tanh,adam,0.001,0.001,0.1,32,0.01,,,,22.597139497931845,0.7786168035795779,21.26208373050377,1.3350557674280736,87.8,21.934633971606043,23.856134772478487,13.265405178070068
C0587,64x64x32_relu_nesterov_lr0.005_wd0.005_do0_bs32_ns0.01_momentum0.9_nesterovTrue,64x64x32,3,160,relu,nesterov,0.005,0.005,0.0,32,0.01,0.9,True,,22.61737050787783,1.2816871821276206,21.558492657308093,1.0588778505697363,57.4,21.55559119801623,24.84015469507163,6.475961208343506
C0279,64x32_tanh_adam_lr0.01_wd0.001_do0.2_bs32_ns0.05,64x32,2,96,tanh,adam,0.01,0.001,0.2,32,0.05,,,,22.61840065426022,0.6695675275294731,21.734174392650214,0.8842262616100065,60.0,21.69432221230544,23.519066305081537,7.279026031494141
C0586,64x64x32_relu_nesterov_lr0.005_wd0.005_do0_bs32_ns0_momentum0.9_nesterovTrue,64x64x32,3,160,relu,nesterov,0.005,0.005,0.0,32,0.0,0.9,True,,22.62066990229436,1.175968962664007,21.348088210502258,1.2725816917921016,65.6,21.427761664089648,24.592316998200097,6.975219488143921
C0536,64x64x32_tanh_adam_lr0.005_wd0.005_do0.1_bs32_ns0.01,64x64x32,3,160,tanh,adam,0.005,0.005,0.1,32,0.01,,,,22.622028834420515,0.9567005526412319,21.87416854868362,0.7478602857368948,53.2,21.37233531477121,24.01247974533128,9.013316631317139
C0495,64x64x32_tanh_adam_lr0.01_wd0.001_do0.2_bs32_ns0.05,64x64x32,3,160,tanh,adam,0.01,0.001,0.2,32,0.05,,,,22.630116958947184,0.9751836502793525,21.67582886339615,0.9542880955510356,57.6,21.135224806482142,23.861987062742614,9.429527521133423
C0316,64x32_tanh_adam_lr0.005_wd0.005_do0_bs32_ns0,64x32,2,96,tanh,adam,0.005,0.005,0.0,32,0.0,,,,22.631922940828545,0.6074536636239858,21.827354505670247,0.8045684351582985,56.4,21.86180249426892,23.436619440476107,6.200019836425781
C0317,64x32_tanh_adam_lr0.005_wd0.005_do0_bs32_ns0.01,64x32,2,96,tanh,adam,0.005,0.005,0.0,32,0.01,,,,22.645152929422,0.6121938542813044,21.849447756234404,0.7957051731875957,54.4,21.858282171999193,23.448390518839425,6.214367389678955
C0531,64x64x32_tanh_adam_lr0.005_wd0.001_do0.2_bs32_ns0.05,64x64x32,3,160,tanh,adam,0.005,0.001,0.2,32,0.05,,,,22.64946300414149,0.9697372887436785,21.80966047314378,0.8398025309977122,52.4,21.676890402920332,24.26340389481975,9.01037335395813
C0481,64x64x32_relu_adam_lr0.005_wd0.005_do0.1_bs32_ns0,64x64x32,3,160,relu,adam,0.005,0.005,0.1,32,0.0,,,,22.660229535951295,1.4950106158567351,21.744191821306515,0.91603771464478,55.2,21.525803523202022,25.265262092228955,8.947213649749756
C0380,64x32_tanh_nesterov_lr0.01_wd0.001_do0_bs32_ns0.01_momentum0.9_nesterovTrue,64x32,2,96,tanh,nesterov,0.01,0.001,0.0,32,0.01,0.9,True,,22.670622602727555,1.1995366233805573,21.514145116504302,1.1564774862232525,63.0,21.18086771517709,24.26245444032891,5.564836025238037
C0579,64x64x32_relu_nesterov_lr0.005_wd0.001_do0_bs32_ns0.05_momentum0.9_nesterovTrue,64x64x32,3,160,relu,nesterov,0.005,0.001,0.0,32,0.05,0.9,True,,22.677959562480932,1.0210029484754979,21.31042537104647,1.367534191434462,50.0,22.118125477902424,24.476902820203513,5.977088928222656
C0230,64x32_relu_adam_lr0.01_wd0.005_do0.1_bs32_ns0.01,64x32,2,96,relu,adam,0.01,0.005,0.1,32,0.01,,,,22.683505581384114,0.4796154834896222,21.93404914326668,0.7494564381174342,56.4,22.235905241766417,23.30674363151121,6.740606784820557
C0291,64x32_tanh_adam_lr0.001_wd0.001_do0_bs32_ns0.05,64x32,2,96,tanh,adam,0.001,0.001,0.0,32,0.05,,,,22.69720873947042,0.6948546728580544,21.515519680216187,1.1816890592542322,102.4,21.85472741788427,23.681640799836742,9.962755918502808
C0508,64x64x32_tanh_adam_lr0.001_wd0.001_do0.1_bs32_ns0,64x64x32,3,160,tanh,adam,0.001,0.001,0.1,32,0.0,,,,22.721674968955252,1.1544760289358325,21.609367400675332,1.1123075682799204,72.2,21.433511183175245,24.33159791984396,11.166277408599854
C0494,64x64x32_tanh_adam_lr0.01_wd0.001_do0.2_bs32_ns0.01,64x64x32,3,160,tanh,adam,0.01,0.001,0.2,32,0.01,,,,22.72653404685895,0.8370242511716056,21.721169954764882,1.0053640920940694,54.0,21.707672656613852,24.022145699662637,9.044289350509644
C0314,64x32_tanh_adam_lr0.005_wd0.001_do0.2_bs32_ns0.01,64x32,2,96,tanh,adam,0.005,0.001,0.2,32,0.01,,,,22.737340715280517,0.7615638469848396,21.88863531739102,0.8487053978894963,71.0,21.91962092689699,23.947474408186288,8.23868465423584
C0537,64x64x32_tanh_adam_lr0.005_wd0.005_do0.1_bs32_ns0.05,64x64x32,3,160,tanh,adam,0.005,0.005,0.1,32,0.05,,,,22.73911876818341,0.7902446700991836,22.053842338169293,0.6852764300141168,50.4,21.886310004622697,24.00548209244155,8.629061460494995
C0588,64x64x32_relu_nesterov_lr0.005_wd0.005_do0_bs32_ns0.05_momentum0.9_nesterovTrue,64x64x32,3,160,relu,nesterov,0.005,0.005,0.0,32,0.05,0.9,True,,22.741459260695812,1.0845732952149676,21.52989354273558,1.2115657179602337,53.6,22.02089549235165,24.609832535451638,6.1196513175964355
C0336,64x32_relu_nesterov_lr0.01_wd0.005_do0_bs32_ns0.05_momentum0.9_nesterovTrue,64x32,2,96,relu,nesterov,0.01,0.005,0.0,32,0.05,0.9,True,,22.74989475659295,0.5162823484731573,21.572071325048075,1.1778234315448763,62.6,21.953592601197773,23.263875683459066,5.196819305419922
C0535,64x64x32_tanh_adam_lr0.005_wd0.005_do0.1_bs32_ns0,64x64x32,3,160,tanh,adam,0.005,0.005,0.1,32,0.0,,,,22.750205599544095,0.7271134742286183,22.13304744963065,0.6171581499134469,41.4,21.944763086059975,23.84106011842512,7.39423131942749
C0379,64x32_tanh_nesterov_lr0.01_wd0.001_do0_bs32_ns0_momentum0.9_nesterovTrue,64x32,2,96,tanh,nesterov,0.01,0.001,0.0,32,0.0,0.9,True,,22.754653763094332,1.329142687933532,21.600271041513693,1.1543827215806388,58.8,21.171606364694675,24.270590030035645,5.118022441864014
C0510,64x64x32_tanh_adam_lr0.001_wd0.001_do0.1_bs32_ns0.05,64x64x32,3,160,tanh,adam,0.001,0.001,0.1,32,0.05,,,,22.775583239713875,0.6623331677459641,21.60740827132555,1.1681749683883247,72.8,22.06276883797531,23.862867745903387,11.379359006881714
C0500,64x64x32_tanh_adam_lr0.01_wd0.005_do0.1_bs32_ns0.01,64x64x32,3,160,tanh,adam,0.01,0.005,0.1,32,0.01,,,,22.79724105520146,0.9003561712907523,22.15194125673788,0.6452997984635793,57.0,21.538056047099634,24.033922326590716,7.988050222396851
C0278,64x32_tanh_adam_lr0.01_wd0.001_do0.2_bs32_ns0.01,64x32,2,96,tanh,adam,0.01,0.001,0.2,32,0.01,,,,22.798789883977584,0.7033186361548831,21.89255495030287,0.906234933674714,55.8,22.17437919421824,23.983410875293625,6.892497301101685
C0447,64x64x32_relu_adam_lr0.01_wd0.005_do0.1_bs32_ns0.05,64x64x32,3,160,relu,adam,0.01,0.005,0.1,32,0.05,,,,22.82116521827694,0.7878786628038028,22.11100509964627,0.7101601186306681,71.4,22.141746580626698,23.996611881828525,9.409752368927002
C0235,64x32_relu_adam_lr0.001_wd0.001_do0_bs32_ns0,64x32,2,96,relu,adam,0.001,0.001,0.0,32,0.0,,,,22.83012353176334,0.9420188254105546,21.43779432053111,1.39232921123223,73.4,21.292138425575622,23.87272233722092,6.812681674957275
C0382,64x32_tanh_nesterov_lr0.01_wd0.001_do0.1_bs32_ns0_momentum0.9_nesterovTrue,64x32,2,96,tanh,nesterov,0.01,0.001,0.1,32,0.0,0.9,True,,22.85715644754014,0.8848765316345152,21.910291590730647,0.9468648568094942,93.6,21.964714534061567,24.33647968430141,8.207149982452393
C0614,64x64x32_tanh_nesterov_lr0.001_wd0.001_do0_bs32_ns0.01_momentum0.9_nesterovTrue,64x64x32,3,160,tanh,nesterov,0.001,0.001,0.0,32,0.01,0.9,True,,22.85916659488255,0.968680336451612,21.29215970784759,1.5670068870349603,224.4,21.98868764688381,24.28144934238536,21.787894248962402
C0231,64x32_relu_adam_lr0.01_wd0.005_do0.1_bs32_ns0.05,64x32,2,96,relu,adam,0.01,0.005,0.1,32,0.05,,,,22.859454308973017,0.908299267901403,22.101255146824855,0.7581991621481627,49.8,21.8435450509033,24.16871141490808,6.144160509109497
C0499,64x64x32_tanh_adam_lr0.01_wd0.005_do0.1_bs32_ns0,64x64x32,3,160,tanh,adam,0.01,0.005,0.1,32,0.0,,,,22.883448487911902,1.115028507245796,22.311666320236572,0.5717821676753303,54.4,21.519450648320348,24.577367528968388,7.520892143249512
C0415,64x32_tanh_nesterov_lr0.005_wd0.001_do0_bs32_ns0_momentum0.9_nesterovTrue,64x32,2,96,tanh,nesterov,0.005,0.001,0.0,32,0.0,0.9,True,,22.88720290011487,0.9321514293014825,21.80576439927582,1.0814385008390488,94.6,22.129140427372345,23.992004796467068,7.418203830718994
C0001,64_relu_adam_lr0.01_wd0.001_do0_bs32_ns0,64,1,64,relu,adam,0.01,0.001,0.0,32,0.0,,,,22.89136195017834,1.0603678694910812,21.243130980908738,1.6482309692696013,53.4,21.605470248148322,24.057479222224565,5.266587734222412
C0456,64x64x32_relu_adam_lr0.001_wd0.001_do0.1_bs32_ns0.05,64x64x32,3,160,relu,adam,0.001,0.001,0.1,32,0.05,,,,22.89547580886161,1.2157177617283381,21.887307979727787,1.008167829133825,73.8,21.748721873414425,24.87588204047494,11.817821264266968
C0315,64x32_tanh_adam_lr0.005_wd0.001_do0.2_bs32_ns0.05,64x32,2,96,tanh,adam,0.005,0.001,0.2,32,0.05,,,,22.895964776861298,0.5449284101583256,21.989098562752623,0.9068662141086747,65.6,22.532580121355842,23.84961595146236,7.705022811889648
C0229,64x32_relu_adam_lr0.01_wd0.005_do0.1_bs32_ns0,64x32,2,96,relu,adam,0.01,0.005,0.1,32,0.0,,,,22.900570197506187,0.9104202172379187,22.050662061191975,0.8499081363142125,56.4,22.15668322490355,24.394935962422796,6.549998044967651
C0003,64_relu_adam_lr0.01_wd0.001_do0_bs32_ns0.05,64,1,64,relu,adam,0.01,0.001,0.0,32,0.05,,,,22.900818112727393,0.856555715852209,21.255645663935105,1.6451724487922874,45.0,21.635216250774302,23.853342219580345,4.182634115219116
C0389,64x32_tanh_nesterov_lr0.01_wd0.005_do0_bs32_ns0.01_momentum0.9_nesterovTrue,64x32,2,96,tanh,nesterov,0.01,0.005,0.0,32,0.01,0.9,True,,22.929922845686757,1.3550061600324637,22.091286150909177,0.8386366947775805,65.4,21.468128352179413,24.51581036629699,5.7092061042785645
C0388,64x32_tanh_nesterov_lr0.01_wd0.005_do0_bs32_ns0_momentum0.9_nesterovTrue,64x32,2,96,tanh,nesterov,0.01,0.005,0.0,32,0.0,0.9,True,,22.930586753884665,1.3591750681421153,22.088051751403853,0.8425350024808118,65.4,21.462222094180227,24.52367590406191,5.54255485534668
C0328,64x32_relu_nesterov_lr0.01_wd0.001_do0.1_bs32_ns0_momentum0.9_nesterovTrue,64x32,2,96,relu,nesterov,0.01,0.001,0.1,32,0.0,0.9,True,,22.937427308017554,0.9543399391237419,21.868847289061023,1.0685800189565313,73.6,21.952794387125564,24.515797711229048,5.9885642528533936
C0008,64_relu_adam_lr0.01_wd0.001_do0.2_bs32_ns0.01,64,1,64,relu,adam,0.01,0.001,0.2,32,0.01,,,,22.94307266128198,0.9796906377341674,21.543246907270966,1.3998257540110153,47.4,21.76028714327854,24.03713935791813,4.498918533325195
C0009,64_relu_adam_lr0.01_wd0.001_do0.2_bs32_ns0.05,64,1,64,relu,adam,0.01,0.001,0.2,32,0.05,,,,22.947076336157686,0.5282120221981362,21.771175693932065,1.1759006422256206,48.4,22.329892072688573,23.752412544492756,4.569353342056274
C0545,64x64x32_relu_nesterov_lr0.01_wd0.001_do0.1_bs32_ns0.01_momentum0.9_nesterovTrue,64x64x32,3,160,relu,nesterov,0.01,0.001,0.1,32,0.01,0.9,True,,22.955797605538468,1.5439475959375042,22.03443762982288,0.921359975715589,70.6,21.68756071186475,25.53597354879966,8.653739929199219
C0005,64_relu_adam_lr0.01_wd0.001_do0.1_bs32_ns0.01,64,1,64,relu,adam,0.01,0.001,0.1,32,0.01,,,,22.965846516565676,0.664548964219063,21.54312583627783,1.4227206802878456,43.8,22.155504239390815,23.73059130898958,4.31191349029541
C0245,64x32_relu_adam_lr0.001_wd0.005_do0_bs32_ns0.01,64x32,2,96,relu,adam,0.001,0.005,0.0,32,0.01,,,,22.974232685379384,0.3025907540078675,21.95397121842757,1.0202614669518155,77.8,22.610386878950248,23.394772412417588,8.096256494522095
C0236,64x32_relu_adam_lr0.001_wd0.001_do0_bs32_ns0.01,64x32,2,96,relu,adam,0.001,0.001,0.0,32,0.01,,,,22.975439952577855,1.0467827176680409,21.576798436710625,1.3986415158672294,74.0,21.65135505821432,24.051329793375878,7.152526617050171
C0477,64x64x32_relu_adam_lr0.005_wd0.001_do0.2_bs32_ns0.05,64x64x32,3,160,relu,adam,0.005,0.001,0.2,32,0.05,,,,22.975949781226483,1.1789106496920414,22.04338784324915,0.9325619379773329,54.0,21.729213785704996,24.819081883470556,8.917603969573975
C0598,64x64x32_tanh_nesterov_lr0.01_wd0.001_do0.1_bs32_ns0_momentum0.9_nesterovTrue,64x64x32,3,160,tanh,nesterov,0.01,0.001,0.1,32,0.0,0.9,True,,22.98046946430759,0.5425362166227887,22.16453204700008,0.8159374173075093,57.2,22.46596181990817,23.661361171130203,7.341593265533447
C0623,64x64x32_tanh_nesterov_lr0.001_wd0.005_do0_bs32_ns0.01_momentum0.9_nesterovTrue,64x64x32,3,160,tanh,nesterov,0.001,0.005,0.0,32,0.01,0.9,True,,22.987413523182074,0.9487897729349813,21.662166300293404,1.3252472228886703,224.4,22.170549949916154,24.437726938561216,22.044231176376343
C0390,64x32_tanh_nesterov_lr0.01_wd0.005_do0_bs32_ns0.05_momentum0.9_nesterovTrue,64x32,2,96,tanh,nesterov,0.01,0.005,0.0,32,0.05,0.9,True,,22.99230301457616,1.269616812205113,22.190701701714854,0.8016013128613046,62.4,21.535330480066676,24.49228483425683,5.541154146194458
C0445,64x64x32_relu_adam_lr0.01_wd0.005_do0.1_bs32_ns0,64x64x32,3,160,relu,adam,0.01,0.005,0.1,32,0.0,,,,23.004914397883603,0.9174374766658401,22.172412073146486,0.832502324737117,57.2,22.17796834670159,24.55813477874498,7.881957530975342
C0362,64x32_relu_nesterov_lr0.005_wd0.001_do0_bs32_ns0.01_momentum0.9_nesterovTrue,64x32,2,96,relu,nesterov,0.005,0.001,0.0,32,0.01,0.9,True,,23.008664832494112,0.6468064460557668,21.852321894359335,1.1563429381347774,63.0,21.94279435864632,23.547001848299207,5.508811950683594
C0416,64x32_tanh_nesterov_lr0.005_wd0.001_do0_bs32_ns0.01_momentum0.9_nesterovTrue,64x32,2,96,tanh,nesterov,0.005,0.001,0.0,32,0.01,0.9,True,,23.00933429569569,0.8494430229360652,21.98416480000783,1.0251694956878623,88.6,22.135614730555158,23.98622524607352,8.05699872970581
C0607,64x64x32_tanh_nesterov_lr0.01_wd0.005_do0.1_bs32_ns0_momentum0.9_nesterovTrue,64x64x32,3,160,tanh,nesterov,0.01,0.005,0.1,32,0.0,0.9,True,,23.014767503323885,0.6990919119017738,22.15608712879675,0.8586803745271361,77.6,22.157891390947697,23.96671304948495,9.29828929901123
C0501,64x64x32_tanh_adam_lr0.01_wd0.005_do0.1_bs32_ns0.05,64x64x32,3,160,tanh,adam,0.01,0.005,0.1,32,0.05,,,,23.022256719709624,0.723936150633015,22.393800557689996,0.6284561620196278,57.2,22.146684227857765,24.055162076224587,8.80015754699707
C0417,64x32_tanh_nesterov_lr0.005_wd0.001_do0_bs32_ns0.05_momentum0.9_nesterovTrue,64x32,2,96,tanh,nesterov,0.005,0.001,0.0,32,0.05,0.9,True,,23.022990471093244,0.8369907747237624,21.91397894198669,1.109011529106553,94.8,22.18730845998714,23.96294370919166,6.936696290969849
C0010,64_relu_adam_lr0.01_wd0.005_do0_bs32_ns0,64,1,64,relu,adam,0.01,0.005,0.0,32,0.0,,,,23.0261120987197,0.9494674122382596,21.908410057031567,1.1177020416881334,53.2,21.87680644869844,24.118166207107876,4.476670980453491
C0613,64x64x32_tanh_nesterov_lr0.001_wd0.001_do0_bs32_ns0_momentum0.9_nesterovTrue,64x64x32,3,160,tanh,nesterov,0.001,0.001,0.0,32,0.0,0.9,True,,23.028220225392598,1.16956364832846,21.484066087657013,1.5441541377355854,208.8,21.99460222238733,24.89953628198829,19.616043090820312
C0011,64_relu_adam_lr0.01_wd0.005_do0_bs32_ns0.01,64,1,64,relu,adam,0.01,0.005,0.0,32,0.01,,,,23.028965138950905,0.8211673052863648,21.729575152353856,1.299389986597049,56.2,21.971041256991857,23.835808443921913,4.785566091537476
C0237,64x32_relu_adam_lr0.001_wd0.001_do0_bs32_ns0.05,64x32,2,96,relu,adam,0.001,0.001,0.0,32,0.05,,,,23.029731597972066,1.2325159839130084,21.850581454301068,1.1791501436709986,70.6,21.268485068569472,24.137390191595024,7.269864320755005
C0233,64x32_relu_adam_lr0.01_wd0.005_do0.2_bs32_ns0.01,64x32,2,96,relu,adam,0.01,0.005,0.2,32,0.01,,,,23.047710490746947,0.6177988002545644,22.49080865123541,0.5569018395115357,68.6,22.47431460202163,23.980312789260367,7.668863534927368
C0518,64x64x32_tanh_adam_lr0.001_wd0.005_do0.1_bs32_ns0.01,64x64x32,3,160,tanh,adam,0.001,0.005,0.1,32,0.01,,,,23.04810405943605,0.8149615919747151,22.07525441844765,0.9728496409884002,76.4,22.117723604194147,24.235266595896057,12.180753231048584
C0268,64x32_relu_adam_lr0.005_wd0.005_do0.2_bs32_ns0,64x32,2,96,relu,adam,0.005,0.005,0.2,32,0.0,,,,23.052927964395753,1.0504765269652503,22.455676193179045,0.5972517712167082,46.8,21.727327981441608,24.53500048782496,5.840180158615112
C0476,64x64x32_relu_adam_lr0.005_wd0.001_do0.2_bs32_ns0.01,64x64x32,3,160,relu,adam,0.005,0.001,0.2,32,0.01,,,,23.059089440443685,1.2860885831546909,21.943294916665426,1.1157945237782592,57.8,21.868253330088795,25.21617148487518,9.346296548843384
C0284,64x32_tanh_adam_lr0.01_wd0.005_do0.1_bs32_ns0.01,64x32,2,96,tanh,adam,0.01,0.005,0.1,32,0.01,,,,23.05941376226138,0.6923576044021046,22.544466518714778,0.5149472435466009,52.8,22.164430995924242,24.09372794056633,5.946198225021362
C0269,64x32_relu_adam_lr0.005_wd0.005_do0.2_bs32_ns0.01,64x32,2,96,relu,adam,0.005,0.005,0.2,32,0.01,,,,23.07001682036605,0.6321694934025633,22.342751145809522,0.7272656745565271,51.4,22.2840771615607,23.65861648329896,6.339550971984863
C0283,64x32_tanh_adam_lr0.01_wd0.005_do0.1_bs32_ns0,64x32,2,96,tanh,adam,0.01,0.005,0.1,32,0.0,,,,23.07994852311292,0.9020229336460971,22.640742190580355,0.4392063325325637,46.8,21.90109188682488,24.40771897435984,5.684935092926025
C0363,64x32_relu_nesterov_lr0.005_wd0.001_do0_bs32_ns0.05_momentum0.9_nesterovTrue,64x32,2,96,relu,nesterov,0.005,0.001,0.0,32,0.05,0.9,True,,23.087053960686216,0.7019172248707507,22.060271442037056,1.02678251864916,57.0,22.0088564929547,23.631027282716477,5.119532823562622
C0338,64x32_relu_nesterov_lr0.01_wd0.005_do0.1_bs32_ns0.01_momentum0.9_nesterovTrue,64x32,2,96,relu,nesterov,0.01,0.005,0.1,32,0.01,0.9,True,,23.096582674855018,0.7441387083352798,22.572932559949823,0.5236501149051946,63.8,22.11070201288739,23.863717507240203,6.091542720794678
C0622,64x64x32_tanh_nesterov_lr0.001_wd0.005_do0_bs32_ns0_momentum0.9_nesterovTrue,64x64x32,3,160,tanh,nesterov,0.001,0.005,0.0,32,0.0,0.9,True,,23.09672844618425,1.1635607882023566,21.802602527240545,1.2941259189437062,212.2,22.17296567342595,24.982891968229687,20.18777108192444
C0002,64_relu_adam_lr0.01_wd0.001_do0_bs32_ns0.01,64,1,64,relu,adam,0.01,0.001,0.0,32,0.01,,,,23.10428475616822,1.057588996021155,21.4787258548592,1.6255589013090201,43.6,21.67949098659411,24.27990144161366,4.114079236984253
C0038,64_relu_adam_lr0.005_wd0.001_do0_bs32_ns0.01,64,1,64,relu,adam,0.005,0.001,0.0,32,0.01,,,,23.107090650969116,0.26119838380055826,21.962609683099384,1.1444809678697325,43.6,22.768913101004376,23.470047588224123,4.068868160247803
C0040,64_relu_adam_lr0.005_wd0.001_do0.1_bs32_ns0,64,1,64,relu,adam,0.005,0.001,0.1,32,0.0,,,,23.10760417213073,0.952826479737757,21.647505649618275,1.4600985225124568,55.0,22.2021972962038,24.52919105856723,4.960536241531372
C0244,64x32_relu_adam_lr0.001_wd0.005_do0_bs32_ns0,64x32,2,96,relu,adam,0.001,0.005,0.0,32,0.0,,,,23.113292788450252,0.5717231061245706,22.25007208234396,0.8632207061062935,60.4,22.227201968550492,23.741204728226553,6.429746627807617
C0232,64x32_relu_adam_lr0.01_wd0.005_do0.2_bs32_ns0,64x32,2,96,relu,adam,0.01,0.005,0.2,32,0.0,,,,23.120756281205736,0.643551767966614,22.61555160419318,0.5052046770125571,50.0,22.113734957343546,23.735389435468843,5.992797374725342
C0561,64x64x32_relu_nesterov_lr0.001_wd0.001_do0_bs32_ns0.05_momentum0.9_nesterovTrue,64x64x32,3,160,relu,nesterov,0.001,0.001,0.0,32,0.05,0.9,True,,23.122145619137324,0.9094177751368909,22.194133801634138,0.9280118175031866,102.2,22.367612410275648,24.513797591536456,10.225455522537231
C0544,64x64x32_relu_nesterov_lr0.01_wd0.001_do0.1_bs32_ns0_momentum0.9_nesterovTrue,64x64x32,3,160,relu,nesterov,0.01,0.001,0.1,32,0.0,0.9,True,,23.12310254681329,0.49561291541910546,22.565076413567354,0.5580261332459351,48.8,22.283844871010277,23.599139974733372,6.419318199157715
C0570,64x64x32_relu_nesterov_lr0.001_wd0.005_do0_bs32_ns0.05_momentum0.9_nesterovTrue,64x64x32,3,160,relu,nesterov,0.001,0.005,0.0,32,0.05,0.9,True,,23.12534705722595,1.0157629266061419,22.307336371014486,0.8180106862114656,109.4,22.15094553159283,24.834591636798997,11.02638554573059
C0013,64_relu_adam_lr0.01_wd0.005_do0.1_bs32_ns0,64,1,64,relu,adam,0.01,0.005,0.1,32,0.0,,,,23.127087392178197,0.7115683092387245,22.161658745718626,0.9654286464595714,48.6,22.064374891654193,23.888524449840624,4.491385221481323
C0484,64x64x32_relu_adam_lr0.005_wd0.005_do0.2_bs32_ns0,64x64x32,3,160,relu,adam,0.005,0.005,0.2,32,0.0,,,,23.142893007750754,1.083717330013453,22.314885457074997,0.8280075506757569,63.2,22.508483316320405,25.066897483456472,9.822522163391113
C0313,64x32_tanh_adam_lr0.005_wd0.001_do0.2_bs32_ns0,64x32,2,96,tanh,adam,0.005,0.001,0.2,32,0.0,,,,23.145650390878224,0.5898787552328925,22.493709850626725,0.6519405402514984,53.8,22.326042293542365,23.763499850430037,6.6029746532440186
C0560,64x64x32_relu_nesterov_lr0.001_wd0.001_do0_bs32_ns0.01_momentum0.9_nesterovTrue,64x64x32,3,160,relu,nesterov,0.001,0.001,0.0,32,0.01,0.9,True,,23.157118022227102,0.9182447478959909,22.18799714859132,0.9691208736357808,104.6,22.59527557927746,24.784782672579645,10.47328782081604
C0319,64x32_tanh_adam_lr0.005_wd0.005_do0.1_bs32_ns0,64x32,2,96,tanh,adam,0.005,0.005,0.1,32,0.0,,,,23.171688849488383,0.9260026941057342,22.59164438402805,0.5800444654603325,51.0,21.92826238061044,24.229910498747575,6.344040870666504
C0519,64x64x32_tanh_adam_lr0.001_wd0.005_do0.1_bs32_ns0.05,64x64x32,3,160,tanh,adam,0.001,0.005,0.1,32,0.05,,,,23.172264415067527,0.6839213643267587,22.274411747602972,0.897852667464555,72.4,22.519981876935123,24.257932560711964,11.496984958648682
C0330,64x32_relu_nesterov_lr0.01_wd0.001_do0.1_bs32_ns0.05_momentum0.9_nesterovTrue,64x32,2,96,relu,nesterov,0.01,0.001,0.1,32,0.05,0.9,True,,23.17501996070097,0.4580490568440053,22.442589164812567,0.7324307958884013,53.2,22.523732812949397,23.707780037739163,5.08463978767395
C0270,64x32_relu_adam_lr0.005_wd0.005_do0.2_bs32_ns0.05,64x32,2,96,relu,adam,0.005,0.005,0.2,32,0.05,,,,23.176172255224156,1.134221198329115,22.539336699561716,0.6368355556624401,56.2,21.824245831548456,24.92714796898785,6.750756502151489
C0517,64x64x32_tanh_adam_lr0.001_wd0.005_do0.1_bs32_ns0,64x64x32,3,160,tanh,adam,0.001,0.005,0.1,32,0.0,,,,23.179635105161687,0.7281018763027719,22.32795339191433,0.8516817132473555,60.0,22.538869143308254,24.249438746044053,9.680723667144775
C0285,64x32_tanh_adam_lr0.01_wd0.005_do0.1_bs32_ns0.05,64x32,2,96,tanh,adam,0.01,0.005,0.1,32,0.05,,,,23.182344255653472,0.722515264552046,22.788032211895928,0.3943120437575445,47.8,22.158069380431655,24.13471396922119,5.777127981185913
C0559,64x64x32_relu_nesterov_lr0.001_wd0.001_do0_bs32_ns0_momentum0.9_nesterovTrue,64x64x32,3,160,relu,nesterov,0.001,0.001,0.0,32,0.0,0.9,True,,23.184079230810198,1.163427707566823,22.150421458826482,1.033657771983716,113.0,22.57158593577152,25.259403239901182,10.856504917144775
C0246,64x32_relu_adam_lr0.001_wd0.005_do0_bs32_ns0.05,64x32,2,96,relu,adam,0.001,0.005,0.0,32,0.05,,,,23.191020955757267,0.598731151831126,22.31134267714508,0.879678278612186,57.8,22.27922482101904,23.77578320018453,6.498730659484863
C0615,64x64x32_tanh_nesterov_lr0.001_wd0.001_do0_bs32_ns0.05_momentum0.9_nesterovTrue,64x64x32,3,160,tanh,nesterov,0.001,0.001,0.0,32,0.05,0.9,True,,23.19530358100934,0.7595231221285585,21.75322311569813,1.4420804653112107,186.2,22.190793909463185,24.280422559390757,18.147736310958862
C0465,64x64x32_relu_adam_lr0.001_wd0.005_do0.1_bs32_ns0.05,64x64x32,3,160,relu,adam,0.001,0.005,0.1,32,0.05,,,,23.199000565977993,1.3362352751292044,22.61466108457268,0.584339481405312,65.0,22.079717303950634,25.49417813818618,10.271603107452393
C0361,64x32_relu_nesterov_lr0.005_wd0.001_do0_bs32_ns0_momentum0.9_nesterovTrue,64x32,2,96,relu,nesterov,0.005,0.001,0.0,32,0.0,0.9,True,,23.19976897859963,0.7138515032334923,22.125396337101925,1.0743726414977033,50.8,21.928736603135977,23.617244601300023,4.544949054718018
C0454,64x64x32_relu_adam_lr0.001_wd0.001_do0.1_bs32_ns0,64x64x32,3,160,relu,adam,0.001,0.001,0.1,32,0.0,,,,23.203281094721824,1.760421418779315,22.228376338567266,0.9749047561545581,70.8,21.8230682239687,26.269562304234817,11.184521913528442
C0037,64_relu_adam_lr0.005_wd0.001_do0_bs32_ns0,64,1,64,relu,adam,0.005,0.001,0.0,32,0.0,,,,23.21884349004616,0.7323928923095766,21.73624281482301,1.48260067522315,47.4,22.262649672116748,24.257180467678463,4.185098648071289
C0017,64_relu_adam_lr0.01_wd0.005_do0.2_bs32_ns0.01,64,1,64,relu,adam,0.01,0.005,0.2,32,0.01,,,,23.218863889386363,0.8995109331373062,22.378291641355798,0.8405722480305649,47.6,22.333790342391005,24.383390293347926,4.545388698577881
C0446,64x64x32_relu_adam_lr0.01_wd0.005_do0.1_bs32_ns0.01,64x64x32,3,160,relu,adam,0.01,0.005,0.1,32,0.01,,,,23.222254808205165,0.8669223233189511,22.527786422937595,0.6944683852675695,37.6,22.507906040764293,24.62115025627333,5.9297685623168945
C0624,64x64x32_tanh_nesterov_lr0.001_wd0.005_do0_bs32_ns0.05_momentum0.9_nesterovTrue,64x64x32,3,160,tanh,nesterov,0.001,0.005,0.0,32,0.05,0.9,True,,23.22722877703132,0.775224043361185,21.98391902107191,1.2433097559594124,192.4,22.37111261029322,24.439505092310817,16.750107288360596
C0455,64x64x32_relu_adam_lr0.001_wd0.001_do0.1_bs32_ns0.01,64x64x32,3,160,relu,adam,0.001,0.001,0.1,32,0.01,,,,23.23098292728555,1.2589559452115346,22.23480235892262,0.9961805683629272,68.2,21.805157452412438,24.889940139030507,10.879510164260864
C0372,64x32_relu_nesterov_lr0.005_wd0.005_do0_bs32_ns0.05_momentum0.9_nesterovTrue,64x32,2,96,relu,nesterov,0.005,0.005,0.0,32,0.05,0.9,True,,23.232130376409753,0.8734849051182458,22.32091028042941,0.9112200959803438,59.8,21.8303717984678,24.171985190152764,5.253584623336792
C0012,64_relu_adam_lr0.01_wd0.005_do0_bs32_ns0.05,64,1,64,relu,adam,0.01,0.005,0.0,32,0.05,,,,23.233493258240518,0.8739953135251385,22.164745328051243,1.068747930189275,46.0,21.970395881485647,24.205308647666648,4.170300722122192
C0581,64x64x32_relu_nesterov_lr0.005_wd0.001_do0.1_bs32_ns0.01_momentum0.9_nesterovTrue,64x64x32,3,160,relu,nesterov,0.005,0.001,0.1,32,0.01,0.9,True,,23.247049272754385,1.3507977952513854,22.579684519789616,0.6673647529647688,87.8,22.18934326285403,25.533515851460294,10.256892681121826
C0568,64x64x32_relu_nesterov_lr0.001_wd0.005_do0_bs32_ns0_momentum0.9_nesterovTrue,64x64x32,3,160,relu,nesterov,0.001,0.005,0.0,32,0.0,0.9,True,,23.25387715136938,0.903938580470283,22.326913820373157,0.9269633309962231,107.6,22.660031092914117,24.846275647076347,10.36324405670166
C0371,64x32_relu_nesterov_lr0.005_wd0.005_do0_bs32_ns0.01_momentum0.9_nesterovTrue,64x32,2,96,relu,nesterov,0.005,0.005,0.0,32,0.01,0.9,True,,23.254094536676018,0.6637914554843385,22.40558632164425,0.8485082150317673,47.6,22.100727288527384,23.762579030443277,4.469406604766846
C0299,64x32_tanh_adam_lr0.001_wd0.005_do0_bs32_ns0.01,64x32,2,96,tanh,adam,0.001,0.005,0.0,32,0.01,,,,23.27430063105092,0.6539145331040646,22.333001998028628,0.9412986330222921,90.4,22.4335702157909,24.047720246910774,8.94069790840149
C0298,64x32_tanh_adam_lr0.001_wd0.005_do0_bs32_ns0,64x32,2,96,tanh,adam,0.001,0.005,0.0,32,0.0,,,,23.274403193967654,0.6556884200512713,22.33042474059303,0.9439784533746227,90.4,22.428554347150246,24.045275780021367,8.621737957000732
C0426,64x32_tanh_nesterov_lr0.005_wd0.005_do0_bs32_ns0.05_momentum0.9_nesterovTrue,64x32,2,96,tanh,nesterov,0.005,0.005,0.0,32,0.05,0.9,True,,23.30764767666802,0.7464751903802216,22.35816308757163,0.9494845890963894,92.2,22.45911520927214,24.163256687719144,7.116530418395996
C0329,64x32_relu_nesterov_lr0.01_wd0.001_do0.1_bs32_ns0.01_momentum0.9_nesterovTrue,64x32,2,96,relu,nesterov,0.01,0.001,0.1,32,0.01,0.9,True,,23.313530187886634,0.6358697082178156,22.699823853972408,0.6137063339142266,43.8,22.44997354595885,23.93561530817499,4.327945947647095
C0370,64x32_relu_nesterov_lr0.005_wd0.005_do0_bs32_ns0_momentum0.9_nesterovTrue,64x32,2,96,relu,nesterov,0.005,0.005,0.0,32,0.0,0.9,True,,23.314483294853027,0.7287876859829704,22.413972112143068,0.900511182709959,48.6,22.104894778813,24.053484527841967,4.400402307510376
C0049,64_relu_adam_lr0.005_wd0.005_do0.1_bs32_ns0,64,1,64,relu,adam,0.005,0.005,0.1,32,0.0,,,,23.318298818845044,0.6913856017235858,22.278691057865725,1.0396077609793188,48.4,22.546358338603557,24.25187622885117,4.57305383682251
C0554,64x64x32_relu_nesterov_lr0.01_wd0.005_do0.1_bs32_ns0.01_momentum0.9_nesterovTrue,64x64x32,3,160,relu,nesterov,0.01,0.005,0.1,32,0.01,0.9,True,,23.32631119547478,1.205693519905335,22.746144251697284,0.5801669437774954,64.6,22.168006916728512,25.326046718498908,8.053207159042358
C0569,64x64x32_relu_nesterov_lr0.001_wd0.005_do0_bs32_ns0.01_momentum0.9_nesterovTrue,64x64x32,3,160,relu,nesterov,0.001,0.005,0.0,32,0.01,0.9,True,,23.328443130468827,1.103877353932512,22.548819042637458,0.7796240878313689,102.4,22.67019266940182,25.28034412674361,10.234835386276245
C0339,64x32_relu_nesterov_lr0.01_wd0.005_do0.1_bs32_ns0.05_momentum0.9_nesterovTrue,64x32,2,96,relu,nesterov,0.01,0.005,0.1,32,0.05,0.9,True,,23.332984074542463,0.5047440842132367,22.71389316177619,0.6190909127662714,57.8,22.589964929356793,24.00811423036137,5.508532762527466
C0608,64x64x32_tanh_nesterov_lr0.01_wd0.005_do0.1_bs32_ns0.01_momentum0.9_nesterovTrue,64x64x32,3,160,tanh,nesterov,0.01,0.005,0.1,32,0.01,0.9,True,,23.358741694436937,0.6393900885638456,22.53269649015051,0.8260452042864266,69.6,22.338107851398668,24.013811136724918,8.717409610748291
C0042,64_relu_adam_lr0.005_wd0.001_do0.1_bs32_ns0.05,64,1,64,relu,adam,0.005,0.001,0.1,32,0.05,,,,23.363292071905978,0.8417081883764431,22.47996656574606,0.8833255061599168,33.2,22.241840279948224,24.49254138153718,3.6354904174804688
C0599,64x64x32_tanh_nesterov_lr0.01_wd0.001_do0.1_bs32_ns0.01_momentum0.9_nesterovTrue,64x64x32,3,160,tanh,nesterov,0.01,0.001,0.1,32,0.01,0.9,True,,23.364633274441736,0.47707520072453885,22.511517854412595,0.8531154200291411,53.6,22.73066945170023,23.722645240054014,7.163423776626587
C0425,64x32_tanh_nesterov_lr0.005_wd0.005_do0_bs32_ns0.01_momentum0.9_nesterovTrue,64x32,2,96,tanh,nesterov,0.005,0.005,0.0,32,0.01,0.9,True,,23.366316414894726,0.8297399672242481,22.37556626405623,0.9907501508384975,89.0,22.407422743544434,24.18320386810948,6.553289413452148
C0321,64x32_tanh_adam_lr0.005_wd0.005_do0.1_bs32_ns0.05,64x32,2,96,tanh,adam,0.005,0.005,0.1,32,0.05,,,,23.37358401638332,0.5611928010061078,22.870265847501294,0.503318168882025,39.0,23.037014953979234,24.36678549558696,5.360971927642822
C0634,64x64x32_tanh_nesterov_lr0.005_wd0.001_do0.1_bs32_ns0_momentum0.9_nesterovTrue,64x64x32,3,160,tanh,nesterov,0.005,0.001,0.1,32,0.0,0.9,True,,23.37699870177925,0.43643055850285867,22.478365056537182,0.898633645242068,87.6,22.911744995897237,23.848429673363604,9.352225542068481
C0055,64_tanh_adam_lr0.01_wd0.001_do0_bs32_ns0,64,1,64,tanh,adam,0.01,0.001,0.0,32,0.0,,,,23.380855180764947,0.44244856428365187,22.461072468385453,0.9197827123794937,49.0,23.013516826470862,24.071560188732654,4.3638596534729
C0044,64_relu_adam_lr0.005_wd0.001_do0.2_bs32_ns0.01,64,1,64,relu,adam,0.005,0.001,0.2,32,0.01,,,,23.38495110415252,0.9189759397230962,22.129353787337358,1.2555973168151624,45.0,22.448805848429142,24.856874234496058,4.449247360229492
C0014,64_relu_adam_lr0.01_wd0.005_do0.1_bs32_ns0.01,64,1,64,relu,adam,0.01,0.005,0.1,32,0.01,,,,23.387361032011043,0.8659781327395565,22.344155359800578,1.0432056722104655,40.4,22.15736647109663,24.52532720955086,4.052339553833008
C0300,64x32_tanh_adam_lr0.001_wd0.005_do0_bs32_ns0.05,64x32,2,96,tanh,adam,0.001,0.005,0.0,32,0.05,,,,23.389283808223627,0.5446225263054663,22.45410589787813,0.935177910345498,86.8,22.746537351016187,24.08628378825034,9.77246618270874
C0018,64_relu_adam_lr0.01_wd0.005_do0.2_bs32_ns0.05,64,1,64,relu,adam,0.01,0.005,0.2,32,0.05,,,,23.39243464829142,0.7878513341745842,22.420098059401806,0.9723365888896147,43.0,22.38783073447639,24.382221958775258,4.221581697463989
C0048,64_relu_adam_lr0.005_wd0.005_do0_bs32_ns0.05,64,1,64,relu,adam,0.005,0.005,0.0,32,0.05,,,,23.396863056124506,0.9958729988297571,22.485025236517554,0.9118378196069514,49.0,22.10436095497868,24.54015340383054,4.452252388000488
C0041,64_relu_adam_lr0.005_wd0.001_do0.1_bs32_ns0.01,64,1,64,relu,adam,0.005,0.001,0.1,32,0.01,,,,23.397080202265705,0.8270831451248483,22.38653410482609,1.0105460974396152,34.8,22.336729202590178,24.510567200094,3.723525047302246
C0007,64_relu_adam_lr0.01_wd0.001_do0.2_bs32_ns0,64,1,64,relu,adam,0.01,0.001,0.2,32,0.0,,,,23.399046608737542,1.0585444806766993,22.058894328080108,1.3401522806574349,36.2,21.85674011831998,24.68488616506112,3.6455259323120117
C0485,64x64x32_relu_adam_lr0.005_wd0.005_do0.2_bs32_ns0.01,64x64x32,3,160,relu,adam,0.005,0.005,0.2,32,0.01,,,,23.402842597696132,1.1089419535460057,22.880473752976986,0.5223688447191464,42.6,22.749796251461927,25.365879731158355,7.512577295303345
C0234,64x32_relu_adam_lr0.01_wd0.005_do0.2_bs32_ns0.05,64x32,2,96,relu,adam,0.01,0.005,0.2,32,0.05,,,,23.40883340565515,0.7844104595051479,23.025625568056693,0.38320783759845867,30.6,22.627000109863204,24.64235992431976,3.949496269226074
C0600,64x64x32_tanh_nesterov_lr0.01_wd0.001_do0.1_bs32_ns0.05_momentum0.9_nesterovTrue,64x64x32,3,160,tanh,nesterov,0.01,0.001,0.1,32,0.05,0.9,True,,23.410884582481913,0.48776694815591337,22.540675299079986,0.8702092834019268,57.2,22.791260033434913,23.77918393627268,7.493370056152344
C0006,64_relu_adam_lr0.01_wd0.001_do0.1_bs32_ns0.05,64,1,64,relu,adam,0.01,0.001,0.1,32,0.05,,,,23.424497475259344,0.645891811296429,22.184678482008135,1.239818993251209,34.2,22.66256690632816,24.09338524122913,3.608999490737915
C0337,64x32_relu_nesterov_lr0.01_wd0.005_do0.1_bs32_ns0_momentum0.9_nesterovTrue,64x32,2,96,relu,nesterov,0.01,0.005,0.1,32,0.0,0.9,True,,23.427636732856882,0.7395876495622692,22.798635588598238,0.6290011442586447,54.0,22.650147204633523,24.45849121326778,5.166363477706909
C0320,64x32_tanh_adam_lr0.005_wd0.005_do0.1_bs32_ns0.01,64x32,2,96,tanh,adam,0.005,0.005,0.1,32,0.01,,,,23.42817924757179,0.5407484737596153,22.797070253865506,0.6311089937062846,36.6,23.012229184228683,24.361964180027886,5.145288944244385
C0539,64x64x32_tanh_adam_lr0.005_wd0.005_do0.2_bs32_ns0.01,64x64x32,3,160,tanh,adam,0.005,0.005,0.2,32,0.01,,,,23.433362663922093,0.7529992636821231,22.82892170418346,0.604440959738632,60.8,22.567495077747832,24.64377678216431,9.896973848342896
C0015,64_relu_adam_lr0.01_wd0.005_do0.1_bs32_ns0.05,64,1,64,relu,adam,0.01,0.005,0.1,32,0.05,,,,23.44205083417839,0.9472661791535021,22.29060923365595,1.151441600522439,44.8,22.233125992724904,24.605309662012857,4.349745273590088
C0383,64x32_tanh_nesterov_lr0.01_wd0.001_do0.1_bs32_ns0.01_momentum0.9_nesterovTrue,64x32,2,96,tanh,nesterov,0.01,0.001,0.1,32,0.01,0.9,True,,23.443905399408177,0.5367111826096942,22.56702977426016,0.876875625148017,66.4,22.837627731666664,23.90664720036216,6.430398941040039
C0293,64x32_tanh_adam_lr0.001_wd0.001_do0.1_bs32_ns0.01,64x32,2,96,tanh,adam,0.001,0.001,0.1,32,0.01,,,,23.45281213743796,0.6220443694004605,22.520402196035594,0.9324099414023657,86.4,22.856003617926277,24.25601278928496,10.440906524658203
C0424,64x32_tanh_nesterov_lr0.005_wd0.005_do0_bs32_ns0_momentum0.9_nesterovTrue,64x32,2,96,tanh,nesterov,0.005,0.005,0.0,32,0.0,0.9,True,,23.459610340302532,0.9623092648052975,22.39521433491678,1.0643960053857526,89.2,22.40132267270521,24.654607266385266,7.1700732707977295
C0047,64_relu_adam_lr0.005_wd0.005_do0_bs32_ns0.01,64,1,64,relu,adam,0.005,0.005,0.0,32,0.01,,,,23.469491880328384,0.8563235969964071,22.510797083118455,0.9586947972099296,40.2,22.584272071035496,24.54163686424811,3.871381998062134
C0045,64_relu_adam_lr0.005_wd0.001_do0.2_bs32_ns0.05,64,1,64,relu,adam,0.005,0.001,0.2,32,0.05,,,,23.470146584373346,0.8551719610541727,22.341209055140595,1.1289375292327506,47.0,22.53993516047874,24.783596414714502,4.558030128479004
C0463,64x64x32_relu_adam_lr0.001_wd0.005_do0.1_bs32_ns0,64x64x32,3,160,relu,adam,0.001,0.005,0.1,32,0.0,,,,23.471261274101845,1.6428748089174754,22.74139667340434,0.7298646006975069,64.2,22.195621389834127,26.289468603728203,10.030770540237427
C0635,64x64x32_tanh_nesterov_lr0.005_wd0.001_do0.1_bs32_ns0.01_momentum0.9_nesterovTrue,64x64x32,3,160,tanh,nesterov,0.005,0.001,0.1,32,0.01,0.9,True,,23.474438648614033,1.0612345216774408,22.570198347270757,0.9042403013432754,89.2,22.341287610750822,25.17788000198737,9.475778818130493
C0294,64x32_tanh_adam_lr0.001_wd0.001_do0.1_bs32_ns0.05,64x32,2,96,tanh,adam,0.001,0.001,0.1,32,0.05,,,,23.475120554077957,0.5934320320053487,22.567273459630837,0.9078470944471206,86.4,22.814567035621785,24.24681811995012,9.732030153274536
C0050,64_relu_adam_lr0.005_wd0.005_do0.1_bs32_ns0.01,64,1,64,relu,adam,0.005,0.005,0.1,32,0.01,,,,23.476288257890314,1.0268808538890573,22.564984932989756,0.9113033249005582,41.4,22.175708664386516,24.88952890593656,4.213419198989868
C0384,64x32_tanh_nesterov_lr0.01_wd0.001_do0.1_bs32_ns0.05_momentum0.9_nesterovTrue,64x32,2,96,tanh,nesterov,0.01,0.001,0.1,32,0.05,0.9,True,,23.478384434925356,0.5460143518236233,22.669574837221315,0.808809597704041,64.0,22.88494587076089,23.95727666497914,6.259290933609009
C0046,64_relu_adam_lr0.005_wd0.005_do0_bs32_ns0,64,1,64,relu,adam,0.005,0.005,0.0,32,0.0,,,,23.488549358779817,0.873228128556365,22.558494092338027,0.9300552664417907,38.8,22.58485359566742,24.590990680619615,3.641339063644409
C0016,64_relu_adam_lr0.01_wd0.005_do0.2_bs32_ns0,64,1,64,relu,adam,0.01,0.005,0.2,32,0.0,,,,23.5044664385233,0.7469674868478413,22.69637457516075,0.8080918633625487,32.8,22.626189574980298,24.446944997045723,3.449639081954956
C0540,64x64x32_tanh_adam_lr0.005_wd0.005_do0.2_bs32_ns0.05,64x64x32,3,160,tanh,adam,0.005,0.005,0.2,32,0.05,,,,23.50574657954053,0.883942206364856,22.971899259314345,0.5338473202261866,50.0,22.58539429376996,24.9772663283046,8.592840909957886
C0450,64x64x32_relu_adam_lr0.01_wd0.005_do0.2_bs32_ns0.05,64x64x32,3,160,relu,adam,0.01,0.005,0.2,32,0.05,,,,23.510682773143323,0.9147440564707019,23.10001881972674,0.41066395341658435,52.0,22.808744565033727,25.0211266822569,7.873059511184692
C0538,64x64x32_tanh_adam_lr0.005_wd0.005_do0.2_bs32_ns0,64x64x32,3,160,tanh,adam,0.005,0.005,0.2,32,0.0,,,,23.515177586302656,0.7978050147925064,22.912051192050587,0.6031263942520688,40.6,22.64991084168835,24.820215806114913,7.3990843296051025
C0449,64x64x32_relu_adam_lr0.01_wd0.005_do0.2_bs32_ns0.01,64x64x32,3,160,relu,adam,0.01,0.005,0.2,32,0.01,,,,23.516908015479327,0.836339380743385,23.101402474804054,0.415505540675273,50.8,22.940742617886748,24.943022132720518,7.652973651885986
C0238,64x32_relu_adam_lr0.001_wd0.001_do0.1_bs32_ns0,64x32,2,96,relu,adam,0.001,0.001,0.1,32,0.0,,,,23.518228805864688,0.9648461569069398,22.656946800809852,0.8612820050548358,74.2,22.173355436193727,24.8237713219812,8.445203065872192
C0043,64_relu_adam_lr0.005_wd0.001_do0.2_bs32_ns0,64,1,64,relu,adam,0.005,0.001,0.2,32,0.0,,,,23.521514519271523,0.4022757738472036,22.506301779223243,1.0152127400482804,35.8,22.982931837914112,24.0092986131527,3.705909252166748
C0643,64x64x32_tanh_nesterov_lr0.005_wd0.005_do0.1_bs32_ns0_momentum0.9_nesterovTrue,64x64x32,3,160,tanh,nesterov,0.005,0.005,0.1,32,0.0,0.9,True,,23.532755038041728,0.763061546622092,22.77935441868592,0.7534006193558085,83.4,22.61802763328891,24.667096401802105,10.162808418273926
C0054,64_relu_adam_lr0.005_wd0.005_do0.2_bs32_ns0.05,64,1,64,relu,adam,0.005,0.005,0.2,32,0.05,,,,23.536117861859616,0.8354905036777828,22.725496170570576,0.8106216912890396,45.2,22.718428410303737,24.858252884086195,4.485070705413818
C0546,64x64x32_relu_nesterov_lr0.01_wd0.001_do0.1_bs32_ns0.05_momentum0.9_nesterovTrue,64x64x32,3,160,relu,nesterov,0.01,0.001,0.1,32,0.05,0.9,True,,23.539694519171036,1.2104057019240366,23.054165751636646,0.4855287675343902,41.0,22.268679159276306,25.538163787011577,5.809380531311035
C0373,64x32_relu_nesterov_lr0.005_wd0.005_do0.1_bs32_ns0_momentum0.9_nesterovTrue,64x32,2,96,relu,nesterov,0.005,0.005,0.1,32,0.0,0.9,True,,23.540335324920353,0.3649183543304346,23.003783326731714,0.5365519981886386,69.6,23.027917860864164,23.922265427907526,6.348574638366699
C0486,64x64x32_relu_adam_lr0.005_wd0.005_do0.2_bs32_ns0.05,64x64x32,3,160,relu,adam,0.005,0.005,0.2,32,0.05,,,,23.542871990172095,0.8166907133958435,23.009368058372225,0.5335039317998707,46.2,22.854660196293445,24.833016615767725,7.969188213348389
C0502,64x64x32_tanh_adam_lr0.01_wd0.005_do0.2_bs32_ns0,64x64x32,3,160,tanh,adam,0.01,0.005,0.2,32,0.0,,,,23.545859475096858,0.8810813787323882,23.111474381585385,0.43438509351147303,61.2,22.778386844746265,24.95598667130829,10.208956718444824
C0056,64_tanh_adam_lr0.01_wd0.001_do0_bs32_ns0.01,64,1,64,tanh,adam,0.01,0.001,0.0,32,0.01,,,,23.552032303275,0.500141790392652,22.6572479678443,0.8947843354306997,42.6,23.02419123393013,24.073069274013356,4.099776983261108
C0111,64_relu_nesterov_lr0.01_wd0.001_do0_bs32_ns0.05_momentum0.9_nesterovTrue,64,1,64,relu,nesterov,0.01,0.001,0.0,32,0.05,0.9,True,,23.563834393981544,0.7498398612137821,22.423222056994014,1.1406123369875303,36.0,22.384617170117103,24.35984024664362,3.0097250938415527
C0247,64x32_relu_adam_lr0.001_wd0.005_do0.1_bs32_ns0,64x32,2,96,relu,adam,0.001,0.005,0.1,32,0.0,,,,23.565013542798766,0.8412129158306595,22.87416777635,0.690845766448767,69.8,22.38956029868652,24.517987224491144,7.989611864089966
C0504,64x64x32_tanh_adam_lr0.01_wd0.005_do0.2_bs32_ns0.05,64x64x32,3,160,tanh,adam,0.01,0.005,0.2,32,0.05,,,,23.567331820576616,0.7818743691868025,23.12785619303383,0.43947562754278735,52.8,22.870914769064054,24.90592549806635,9.112527847290039
C0609,64x64x32_tanh_nesterov_lr0.01_wd0.005_do0.1_bs32_ns0.05_momentum0.9_nesterovTrue,64x64x32,3,160,tanh,nesterov,0.01,0.005,0.1,32,0.05,0.9,True,,23.574484764567767,0.4697392592358458,22.896811727392855,0.6776730371749125,55.6,22.888245749240095,24.080959122370757,7.398578643798828
C0636,64x64x32_tanh_nesterov_lr0.005_wd0.001_do0.1_bs32_ns0.05_momentum0.9_nesterovTrue,64x64x32,3,160,tanh,nesterov,0.005,0.001,0.1,32,0.05,0.9,True,,23.576512793147394,1.0161906703485222,22.65851945942544,0.9179933337219524,87.4,22.411415799662496,25.194789207783543,10.990084171295166
C0053,64_relu_adam_lr0.005_wd0.005_do0.2_bs32_ns0.01,64,1,64,relu,adam,0.005,0.005,0.2,32,0.01,,,,23.578730884583052,0.8770087822434038,22.713962424637675,0.8647684599453775,42.6,22.813921586691617,24.980776577894055,4.320068597793579
C0365,64x32_relu_nesterov_lr0.005_wd0.001_do0.1_bs32_ns0.01_momentum0.9_nesterovTrue,64x32,2,96,relu,nesterov,0.005,0.001,0.1,32,0.01,0.9,True,,23.583499891852636,0.41141450536626606,23.02779562697586,0.5557042648767769,58.2,23.00880040237516,24.073337158318775,5.730489492416382
C0503,64x64x32_tanh_adam_lr0.01_wd0.005_do0.2_bs32_ns0.01,64x64x32,3,160,tanh,adam,0.01,0.005,0.2,32,0.01,,,,23.588923177479693,0.7865969288184083,23.118732185048962,0.47019099243073015,47.6,22.775636793465804,24.89052637259536,8.531991243362427
C0039,64_relu_adam_lr0.005_wd0.001_do0_bs32_ns0.05,64,1,64,relu,adam,0.005,0.001,0.0,32,0.05,,,,23.595259139162486,0.6620124822653176,22.390394893279613,1.2048642458828738,34.0,22.942669894457907,24.521664554732542,3.476196527481079
C0239,64x32_relu_adam_lr0.001_wd0.001_do0.1_bs32_ns0.01,64x32,2,96,relu,adam,0.001,0.001,0.1,32,0.01,,,,23.596646589275874,0.5721033928631641,22.819491524027224,0.7771550652486496,60.2,22.969433930558903,24.388264331951916,7.293498754501343
C0448,64x64x32_relu_adam_lr0.01_wd0.005_do0.2_bs32_ns0,64x64x32,3,160,relu,adam,0.01,0.005,0.2,32,0.0,,,,23.597931500568958,0.7622108234052257,23.152070868426456,0.4458606321425016,42.6,22.945877479744727,24.8573672742531,6.5647971630096436
C0120,64_relu_nesterov_lr0.01_wd0.005_do0_bs32_ns0.05_momentum0.9_nesterovTrue,64,1,64,relu,nesterov,0.01,0.005,0.0,32,0.05,0.9,True,,23.600379449241387,0.6407500832835681,22.63299328259645,0.967386166644939,33.6,22.772680979303075,24.481802209915053,2.8930957317352295
C0331,64x32_relu_nesterov_lr0.01_wd0.001_do0.2_bs32_ns0_momentum0.9_nesterovTrue,64x32,2,96,relu,nesterov,0.01,0.001,0.2,32,0.0,0.9,True,,23.618408809610447,0.4811129433640416,23.212234433315825,0.40617437629462216,49.2,23.03325599407912,24.05064654768409,4.780224561691284
C0052,64_relu_adam_lr0.005_wd0.005_do0.2_bs32_ns0,64,1,64,relu,adam,0.005,0.005,0.2,32,0.0,,,,23.6252515241304,0.6356992842995991,22.720918688772578,0.9043328353578239,35.0,22.941594260584697,24.3295316548685,3.7158210277557373
C0249,64x32_relu_adam_lr0.001_wd0.005_do0.1_bs32_ns0.05,64x32,2,96,relu,adam,0.001,0.005,0.1,32,0.05,,,,23.631785539896207,0.3529221171441441,23.094744331311933,0.5370412085842737,56.2,23.21729017498466,23.99456283160477,6.832134485244751
C0051,64_relu_adam_lr0.005_wd0.005_do0.1_bs32_ns0.05,64,1,64,relu,adam,0.005,0.005,0.1,32,0.05,,,,23.641820692240408,0.9023993366643989,22.79554765583108,0.8462730364093289,32.2,22.54909526928559,24.85150375261576,3.59321928024292
C0118,64_relu_nesterov_lr0.01_wd0.005_do0_bs32_ns0_momentum0.9_nesterovTrue,64,1,64,relu,nesterov,0.01,0.005,0.0,32,0.0,0.9,True,,23.65668609231931,0.5654292495417192,22.435728674516014,1.2209574178032945,40.0,23.012213566558263,24.474821802628107,3.0988173484802246
C0112,64_relu_nesterov_lr0.01_wd0.001_do0.1_bs32_ns0_momentum0.9_nesterovTrue,64,1,64,relu,nesterov,0.01,0.001,0.1,32,0.0,0.9,True,,23.656968084740516,0.7617916165360556,22.576842942594705,1.0801251421458105,35.0,22.971970061531007,24.804466063481193,3.0937533378601074
C0113,64_relu_nesterov_lr0.01_wd0.001_do0.1_bs32_ns0.01_momentum0.9_nesterovTrue,64,1,64,relu,nesterov,0.01,0.001,0.1,32,0.01,0.9,True,,23.657728467378366,0.7824534138043249,22.557646493344425,1.100081974033941,34.6,22.89951289691049,24.701308706416405,3.1785430908203125
C0057,64_tanh_adam_lr0.01_wd0.001_do0_bs32_ns0.05,64,1,64,tanh,adam,0.01,0.001,0.0,32,0.05,,,,23.657802092758526,0.4907912707261559,23.045130544746833,0.6126715480116935,33.2,23.027742168457998,24.297486003106766,3.503370761871338
C0119,64_relu_nesterov_lr0.01_wd0.005_do0_bs32_ns0.01_momentum0.9_nesterovTrue,64,1,64,relu,nesterov,0.01,0.005,0.0,32,0.01,0.9,True,,23.66187591450384,0.5751350835207578,22.48029808218834,1.1815778323155008,37.8,23.013806121410646,24.509895851627483,3.148686170578003
C0374,64x32_relu_nesterov_lr0.005_wd0.005_do0.1_bs32_ns0.01_momentum0.9_nesterovTrue,64x32,2,96,relu,nesterov,0.005,0.005,0.1,32,0.01,0.9,True,,23.665325950734424,0.4164173496638841,23.124099317932487,0.5412266328019371,57.6,23.0243663443696,24.07555616329113,5.66082763671875
C0058,64_tanh_adam_lr0.01_wd0.001_do0.1_bs32_ns0,64,1,64,tanh,adam,0.01,0.001,0.1,32,0.0,,,,23.66975861199942,0.4955560730439616,23.06079986460863,0.6089587473907905,42.2,22.988456030207615,24.111897039261443,4.176770925521851
C0114,64_relu_nesterov_lr0.01_wd0.001_do0.1_bs32_ns0.05_momentum0.9_nesterovTrue,64,1,64,relu,nesterov,0.01,0.001,0.1,32,0.05,0.9,True,,23.67319501947062,0.789159463987776,22.689910224556108,0.9832847949145105,35.6,22.865622647731662,24.70054704586311,3.2317824363708496
C0121,64_relu_nesterov_lr0.01_wd0.005_do0.1_bs32_ns0_momentum0.9_nesterovTrue,64,1,64,relu,nesterov,0.01,0.005,0.1,32,0.0,0.9,True,,23.685708769820163,0.7672000099949992,22.8705004019095,0.8152083679106639,33.2,22.921486385769786,24.91313232593668,2.96207857131958
C0248,64x32_relu_adam_lr0.001_wd0.005_do0.1_bs32_ns0.01,64x32,2,96,relu,adam,0.001,0.005,0.1,32,0.01,,,,23.69068311872217,0.31548918484936267,23.139647966004596,0.5510351527175743,62.8,23.332794658214954,24.161935964486112,7.504478693008423
C0464,64x64x32_relu_adam_lr0.001_wd0.005_do0.1_bs32_ns0.01,64x64x32,3,160,relu,adam,0.001,0.005,0.1,32,0.01,,,,23.70838242033857,1.2066801877599045,23.086339408317254,0.6220430120213152,49.6,22.51186334377706,25.499504311748982,8.485122919082642
C0125,64_relu_nesterov_lr0.01_wd0.005_do0.2_bs32_ns0.01_momentum0.9_nesterovTrue,64,1,64,relu,nesterov,0.01,0.005,0.2,32,0.01,0.9,True,,23.717156257429004,0.63140660966685,22.828704838920583,0.8884514185084207,31.0,22.89831019492508,24.33594716171126,2.9638664722442627
C0419,64x32_tanh_nesterov_lr0.005_wd0.001_do0.1_bs32_ns0.01_momentum0.9_nesterovTrue,64x32,2,96,tanh,nesterov,0.005,0.001,0.1,32,0.01,0.9,True,,23.721711638677313,1.0916525690383856,22.837246868158065,0.8844647705192479,102.4,22.469238720863054,25.363013148540947,9.288213729858398
C0645,64x64x32_tanh_nesterov_lr0.005_wd0.005_do0.1_bs32_ns0.05_momentum0.9_nesterovTrue,64x64x32,3,160,tanh,nesterov,0.005,0.005,0.1,32,0.05,0.9,True,,23.732921178756726,0.9665931293034691,23.049906946708358,0.6830142320483681,80.0,22.710631601850466,25.28966723078036,9.966893911361694
C0420,64x32_tanh_nesterov_lr0.005_wd0.001_do0.1_bs32_ns0.05_momentum0.9_nesterovTrue,64x32,2,96,tanh,nesterov,0.005,0.001,0.1,32,0.05,0.9,True,,23.736152093090386,1.0872898567023281,22.898079614539586,0.8380724785507994,102.4,22.51381439294108,25.382493626737887,8.30242133140564
C0124,64_relu_nesterov_lr0.01_wd0.005_do0.2_bs32_ns0_momentum0.9_nesterovTrue,64,1,64,relu,nesterov,0.01,0.005,0.2,32,0.0,0.9,True,,23.737449852650485,0.7404736505265967,22.964745813966328,0.7727040386841573,30.8,22.632028442138523,24.495967916493157,2.8551254272460938
C0366,64x32_relu_nesterov_lr0.005_wd0.001_do0.1_bs32_ns0.05_momentum0.9_nesterovTrue,64x32,2,96,relu,nesterov,0.005,0.001,0.1,32,0.05,0.9,True,,23.740334009900586,1.058767125766344,23.247349571090133,0.49298443881045273,48.6,22.021445526368975,24.582577258244008,5.06123423576355
C0065,64_tanh_adam_lr0.01_wd0.005_do0_bs32_ns0.01,64,1,64,tanh,adam,0.01,0.005,0.0,32,0.01,,,,23.74263859411092,0.7257803038537907,23.583088028785973,0.15955056532494893,37.0,22.969415524647154,24.689211285002816,3.719224691390991
C0064,64_tanh_adam_lr0.01_wd0.005_do0_bs32_ns0,64,1,64,tanh,adam,0.01,0.005,0.0,32,0.0,,,,23.744674118120543,0.7177319785250155,23.58258039748781,0.16209372063273264,37.0,22.98192965700422,24.679264556876888,3.5910723209381104
C0555,64x64x32_relu_nesterov_lr0.01_wd0.005_do0.1_bs32_ns0.05_momentum0.9_nesterovTrue,64x64x32,3,160,relu,nesterov,0.01,0.005,0.1,32,0.05,0.9,True,,23.744993198055134,1.0276712489991524,23.31598436514996,0.42900883290517555,34.8,22.730223659037367,25.424894176677714,5.229099750518799
C0116,64_relu_nesterov_lr0.01_wd0.001_do0.2_bs32_ns0.01_momentum0.9_nesterovTrue,64,1,64,relu,nesterov,0.01,0.001,0.2,32,0.01,0.9,True,,23.745906900358484,0.7261411576513563,22.865070181574623,0.8808367187838613,26.0,22.888359280454402,24.7570912859136,2.6918435096740723
C0393,64x32_tanh_nesterov_lr0.01_wd0.005_do0.1_bs32_ns0.05_momentum0.9_nesterovTrue,64x32,2,96,tanh,nesterov,0.01,0.005,0.1,32,0.05,0.9,True,,23.747126877595996,0.9937400308731609,23.095528556783915,0.6515983208120808,66.2,22.342952337353072,24.945571153375585,6.374395132064819
C0109,64_relu_nesterov_lr0.01_wd0.001_do0_bs32_ns0_momentum0.9_nesterovTrue,64,1,64,relu,nesterov,0.01,0.001,0.0,32,0.0,0.9,True,,23.74854523348896,0.4216018528723127,22.581506911683228,1.1670383218057339,32.2,23.318545383220556,24.294652824901725,2.715015172958374
C0590,64x64x32_relu_nesterov_lr0.005_wd0.005_do0.1_bs32_ns0.01_momentum0.9_nesterovTrue,64x64x32,3,160,relu,nesterov,0.005,0.005,0.1,32,0.01,0.9,True,,23.759218499863813,1.1227984458286204,23.310219610653327,0.44899888921048614,57.6,22.698963510926013,25.48961943596617,7.341169118881226
C0553,64x64x32_relu_nesterov_lr0.01_wd0.005_do0.1_bs32_ns0_momentum0.9_nesterovTrue,64x64x32,3,160,relu,nesterov,0.01,0.005,0.1,32,0.0,0.9,True,,23.759506564602244,1.0767255936439952,23.394125374381968,0.36538119022027615,26.8,22.88654536858409,25.536905078755574,4.350399494171143
C0117,64_relu_nesterov_lr0.01_wd0.001_do0.2_bs32_ns0.05_momentum0.9_nesterovTrue,64,1,64,relu,nesterov,0.01,0.001,0.2,32,0.05,0.9,True,,23.76109015265954,0.7033404862486751,22.88721590921039,0.8738742434491513,25.6,22.88086947412959,24.682471785912625,2.6663546562194824
C0148,64_relu_nesterov_lr0.005_wd0.001_do0.1_bs32_ns0_momentum0.9_nesterovTrue,64,1,64,relu,nesterov,0.005,0.001,0.1,32,0.0,0.9,True,,23.76477329038936,0.5684984090697194,22.81532849141373,0.9494447989756303,45.6,23.062421432889995,24.327312747822255,3.70054030418396
C0287,64x32_tanh_adam_lr0.01_wd0.005_do0.2_bs32_ns0.01,64x32,2,96,tanh,adam,0.01,0.005,0.2,32,0.01,,,,23.76500118725017,0.7092711321819193,23.49000878178827,0.2749924054619015,29.6,23.038502133618334,24.804369919762394,4.513949155807495
C0644,64x64x32_tanh_nesterov_lr0.005_wd0.005_do0.1_bs32_ns0.01_momentum0.9_nesterovTrue,64x64x32,3,160,tanh,nesterov,0.005,0.005,0.1,32,0.01,0.9,True,,23.7770857339816,0.8875408668910335,23.08681164132806,0.6902740926535387,72.6,23.040552439816274,25.281337732398963,9.331396579742432
C0110,64_relu_nesterov_lr0.01_wd0.001_do0_bs32_ns0.01_momentum0.9_nesterovTrue,64,1,64,relu,nesterov,0.01,0.001,0.0,32,0.01,0.9,True,,23.785945716452282,0.4472771733359824,22.66141234553175,1.1245333709205312,29.8,23.324550730352666,24.331776410454914,2.6996755599975586
C0240,64x32_relu_adam_lr0.001_wd0.001_do0.1_bs32_ns0.05,64x32,2,96,relu,adam,0.001,0.001,0.1,32,0.05,,,,23.78613151736973,0.6601796097744537,23.2016206277714,0.5845108895983273,42.8,23.248035264542022,24.784305458812085,5.759905576705933
C0589,64x64x32_relu_nesterov_lr0.005_wd0.005_do0.1_bs32_ns0_momentum0.9_nesterovTrue,64x64x32,3,160,relu,nesterov,0.005,0.005,0.1,32,0.0,0.9,True,,23.787041577255565,0.9293777101793199,23.33094781159764,0.4560937656579256,42.2,22.92690349107548,25.311027496460476,5.769948959350586
C0288,64x32_tanh_adam_lr0.01_wd0.005_do0.2_bs32_ns0.05,64x32,2,96,tanh,adam,0.01,0.005,0.2,32,0.05,,,,23.79352096609508,0.7112292419478798,23.529093002561332,0.2644279635337483,29.8,23.08947636626955,24.850346304791774,4.612658500671387
C0157,64_relu_nesterov_lr0.005_wd0.005_do0.1_bs32_ns0_momentum0.9_nesterovTrue,64,1,64,relu,nesterov,0.005,0.005,0.1,32,0.0,0.9,True,,23.794684320001632,0.552133147071192,22.985543744499907,0.8091405755017256,44.8,23.049973102353043,24.342861506954034,3.6463584899902344
C0093,64_tanh_adam_lr0.005_wd0.001_do0_bs32_ns0.05,64,1,64,tanh,adam,0.005,0.001,0.0,32,0.05,,,,23.79612420621844,0.5250834641297228,23.201864112198233,0.594260094020207,39.4,23.15969682719834,24.360922910856896,3.904677152633667
C0392,64x32_tanh_nesterov_lr0.01_wd0.005_do0.1_bs32_ns0.01_momentum0.9_nesterovTrue,64x32,2,96,tanh,nesterov,0.01,0.005,0.1,32,0.01,0.9,True,,23.799948039612424,0.9752559527855457,23.167343680529875,0.6326043590825492,60.2,22.269659084612545,24.911251069154247,5.996179103851318
C0151,64_relu_nesterov_lr0.005_wd0.001_do0.2_bs32_ns0_momentum0.9_nesterovTrue,64,1,64,relu,nesterov,0.005,0.001,0.2,32,0.0,0.9,True,,23.80633706019447,0.4557226980194627,22.97649122946952,0.829845830724949,46.4,23.212376945672005,24.244511114787866,3.723597288131714
C0126,64_relu_nesterov_lr0.01_wd0.005_do0.2_bs32_ns0.05_momentum0.9_nesterovTrue,64,1,64,relu,nesterov,0.01,0.005,0.2,32,0.05,0.9,True,,23.80636283115459,0.6930440365121285,22.996505966535608,0.8098568646189825,24.6,22.88229020193732,24.620690702577363,2.600618600845337
C0122,64_relu_nesterov_lr0.01_wd0.005_do0.1_bs32_ns0.01_momentum0.9_nesterovTrue,64,1,64,relu,nesterov,0.01,0.005,0.1,32,0.01,0.9,True,,23.807700452101077,0.7742294774533055,22.87371702938632,0.933983422714757,24.2,22.856789661260716,24.7669037314914,2.5659351348876953
C0115,64_relu_nesterov_lr0.01_wd0.001_do0.2_bs32_ns0_momentum0.9_nesterovTrue,64,1,64,relu,nesterov,0.01,0.001,0.2,32,0.0,0.9,True,,23.809665300413037,0.5380456634957175,23.009307132802736,0.8003581676103018,23.2,23.127428180107042,24.375730826833983,2.4454479217529297
C0324,64x32_tanh_adam_lr0.005_wd0.005_do0.2_bs32_ns0.05,64x32,2,96,tanh,adam,0.005,0.005,0.2,32,0.05,,,,23.81099620194818,0.7950888733207649,23.343793542125738,0.4672026598224406,51.4,22.761874372289167,24.868524096777282,6.466278314590454
C0123,64_relu_nesterov_lr0.01_wd0.005_do0.1_bs32_ns0.05_momentum0.9_nesterovTrue,64,1,64,relu,nesterov,0.01,0.005,0.1,32,0.05,0.9,True,,23.81915325342897,0.7593230724246551,22.907590647490366,0.9115626059386024,24.2,22.847456444940732,24.7611496567896,2.5701351165771484
C0391,64x32_tanh_nesterov_lr0.01_wd0.005_do0.1_bs32_ns0_momentum0.9_nesterovTrue,64x32,2,96,tanh,nesterov,0.01,0.005,0.1,32,0.0,0.9,True,,23.83532511556379,0.9710624430333092,23.18211795368361,0.6532071618801822,65.0,23.124433778268987,25.439428682502225,6.087086200714111
C0066,64_tanh_adam_lr0.01_wd0.005_do0_bs32_ns0.05,64,1,64,tanh,adam,0.01,0.005,0.0,32,0.05,,,,23.843412937356817,0.7832667210435598,23.564833065292543,0.2785798720642738,33.4,22.93013374468471,24.708564658670433,3.496555805206299
C0286,64x32_tanh_adam_lr0.01_wd0.005_do0.2_bs32_ns0,64x32,2,96,tanh,adam,0.01,0.005,0.2,32,0.0,,,,23.848350474456048,0.7394325851360452,23.318926848108905,0.5294236263471426,38.6,23.062786066794697,24.952974731683035,5.017860412597656
C0580,64x64x32_relu_nesterov_lr0.005_wd0.001_do0.1_bs32_ns0_momentum0.9_nesterovTrue,64x64x32,3,160,relu,nesterov,0.005,0.001,0.1,32,0.0,0.9,True,,23.8512070911043,0.9332448050898442,23.448455421200862,0.4027516699034379,32.6,22.87147519514732,25.30183136787715,4.965651750564575
C0092,64_tanh_adam_lr0.005_wd0.001_do0_bs32_ns0.01,64,1,64,tanh,adam,0.005,0.001,0.0,32,0.01,,,,23.856262751529933,0.5126768966902386,23.148341266297848,0.7079214852320845,40.2,23.209433290904478,24.412204039904132,3.9846181869506836
C0340,64x32_relu_nesterov_lr0.01_wd0.005_do0.2_bs32_ns0_momentum0.9_nesterovTrue,64x32,2,96,relu,nesterov,0.01,0.005,0.2,32,0.0,0.9,True,,23.85776724496352,0.5305226795224788,23.4906049434891,0.3671623014744192,37.6,23.030122034375193,24.44164452666457,4.052077293395996
C0091,64_tanh_adam_lr0.005_wd0.001_do0_bs32_ns0,64,1,64,tanh,adam,0.005,0.001,0.0,32,0.0,,,,23.861630136717157,0.5130742181958198,23.147767599745457,0.7138625369716998,40.2,23.22015316139845,24.426254807745956,3.8244547843933105
C0323,64x32_tanh_adam_lr0.005_wd0.005_do0.2_bs32_ns0.01,64x32,2,96,tanh,adam,0.005,0.005,0.2,32,0.01,,,,23.863328153743392,0.7758894015633861,23.311347746644817,0.5519804070985757,47.8,22.744188260365092,24.668005937062595,6.172135829925537
C0364,64x32_relu_nesterov_lr0.005_wd0.001_do0.1_bs32_ns0_momentum0.9_nesterovTrue,64x32,2,96,relu,nesterov,0.005,0.001,0.1,32,0.0,0.9,True,,23.87649273408669,0.680270885079106,23.321645679431438,0.5548470546552515,42.8,22.988706462643183,24.87558253232198,4.5122528076171875
C0160,64_relu_nesterov_lr0.005_wd0.005_do0.2_bs32_ns0_momentum0.9_nesterovTrue,64,1,64,relu,nesterov,0.005,0.005,0.2,32,0.0,0.9,True,,23.887036992275792,0.5893373953586971,23.12155147164688,0.7654855206289106,38.2,23.181897265169383,24.660952226544925,3.290853500366211
C0418,64x32_tanh_nesterov_lr0.005_wd0.001_do0.1_bs32_ns0_momentum0.9_nesterovTrue,64x32,2,96,tanh,nesterov,0.005,0.001,0.1,32,0.0,0.9,True,,23.89178184789663,1.4256344203339397,23.139213255704373,0.752568592192258,90.6,22.712028763339173,25.738667481740936,8.074336767196655
C0344,64x32_relu_nesterov_lr0.001_wd0.001_do0_bs32_ns0.01_momentum0.9_nesterovTrue,64x32,2,96,relu,nesterov,0.001,0.001,0.0,32,0.01,0.9,True,,23.89179023189496,0.31871773088899785,23.083386294251518,0.8084039376434404,90.8,23.400868458308402,24.254699676718623,7.126211404800415
C0333,64x32_relu_nesterov_lr0.01_wd0.001_do0.2_bs32_ns0.05_momentum0.9_nesterovTrue,64x32,2,96,relu,nesterov,0.01,0.001,0.2,32,0.05,0.9,True,,23.896141207469896,0.5331382287863087,23.475093492959754,0.42104771451014145,39.4,22.99487430963108,24.346442873554672,4.223217725753784
C0059,64_tanh_adam_lr0.01_wd0.001_do0.1_bs32_ns0.01,64,1,64,tanh,adam,0.01,0.001,0.1,32,0.01,,,,23.935702379816306,0.6382559502492322,23.2968053630539,0.6388970167624066,31.0,23.096228891665515,24.561999720634653,3.536928415298462
C0302,64x32_tanh_adam_lr0.001_wd0.005_do0.1_bs32_ns0.01,64x32,2,96,tanh,adam,0.001,0.005,0.1,32,0.01,,,,23.94308176671671,0.5784828514039855,23.21273276899496,0.7303489977217481,76.4,23.233860744296596,24.493290581709772,9.073302745819092
C0060,64_tanh_adam_lr0.01_wd0.001_do0.1_bs32_ns0.05,64,1,64,tanh,adam,0.01,0.001,0.1,32,0.05,,,,23.94455101590174,0.6348308623869887,23.437488067117876,0.5070629487838652,28.4,23.13324355319732,24.54925185799932,3.3792898654937744
C0591,64x64x32_relu_nesterov_lr0.005_wd0.005_do0.1_bs32_ns0.05_momentum0.9_nesterovTrue,64x64x32,3,160,relu,nesterov,0.005,0.005,0.1,32,0.05,0.9,True,,23.951873654210942,0.8942297394431731,23.576459867622084,0.37541378658885804,36.4,23.12370465796517,25.30801409109199,5.441356182098389
C0582,64x64x32_relu_nesterov_lr0.005_wd0.001_do0.1_bs32_ns0.05_momentum0.9_nesterovTrue,64x64x32,3,160,relu,nesterov,0.005,0.001,0.1,32,0.05,0.9,True,,23.954384202634962,0.8648958598949602,23.611072368474147,0.343311834160815,31.8,23.211593021518574,25.295079683246,4.9606122970581055
C0375,64x32_relu_nesterov_lr0.005_wd0.005_do0.1_bs32_ns0.05_momentum0.9_nesterovTrue,64x32,2,96,relu,nesterov,0.005,0.005,0.1,32,0.05,0.9,True,,23.9612168264182,0.7048669536866491,23.54561710929256,0.4155997171256409,38.2,22.97211244399777,24.69968760145583,4.226125478744507
C0152,64_relu_nesterov_lr0.005_wd0.001_do0.2_bs32_ns0.01_momentum0.9_nesterovTrue,64,1,64,relu,nesterov,0.005,0.001,0.2,32,0.01,0.9,True,,23.967460872734463,0.5906753743431636,23.246027886850165,0.7214329858842987,34.8,23.256798398567128,24.468436122496158,3.1703293323516846
C0352,64x32_relu_nesterov_lr0.001_wd0.005_do0_bs32_ns0_momentum0.9_nesterovTrue,64x32,2,96,relu,nesterov,0.001,0.005,0.0,32,0.0,0.9,True,,23.97156366502499,0.5635516054675734,23.211177416738668,0.7603862482863235,84.4,23.36964131612099,24.785144695951043,6.920612096786499
C0345,64x32_relu_nesterov_lr0.001_wd0.001_do0_bs32_ns0.05_momentum0.9_nesterovTrue,64x32,2,96,relu,nesterov,0.001,0.001,0.0,32,0.05,0.9,True,,23.975665333573794,0.4042332646588565,23.189089058245525,0.7865762753282688,82.2,23.40269969992685,24.3861792679769,6.666369676589966
C0162,64_relu_nesterov_lr0.005_wd0.005_do0.2_bs32_ns0.05_momentum0.9_nesterovTrue,64,1,64,relu,nesterov,0.005,0.005,0.2,32,0.05,0.9,True,,23.99373781063351,0.6935926297615526,23.320925135874383,0.672812674759129,28.4,23.236031074017994,24.95736655620551,2.832521677017212
C0165,64_tanh_nesterov_lr0.01_wd0.001_do0_bs32_ns0.05_momentum0.9_nesterovTrue,64,1,64,tanh,nesterov,0.01,0.001,0.0,32,0.05,0.9,True,,24.002712395999534,0.7135996483653673,23.291296001763804,0.7114163942357301,53.6,23.398314180413163,25.034101988302695,4.052485704421997
C0156,64_relu_nesterov_lr0.005_wd0.005_do0_bs32_ns0.05_momentum0.9_nesterovTrue,64,1,64,relu,nesterov,0.005,0.005,0.0,32,0.05,0.9,True,,24.002808912322074,0.7107632528219532,23.14802755580093,0.8547813565211442,32.6,23.26063410358224,24.92116505793078,2.841632127761841
C0102,64_tanh_adam_lr0.005_wd0.005_do0_bs32_ns0.05,64,1,64,tanh,adam,0.005,0.005,0.0,32,0.05,,,,24.00716515681561,0.6700003876160039,23.63560737106633,0.3715577857492782,36.8,23.345076035212692,25.020478380056478,3.752866744995117
C0322,64x32_tanh_adam_lr0.005_wd0.005_do0.2_bs32_ns0,64x32,2,96,tanh,adam,0.005,0.005,0.2,32,0.0,,,,24.00943961885525,0.7552564291705152,23.60230618205783,0.40713343679741953,34.4,23.048694955098473,24.961648243898093,4.830279350280762
C0343,64x32_relu_nesterov_lr0.001_wd0.001_do0_bs32_ns0_momentum0.9_nesterovTrue,64x32,2,96,relu,nesterov,0.001,0.001,0.0,32,0.0,0.9,True,,24.015013794923256,0.44583836269539906,23.249017752659757,0.7659960422634988,73.8,23.387267347460572,24.57611220893009,5.672717571258545
C0353,64x32_relu_nesterov_lr0.001_wd0.005_do0_bs32_ns0.01_momentum0.9_nesterovTrue,64x32,2,96,relu,nesterov,0.001,0.005,0.0,32,0.01,0.9,True,,24.017477423119168,0.5272350696271731,23.284228057088253,0.7332493660309147,73.0,23.388254905513566,24.78663526392671,6.364966869354248
C0155,64_relu_nesterov_lr0.005_wd0.005_do0_bs32_ns0.01_momentum0.9_nesterovTrue,64,1,64,relu,nesterov,0.005,0.005,0.0,32,0.01,0.9,True,,24.018755459926247,0.7236279243507604,23.1484574105331,0.8702980493931456,32.6,23.282638844083124,24.940034806340048,2.855311155319214
C0031,64_relu_adam_lr0.001_wd0.005_do0.1_bs32_ns0,64,1,64,relu,adam,0.001,0.005,0.1,32,0.0,,,,24.020188177806176,0.9004935033941844,23.059911542895627,0.9602766349105494,84.0,23.063026116891937,25.303962195443965,6.831964731216431
C0101,64_tanh_adam_lr0.005_wd0.005_do0_bs32_ns0.01,64,1,64,tanh,adam,0.005,0.005,0.0,32,0.01,,,,24.021173443882304,0.647366120556925,23.628361712371053,0.3928117315112516,36.8,23.381525572721653,24.992762066289565,3.741133213043213
C0100,64_tanh_adam_lr0.005_wd0.005_do0_bs32_ns0,64,1,64,tanh,adam,0.005,0.005,0.0,32,0.0,,,,24.02278170656536,0.6439682807534295,23.62704591453457,0.39573579203079134,36.8,23.391249687300636,24.989676169592876,3.6159327030181885
C0154,64_relu_nesterov_lr0.005_wd0.005_do0_bs32_ns0_momentum0.9_nesterovTrue,64,1,64,relu,nesterov,0.005,0.005,0.0,32,0.0,0.9,True,,24.024221148745745,0.7309650152612895,23.150752385879038,0.8734687628667075,32.6,23.279616833885303,24.95740342371078,2.7552175521850586
C0153,64_relu_nesterov_lr0.005_wd0.001_do0.2_bs32_ns0.05_momentum0.9_nesterovTrue,64,1,64,relu,nesterov,0.005,0.001,0.2,32,0.05,0.9,True,,24.025855320040893,0.6487633079619963,23.348720758662967,0.677134561377926,26.4,23.246161462314642,24.722714507356045,2.6931657791137695
C0354,64x32_relu_nesterov_lr0.001_wd0.005_do0_bs32_ns0.05_momentum0.9_nesterovTrue,64x32,2,96,relu,nesterov,0.001,0.005,0.0,32,0.05,0.9,True,,24.034654608041915,0.566203737842045,23.283227901249926,0.7514267067919889,77.8,23.362868499194843,24.80310850266418,6.607003927230835
C0303,64x32_tanh_adam_lr0.001_wd0.005_do0.1_bs32_ns0.05,64x32,2,96,tanh,adam,0.001,0.005,0.1,32,0.05,,,,24.036404530705532,0.4692314829854285,23.363842004796986,0.6725625259085461,68.8,23.449602274234078,24.48930135427517,8.329328536987305
C0161,64_relu_nesterov_lr0.005_wd0.005_do0.2_bs32_ns0.01_momentum0.9_nesterovTrue,64,1,64,relu,nesterov,0.005,0.005,0.2,32,0.01,0.9,True,,24.04109751874966,0.6931134683642968,23.354339316035333,0.6867582027143264,28.2,23.24611965496039,24.87613164244043,2.8553929328918457
C0034,64_relu_adam_lr0.001_wd0.005_do0.2_bs32_ns0,64,1,64,relu,adam,0.001,0.005,0.2,32,0.0,,,,24.043515362419434,0.8243749766710657,23.11752231128478,0.9259930511346539,86.0,23.118658532700096,25.28796054018205,7.00385856628418
C0342,64x32_relu_nesterov_lr0.01_wd0.005_do0.2_bs32_ns0.05_momentum0.9_nesterovTrue,64x32,2,96,relu,nesterov,0.01,0.005,0.2,32,0.05,0.9,True,,24.044844499766405,0.4097248348133602,23.772978597667652,0.27186590209875305,39.2,23.440416359512323,24.501508562740863,4.149553298950195
C0241,64x32_relu_adam_lr0.001_wd0.001_do0.2_bs32_ns0,64x32,2,96,relu,adam,0.001,0.001,0.2,32,0.0,,,,24.048379449616213,0.942752916173313,23.453359349204998,0.5950201004112152,74.2,23.11540531476826,25.414556239677417,8.412018537521362
C0149,64_relu_nesterov_lr0.005_wd0.001_do0.1_bs32_ns0.01_momentum0.9_nesterovTrue,64,1,64,relu,nesterov,0.005,0.001,0.1,32,0.01,0.9,True,,24.052971227168662,0.8350372798208152,23.17629417143907,0.8766770557295906,28.0,23.208830463633625,25.192687664336706,2.8042526245117188
C0332,64x32_relu_nesterov_lr0.01_wd0.001_do0.2_bs32_ns0.01_momentum0.9_nesterovTrue,64x32,2,96,relu,nesterov,0.01,0.001,0.2,32,0.01,0.9,True,,24.056318933600277,0.35302689642287277,23.713783503255133,0.3425354303451442,29.6,23.45929054361894,24.29396526236668,3.708416223526001
C0150,64_relu_nesterov_lr0.005_wd0.001_do0.1_bs32_ns0.05_momentum0.9_nesterovTrue,64,1,64,relu,nesterov,0.005,0.001,0.1,32,0.05,0.9,True,,24.060535783621027,0.8069401748901148,23.236638888717728,0.8238968949032994,26.8,23.169586684872705,25.195477815522427,2.7402162551879883
C0159,64_relu_nesterov_lr0.005_wd0.005_do0.1_bs32_ns0.05_momentum0.9_nesterovTrue,64,1,64,relu,nesterov,0.005,0.005,0.1,32,0.05,0.9,True,,24.062458065869155,0.8207825626021826,23.319955063430967,0.7425030024381876,23.8,23.168178490599946,25.23048371490436,2.5657413005828857
C0428,64x32_tanh_nesterov_lr0.005_wd0.005_do0.1_bs32_ns0.01_momentum0.9_nesterovTrue,64x32,2,96,tanh,nesterov,0.005,0.005,0.1,32,0.01,0.9,True,,24.067269810928615,1.0433026995054047,23.317527659070784,0.7497421518578307,93.8,22.761634971866744,25.580896870783228,7.554527759552002
C0341,64x32_relu_nesterov_lr0.01_wd0.005_do0.2_bs32_ns0.01_momentum0.9_nesterovTrue,64x32,2,96,relu,nesterov,0.01,0.005,0.2,32,0.01,0.9,True,,24.08089820911614,0.43317333116456663,23.74973607404018,0.33116213507596015,29.6,23.44450302789288,24.5951604235591,3.5344479084014893
C0174,64_tanh_nesterov_lr0.01_wd0.005_do0_bs32_ns0.05_momentum0.9_nesterovTrue,64,1,64,tanh,nesterov,0.01,0.005,0.0,32,0.05,0.9,True,,24.086749727529263,0.802991719586311,23.593938194112177,0.49281153341708617,59.2,23.498803750617448,25.487629429866132,4.372147798538208
C0301,64x32_tanh_adam_lr0.001_wd0.005_do0.1_bs32_ns0,64x32,2,96,tanh,adam,0.001,0.005,0.1,32,0.0,,,,24.091093130591094,0.6591260883634176,23.35523127158116,0.7358618590099333,66.0,23.24848630484838,24.901847355595468,8.122341394424438
C0158,64_relu_nesterov_lr0.005_wd0.005_do0.1_bs32_ns0.01_momentum0.9_nesterovTrue,64,1,64,relu,nesterov,0.005,0.005,0.1,32,0.01,0.9,True,,24.09321900354284,0.7856405802413189,23.412970141385212,0.6802488621576259,21.2,23.291427742478717,25.225373199698964,2.4410207271575928
C0173,64_tanh_nesterov_lr0.01_wd0.005_do0_bs32_ns0.01_momentum0.9_nesterovTrue,64,1,64,tanh,nesterov,0.01,0.005,0.0,32,0.01,0.9,True,,24.110963170530923,0.789931397836349,23.58982483463255,0.521138335898371,59.2,23.499898869911778,25.479659591322005,4.330705881118774
C0022,64_relu_adam_lr0.001_wd0.001_do0.1_bs32_ns0,64,1,64,relu,adam,0.001,0.001,0.1,32,0.0,,,,24.111796314480014,0.8276032841661455,23.15735641405558,0.9544399004244326,65.4,23.29369975579997,25.285344066757055,5.58941650390625
C0172,64_tanh_nesterov_lr0.01_wd0.005_do0_bs32_ns0_momentum0.9_nesterovTrue,64,1,64,tanh,nesterov,0.01,0.005,0.0,32,0.0,0.9,True,,24.112507635922235,0.7880992179413988,23.591527593988694,0.5209800419335409,59.2,23.49920845571506,25.47690275805565,4.173726320266724
C0147,64_relu_nesterov_lr0.005_wd0.001_do0_bs32_ns0.05_momentum0.9_nesterovTrue,64,1,64,relu,nesterov,0.005,0.001,0.0,32,0.05,0.9,True,,24.14849984170777,0.8544718877444987,23.152704471245006,0.9957953704627656,33.8,23.30786312671389,25.215617262876073,2.912418842315674
C0292,64x32_tanh_adam_lr0.001_wd0.001_do0.1_bs32_ns0,64x32,2,96,tanh,adam,0.001,0.001,0.1,32,0.0,,,,24.15421884816414,1.1511480504148761,23.160648497855412,0.9935703503087296,65.2,23.052121433724636,25.88742428803161,7.956915378570557
C0036,64_relu_adam_lr0.001_wd0.005_do0.2_bs32_ns0.05,64,1,64,relu,adam,0.001,0.005,0.2,32,0.05,,,,24.16275866514564,0.7371736336608243,23.412642271011062,0.7501163941345759,67.6,23.374743850730148,25.160148365781016,5.968968868255615
C0027,64_relu_adam_lr0.001_wd0.001_do0.2_bs32_ns0.05,64,1,64,relu,adam,0.001,0.001,0.2,32,0.05,,,,24.16843402966615,0.6867728356377887,23.41214330222205,0.7562907274441031,60.0,23.398732241355674,25.080470690696124,5.437758445739746
C0146,64_relu_nesterov_lr0.005_wd0.001_do0_bs32_ns0.01_momentum0.9_nesterovTrue,64,1,64,relu,nesterov,0.005,0.001,0.0,32,0.01,0.9,True,,24.17431974793555,0.86912282659743,23.225796472208607,0.9485232757269415,30.0,23.332401647010506,25.246141908742786,2.7247843742370605
C0145,64_relu_nesterov_lr0.005_wd0.001_do0_bs32_ns0_momentum0.9_nesterovTrue,64,1,64,relu,nesterov,0.005,0.001,0.0,32,0.0,0.9,True,,24.18113301712894,0.8712683314469175,23.227296613270443,0.9538364038584959,30.0,23.326122770356385,25.254262477814773,2.596799850463867
C0026,64_relu_adam_lr0.001_wd0.001_do0.2_bs32_ns0.01,64,1,64,relu,adam,0.001,0.001,0.2,32,0.01,,,,24.18116581008814,0.7260399587977254,23.310230073377785,0.8709357367103543,78.8,23.337408140018432,25.183751338561116,6.687820672988892
C0032,64_relu_adam_lr0.001_wd0.005_do0.1_bs32_ns0.01,64,1,64,relu,adam,0.001,0.005,0.1,32,0.01,,,,24.18321040180374,0.792302316916282,23.40429171757325,0.77891868423049,61.8,23.25646032816731,25.335904025163945,5.555133104324341
C0376,64x32_relu_nesterov_lr0.005_wd0.005_do0.2_bs32_ns0_momentum0.9_nesterovTrue,64x32,2,96,relu,nesterov,0.005,0.005,0.2,32,0.0,0.9,True,,24.188531719233914,0.7650694641591764,23.853031653833682,0.3355000654002325,42.4,23.051306384343768,25.169274317003133,4.4800262451171875
C0164,64_tanh_nesterov_lr0.01_wd0.001_do0_bs32_ns0.01_momentum0.9_nesterovTrue,64,1,64,tanh,nesterov,0.01,0.001,0.0,32,0.01,0.9,True,,24.189037777090437,0.742390166177471,23.429217988520627,0.7598197885698106,50.2,23.40336907497139,25.291882198498413,3.8759305477142334
C0067,64_tanh_adam_lr0.01_wd0.005_do0.1_bs32_ns0,64,1,64,tanh,adam,0.01,0.005,0.1,32,0.0,,,,24.19060424538869,0.6517838878985935,23.818414583081687,0.37218966230700445,31.6,23.39061583593034,25.145217806574948,3.5051662921905518
C0094,64_tanh_adam_lr0.005_wd0.001_do0.1_bs32_ns0,64,1,64,tanh,adam,0.005,0.001,0.1,32,0.0,,,,24.194720788529203,0.671099762426086,23.445763394715666,0.7489573938135372,40.4,23.188854045544065,24.999511547377647,4.106956481933594
C0429,64x32_tanh_nesterov_lr0.005_wd0.005_do0.1_bs32_ns0.05_momentum0.9_nesterovTrue,64x32,2,96,tanh,nesterov,0.005,0.005,0.1,32,0.05,0.9,True,,24.19683688409859,0.8829502325144011,23.500537268286827,0.696299615811764,80.4,23.373314025102346,25.599010387883776,7.675445079803467
C0025,64_relu_adam_lr0.001_wd0.001_do0.2_bs32_ns0,64,1,64,relu,adam,0.001,0.001,0.2,32,0.0,,,,24.200417473627432,0.7160342228330561,23.36392435061749,0.8364931230099408,61.6,23.501272187579143,25.23286950234143,5.326488256454468
C0023,64_relu_adam_lr0.001_wd0.001_do0.1_bs32_ns0.01,64,1,64,relu,adam,0.001,0.001,0.1,32,0.01,,,,24.201799843836532,0.7625865240426015,23.38746675663762,0.8143330871989107,59.2,23.326793200325753,25.319342808387937,5.353936672210693
C0035,64_relu_adam_lr0.001_wd0.005_do0.2_bs32_ns0.01,64,1,64,relu,adam,0.001,0.005,0.2,32,0.01,,,,24.208224786301095,0.7655355872347679,23.44589311687261,0.7623316694284838,72.8,23.319454077026307,25.245941681869006,6.293968439102173
C0069,64_tanh_adam_lr0.01_wd0.005_do0.1_bs32_ns0.05,64,1,64,tanh,adam,0.01,0.005,0.1,32,0.05,,,,24.21328743272219,0.7156840444118722,23.8069743600826,0.40631307263959116,31.0,23.2677683420064,25.0696320150469,3.531435012817383
C0427,64x32_tanh_nesterov_lr0.005_wd0.005_do0.1_bs32_ns0_momentum0.9_nesterovTrue,64x32,2,96,tanh,nesterov,0.005,0.005,0.1,32,0.0,0.9,True,,24.219053487287567,1.2415870052964333,23.625769982796186,0.5932835044913816,82.6,22.933901008389803,25.72586788867259,6.885981559753418
C0028,64_relu_adam_lr0.001_wd0.005_do0_bs32_ns0,64,1,64,relu,adam,0.001,0.005,0.0,32,0.0,,,,24.222076980960622,0.8785728414460642,23.415579093711845,0.8064978872487778,63.8,23.17394748752639,25.43146562113983,5.192511081695557
C0029,64_relu_adam_lr0.001_wd0.005_do0_bs32_ns0.01,64,1,64,relu,adam,0.001,0.005,0.0,32,0.01,,,,24.227559190642637,0.8537507524545407,23.4548393880515,0.772719802591137,61.2,23.24160289660481,25.416262236109997,5.196108102798462
C0163,64_tanh_nesterov_lr0.01_wd0.001_do0_bs32_ns0_momentum0.9_nesterovTrue,64,1,64,tanh,nesterov,0.01,0.001,0.0,32,0.0,0.9,True,,24.236997539800136,0.7707520674283496,23.499125634789987,0.7378719050101488,54.6,23.401687216864712,25.28795709770811,3.9663424491882324
C0033,64_relu_adam_lr0.001_wd0.005_do0.1_bs32_ns0.05,64,1,64,relu,adam,0.001,0.005,0.1,32,0.05,,,,24.242403800937076,0.7845402511777657,23.560067880199234,0.6823359207378417,59.4,23.294030828118842,25.277055468411696,5.369297742843628
C0024,64_relu_adam_lr0.001_wd0.001_do0.1_bs32_ns0.05,64,1,64,relu,adam,0.001,0.001,0.1,32,0.05,,,,24.249658027478507,0.779778115404171,23.501819376822585,0.7478386506559218,61.6,23.292331630793594,25.25804084512558,5.458305358886719
C0068,64_tanh_adam_lr0.01_wd0.005_do0.1_bs32_ns0.01,64,1,64,tanh,adam,0.01,0.005,0.1,32,0.01,,,,24.253829779298805,0.6750298519063956,23.700934271939644,0.5528955073591604,34.8,23.44427989227666,25.090598916517486,3.8509199619293213
C0030,64_relu_adam_lr0.001_wd0.005_do0_bs32_ns0.05,64,1,64,relu,adam,0.001,0.005,0.0,32,0.05,,,,24.258592282781546,0.8544449640655271,23.563220140749458,0.6953721420320882,53.2,23.275565237972593,25.451118075390113,4.666409969329834
C0398,64x32_tanh_nesterov_lr0.001_wd0.001_do0_bs32_ns0.01_momentum0.9_nesterovTrue,64x32,2,96,tanh,nesterov,0.001,0.001,0.0,32,0.01,0.9,True,,24.26157769905817,0.9357289097380261,23.461074135543186,0.8005035635149831,221.2,22.69754184593443,24.872189026685117,16.079581022262573
C0397,64x32_tanh_nesterov_lr0.001_wd0.001_do0_bs32_ns0_momentum0.9_nesterovTrue,64x32,2,96,tanh,nesterov,0.001,0.001,0.0,32,0.0,0.9,True,,24.2627730903239,0.934184035911742,23.45966495887253,0.8031081314513706,221.2,22.700803210869893,24.870147545377655,15.389750003814697
C0368,64x32_relu_nesterov_lr0.005_wd0.001_do0.2_bs32_ns0.01_momentum0.9_nesterovTrue,64x32,2,96,relu,nesterov,0.005,0.001,0.2,32,0.01,0.9,True,,24.271073579433246,0.6270689020482129,24.00808140145316,0.26299217798008456,38.2,23.350146300919658,25.07334933763556,4.289493083953857
C0556,64x64x32_relu_nesterov_lr0.01_wd0.005_do0.2_bs32_ns0_momentum0.9_nesterovTrue,64x64x32,3,160,relu,nesterov,0.01,0.005,0.2,32,0.0,0.9,True,,24.281121485844892,1.040992152808599,23.905944416849053,0.37517706899583914,35.4,23.356796324005337,25.90909780325732,5.145154714584351
C0021,64_relu_adam_lr0.001_wd0.001_do0_bs32_ns0.05,64,1,64,relu,adam,0.001,0.001,0.0,32,0.05,,,,24.28514708014211,0.8490621705432456,23.55228402072968,0.7328630594124306,49.8,23.287198773734723,25.430122099279856,4.436782360076904
C0563,64x64x32_relu_nesterov_lr0.001_wd0.001_do0.1_bs32_ns0.01_momentum0.9_nesterovTrue,64x64x32,3,160,relu,nesterov,0.001,0.001,0.1,32,0.01,0.9,True,,24.306733594401333,0.9040460089428148,23.950223448082212,0.3565101463191205,70.0,23.624928245919808,25.861917145287464,8.573944568634033
C0019,64_relu_adam_lr0.001_wd0.001_do0_bs32_ns0,64,1,64,relu,adam,0.001,0.001,0.0,32,0.0,,,,24.307525804535327,0.8828232428634545,23.49790857413525,0.8096172304000788,52.4,23.2258680990336,25.469419137934395,4.432648181915283
C0063,64_tanh_adam_lr0.01_wd0.001_do0.2_bs32_ns0.05,64,1,64,tanh,adam,0.01,0.001,0.2,32,0.05,,,,24.309018043963068,0.8881557477805034,23.945388013329314,0.3636300306337539,31.2,23.42274375494799,25.7510669829636,3.5527656078338623
C0020,64_relu_adam_lr0.001_wd0.001_do0_bs32_ns0.01,64,1,64,relu,adam,0.001,0.001,0.0,32,0.01,,,,24.312328815832913,0.8810578783224802,23.499926209892884,0.8124026059400293,52.4,23.238980636885287,25.47628310748769,4.593496799468994
C0367,64x32_relu_nesterov_lr0.005_wd0.001_do0.2_bs32_ns0_momentum0.9_nesterovTrue,64x32,2,96,relu,nesterov,0.005,0.001,0.2,32,0.0,0.9,True,,24.31439621501746,0.6811480007275269,24.021914712836576,0.292481502180884,32.0,23.427738306870445,25.329590742787076,3.7350382804870605
C0572,64x64x32_relu_nesterov_lr0.001_wd0.005_do0.1_bs32_ns0.01_momentum0.9_nesterovTrue,64x64x32,3,160,relu,nesterov,0.001,0.005,0.1,32,0.01,0.9,True,,24.342781750513403,0.9088418074889192,23.991625698521887,0.35115605199151645,68.8,23.496926576338684,25.86072378613237,8.67124891281128
C0143,64_relu_nesterov_lr0.001_wd0.005_do0.2_bs32_ns0.01_momentum0.9_nesterovTrue,64,1,64,relu,nesterov,0.001,0.005,0.2,32,0.01,0.9,True,,24.343981077218228,0.8264523452382381,23.628371186687968,0.7156098905302599,79.8,23.51559423215748,25.363069035569282,5.7682366371154785
C0547,64x64x32_relu_nesterov_lr0.01_wd0.001_do0.2_bs32_ns0_momentum0.9_nesterovTrue,64x64x32,3,160,relu,nesterov,0.01,0.001,0.2,32,0.0,0.9,True,,24.345920766740456,1.03141886387186,23.95194278361613,0.3939779831243264,35.8,23.430063957098575,25.94032518453658,5.201826810836792
C0062,64_tanh_adam_lr0.01_wd0.001_do0.2_bs32_ns0.01,64,1,64,tanh,adam,0.01,0.001,0.2,32,0.01,,,,24.346636456146452,0.9376698935770882,23.88787209721173,0.45876435893472234,30.6,23.196378333401682,25.737496479240708,3.4983179569244385
C0134,64_relu_nesterov_lr0.001_wd0.001_do0.2_bs32_ns0.01_momentum0.9_nesterovTrue,64,1,64,relu,nesterov,0.001,0.001,0.2,32,0.01,0.9,True,,24.347066310126202,0.8209364332968281,23.61164930448373,0.7354170056424714,79.8,23.511090298924405,25.343712459592957,5.795783042907715
C0557,64x64x32_relu_nesterov_lr0.01_wd0.005_do0.2_bs32_ns0.01_momentum0.9_nesterovTrue,64x64x32,3,160,relu,nesterov,0.01,0.005,0.2,32,0.01,0.9,True,,24.35097583473391,1.043305911721906,24.06623311621382,0.28474271852008926,30.2,23.516063434472038,26.148853625577487,4.762223482131958
C0377,64x32_relu_nesterov_lr0.005_wd0.005_do0.2_bs32_ns0.01_momentum0.9_nesterovTrue,64x32,2,96,relu,nesterov,0.005,0.005,0.2,32,0.01,0.9,True,,24.351292496194105,0.6278634936515451,24.10053326665098,0.25075922954312446,33.8,23.504403068935297,25.252111486933604,3.9435977935791016
C0573,64x64x32_relu_nesterov_lr0.001_wd0.005_do0.1_bs32_ns0.05_momentum0.9_nesterovTrue,64x64x32,3,160,relu,nesterov,0.001,0.005,0.1,32,0.05,0.9,True,,24.363430562554846,0.9325619406556835,24.03600605436139,0.3274245081934559,69.2,23.53804593434079,25.835787610740162,8.641276121139526
C0378,64x32_relu_nesterov_lr0.005_wd0.005_do0.2_bs32_ns0.05_momentum0.9_nesterovTrue,64x32,2,96,relu,nesterov,0.005,0.005,0.2,32,0.05,0.9,True,,24.372765602562147,0.672079337078995,24.10537860742963,0.26738699513251873,40.4,23.357039713240233,25.192234811485644,4.4018394947052
C0564,64x64x32_relu_nesterov_lr0.001_wd0.001_do0.1_bs32_ns0.05_momentum0.9_nesterovTrue,64x64x32,3,160,relu,nesterov,0.001,0.001,0.1,32,0.05,0.9,True,,24.376612448725027,0.9156954002459494,24.050694998078534,0.325917450646493,60.6,23.635180725374855,25.850995836543934,7.631704568862915
C0250,64x32_relu_adam_lr0.001_wd0.005_do0.2_bs32_ns0,64x32,2,96,relu,adam,0.001,0.005,0.2,32,0.0,,,,24.377010981124535,1.0688836394994543,23.922375399644586,0.4546355814799483,58.2,22.953061559689736,25.67835227367549,6.841716766357422
C0096,64_tanh_adam_lr0.005_wd0.001_do0.1_bs32_ns0.05,64,1,64,tanh,adam,0.005,0.001,0.1,32,0.05,,,,24.381220012736712,0.9152985036378972,23.606770514734286,0.7744494980024257,40.0,23.631876253273493,25.93716313147803,4.186413049697876
C0356,64x32_relu_nesterov_lr0.001_wd0.005_do0.1_bs32_ns0.01_momentum0.9_nesterovTrue,64x32,2,96,relu,nesterov,0.001,0.005,0.1,32,0.01,0.9,True,,24.381591921515838,0.8771878972584358,23.96646418805463,0.41512773346120824,70.6,23.268361900293286,25.372566913133277,6.746325254440308
C0369,64x32_relu_nesterov_lr0.005_wd0.001_do0.2_bs32_ns0.05_momentum0.9_nesterovTrue,64x32,2,96,relu,nesterov,0.005,0.001,0.2,32,0.05,0.9,True,,24.38694447039536,0.6940711954395736,24.152408632276817,0.23453583811854273,31.2,23.291270691154175,25.123543713226244,3.771963119506836
C0355,64x32_relu_nesterov_lr0.001_wd0.005_do0.1_bs32_ns0_momentum0.9_nesterovTrue,64x32,2,96,relu,nesterov,0.001,0.005,0.1,32,0.0,0.9,True,,24.413562221151572,0.6541228529679765,23.99325320342852,0.42030901772305285,63.8,23.6423699798677,25.23949907343667,6.093452453613281
C0095,64_tanh_adam_lr0.005_wd0.001_do0.1_bs32_ns0.01,64,1,64,tanh,adam,0.005,0.001,0.1,32,0.01,,,,24.414834674229247,0.8977118202506014,23.605430185459333,0.8094044887699141,38.8,23.69066843872391,25.95270430415336,4.107732534408569
C0399,64x32_tanh_nesterov_lr0.001_wd0.001_do0_bs32_ns0.05_momentum0.9_nesterovTrue,64x32,2,96,tanh,nesterov,0.001,0.001,0.0,32,0.05,0.9,True,,24.4393722357972,0.8907403949969862,23.766601544701377,0.672770691095824,183.8,22.983095373399276,25.27312841807976,13.803287982940674
C0144,64_relu_nesterov_lr0.001_wd0.005_do0.2_bs32_ns0.05_momentum0.9_nesterovTrue,64,1,64,relu,nesterov,0.001,0.005,0.2,32,0.05,0.9,True,,24.45105631703289,0.8916696397525509,23.768765136801477,0.6822911802314131,63.0,23.51091204061475,25.49549498296611,4.833402633666992
C0135,64_relu_nesterov_lr0.001_wd0.001_do0.2_bs32_ns0.05_momentum0.9_nesterovTrue,64,1,64,relu,nesterov,0.001,0.001,0.2,32,0.05,0.9,True,,24.458681912515402,0.8846464198435874,23.756850247446387,0.7018316650690153,63.0,23.515239167987243,25.47851135003564,4.817280292510986
C0061,64_tanh_adam_lr0.01_wd0.001_do0.2_bs32_ns0,64,1,64,tanh,adam,0.01,0.001,0.2,32,0.0,,,,24.469511885570117,0.8966425164636685,23.93100317544232,0.5385087101277968,26.2,23.174514947816427,25.68983019498652,3.1200928688049316
C0142,64_relu_nesterov_lr0.001_wd0.005_do0.2_bs32_ns0_momentum0.9_nesterovTrue,64,1,64,relu,nesterov,0.001,0.005,0.2,32,0.0,0.9,True,,24.470039579320304,0.8538991332684349,23.83819135397397,0.6318482253463351,64.6,23.69690784936114,25.774297287348624,4.7448389530181885
C0571,64x64x32_relu_nesterov_lr0.001_wd0.005_do0.1_bs32_ns0_momentum0.9_nesterovTrue,64x64x32,3,160,relu,nesterov,0.001,0.005,0.1,32,0.0,0.9,True,,24.47027412136439,0.9365300542149013,24.185256315348106,0.2850178060162847,46.6,23.62445861273476,25.99777971839156,6.404300689697266
C0408,64x32_tanh_nesterov_lr0.001_wd0.005_do0_bs32_ns0.05_momentum0.9_nesterovTrue,64x32,2,96,tanh,nesterov,0.001,0.005,0.0,32,0.05,0.9,True,,24.47275215520923,0.7753572261638096,23.83176897892515,0.6409831762840774,195.6,23.15526762592245,24.986941303711202,14.246248006820679
C0594,64x64x32_relu_nesterov_lr0.005_wd0.005_do0.2_bs32_ns0.05_momentum0.9_nesterovTrue,64x64x32,3,160,relu,nesterov,0.005,0.005,0.2,32,0.05,0.9,True,,24.4733874008339,1.0883966301434076,24.16081643361158,0.3125709672223209,48.0,23.632316735662307,26.309152008692706,6.471207141876221
C0562,64x64x32_relu_nesterov_lr0.001_wd0.001_do0.1_bs32_ns0_momentum0.9_nesterovTrue,64x64x32,3,160,relu,nesterov,0.001,0.001,0.1,32,0.0,0.9,True,,24.47671298963823,0.9332276232269988,24.165312103816056,0.31140088582217373,48.0,23.63304866395754,26.006009142457664,6.354848623275757
C0407,64x32_tanh_nesterov_lr0.001_wd0.005_do0_bs32_ns0.01_momentum0.9_nesterovTrue,64x32,2,96,tanh,nesterov,0.001,0.005,0.0,32,0.01,0.9,True,,24.483925407640754,0.7428224305768396,23.811020756307848,0.6729046513329067,195.6,23.2205136023442,24.987489621524347,14.246034383773804
C0558,64x64x32_relu_nesterov_lr0.01_wd0.005_do0.2_bs32_ns0.05_momentum0.9_nesterovTrue,64x64x32,3,160,relu,nesterov,0.01,0.005,0.2,32,0.05,0.9,True,,24.490564386735066,1.1207071840717215,24.22287642365517,0.2676879630798972,27.8,23.59773071828493,26.14144490083463,4.560761451721191
C0593,64x64x32_relu_nesterov_lr0.005_wd0.005_do0.2_bs32_ns0.01_momentum0.9_nesterovTrue,64x64x32,3,160,relu,nesterov,0.005,0.005,0.2,32,0.01,0.9,True,,24.49432002655356,1.1092563047930952,24.169362009202896,0.32495801735066365,45.0,23.59473118280468,26.337474123206356,6.193614482879639
C0346,64x32_relu_nesterov_lr0.001_wd0.001_do0.1_bs32_ns0_momentum0.9_nesterovTrue,64x32,2,96,relu,nesterov,0.001,0.001,0.1,32,0.0,0.9,True,,24.49512846916261,0.7256036188183046,24.084867204495424,0.4102612646671844,64.2,23.680531597633063,25.224651041650198,5.872416734695435
C0138,64_relu_nesterov_lr0.001_wd0.005_do0_bs32_ns0.05_momentum0.9_nesterovTrue,64,1,64,relu,nesterov,0.001,0.005,0.0,32,0.05,0.9,True,,24.504852019628363,0.8434665074430043,23.794074527175802,0.7107774924525607,71.6,23.418337494477232,25.41879458656485,4.977354049682617
C0406,64x32_tanh_nesterov_lr0.001_wd0.005_do0_bs32_ns0_momentum0.9_nesterovTrue,64x32,2,96,tanh,nesterov,0.001,0.005,0.0,32,0.0,0.9,True,,24.511887827287076,0.6835949442225734,23.84742930118602,0.6644585261010576,187.4,23.360180580130343,24.98853248878317,13.362512826919556
C0136,64_relu_nesterov_lr0.001_wd0.005_do0_bs32_ns0_momentum0.9_nesterovTrue,64,1,64,relu,nesterov,0.001,0.005,0.0,32,0.0,0.9,True,,24.514131805121252,0.846147716377376,23.794307358870405,0.719824446250847,71.6,23.41323204337057,25.43747663305019,4.777089357376099
C0137,64_relu_nesterov_lr0.001_wd0.005_do0_bs32_ns0.01_momentum0.9_nesterovTrue,64,1,64,relu,nesterov,0.001,0.005,0.0,32,0.01,0.9,True,,24.514284888516137,0.8449193798186347,23.793736022858088,0.7205488656580492,71.6,23.414602572971074,25.4371287881431,4.9642651081085205
C0133,64_relu_nesterov_lr0.001_wd0.001_do0.2_bs32_ns0_momentum0.9_nesterovTrue,64,1,64,relu,nesterov,0.001,0.001,0.2,32,0.0,0.9,True,,24.514753577692794,0.8879303831525907,23.91148257524479,0.6032710024480039,53.8,23.69279673487592,25.827484489628056,4.140174627304077
C0347,64x32_relu_nesterov_lr0.001_wd0.001_do0.1_bs32_ns0.01_momentum0.9_nesterovTrue,64x32,2,96,relu,nesterov,0.001,0.001,0.1,32,0.01,0.9,True,,24.514812329541137,0.6798639884174736,24.126676379485808,0.38813595005532875,54.2,23.880284305747278,25.337297271593073,5.338760852813721
C0296,64x32_tanh_adam_lr0.001_wd0.001_do0.2_bs32_ns0.01,64x32,2,96,tanh,adam,0.001,0.001,0.2,32,0.01,,,,24.523482553915986,0.6521133605154469,23.921424754125514,0.6020577997904724,70.4,23.405435015553383,25.046864404166207,8.001420974731445
C0129,64_relu_nesterov_lr0.001_wd0.001_do0_bs32_ns0.05_momentum0.9_nesterovTrue,64,1,64,relu,nesterov,0.001,0.001,0.0,32,0.05,0.9,True,,24.529339197364408,0.8491470998271172,23.795150399765618,0.7341887975987902,71.6,23.4266742761583,25.424260630972334,4.942434072494507
C0348,64x32_relu_nesterov_lr0.001_wd0.001_do0.1_bs32_ns0.05_momentum0.9_nesterovTrue,64x32,2,96,relu,nesterov,0.001,0.001,0.1,32,0.05,0.9,True,,24.534996100925493,0.6822156005548066,24.14538477648768,0.3896113244378121,55.2,23.895456525685983,25.381098540737376,5.960731506347656
C0128,64_relu_nesterov_lr0.001_wd0.001_do0_bs32_ns0.01_momentum0.9_nesterovTrue,64,1,64,relu,nesterov,0.001,0.001,0.0,32,0.01,0.9,True,,24.539806942373787,0.8483280693098935,23.79562084222032,0.7441861001534669,71.6,23.427400247827297,25.439678835226793,4.93712043762207
C0127,64_relu_nesterov_lr0.001_wd0.001_do0_bs32_ns0_momentum0.9_nesterovTrue,64,1,64,relu,nesterov,0.001,0.001,0.0,32,0.0,0.9,True,,24.540677979093186,0.8520074364364999,23.79678038265228,0.743897596440906,71.6,23.42485775703866,25.448196593159306,4.704784393310547
C0357,64x32_relu_nesterov_lr0.001_wd0.005_do0.1_bs32_ns0.05_momentum0.9_nesterovTrue,64x32,2,96,relu,nesterov,0.001,0.005,0.1,32,0.05,0.9,True,,24.54204181573747,0.6932117568934487,24.164298095484074,0.3777437202533953,54.8,23.88989399558716,25.41137412380435,5.558885097503662
C0105,64_tanh_adam_lr0.005_wd0.005_do0.1_bs32_ns0.05,64,1,64,tanh,adam,0.005,0.005,0.1,32,0.05,,,,24.549930550118322,0.9764894276959947,24.002420093118506,0.5475104569998166,41.2,23.683201998051672,26.169547616110812,4.301255941390991
C0548,64x64x32_relu_nesterov_lr0.01_wd0.001_do0.2_bs32_ns0.01_momentum0.9_nesterovTrue,64x64x32,3,160,relu,nesterov,0.01,0.001,0.2,32,0.01,0.9,True,,24.554795405456375,1.1123565430817048,24.25910209421528,0.2956933112410951,22.2,23.523668503319687,26.172936085371077,4.024563312530518
C0585,64x64x32_relu_nesterov_lr0.005_wd0.001_do0.2_bs32_ns0.05_momentum0.9_nesterovTrue,64x64x32,3,160,relu,nesterov,0.005,0.001,0.2,32,0.05,0.9,True,,24.55897582228613,1.0497786153048252,24.28797042153844,0.27100540074768986,45.4,23.618274889869944,26.244388687395492,6.21108078956604
C0592,64x64x32_relu_nesterov_lr0.005_wd0.005_do0.2_bs32_ns0_momentum0.9_nesterovTrue,64x64x32,3,160,relu,nesterov,0.005,0.005,0.2,32,0.0,0.9,True,,24.562597774486818,1.1166877267404631,24.333885600697208,0.22871217378961006,34.4,23.635475177042327,26.387693556447196,5.081458330154419
C0549,64x64x32_relu_nesterov_lr0.01_wd0.001_do0.2_bs32_ns0.05_momentum0.9_nesterovTrue,64x64x32,3,160,relu,nesterov,0.01,0.001,0.2,32,0.05,0.9,True,,24.56835947868515,1.0809839990476868,24.29457128378845,0.27378819489669937,21.6,23.64287405583019,26.160041353624855,3.9790425300598145
C0103,64_tanh_adam_lr0.005_wd0.005_do0.1_bs32_ns0,64,1,64,tanh,adam,0.005,0.005,0.1,32,0.0,,,,24.569968010796238,0.917997945882044,23.983453918423294,0.5865140923729442,39.2,23.91121683835994,26.187975431880226,4.04045295715332
C0139,64_relu_nesterov_lr0.001_wd0.005_do0.1_bs32_ns0_momentum0.9_nesterovTrue,64,1,64,relu,nesterov,0.001,0.005,0.1,32,0.0,0.9,True,,24.575667360013263,0.942969488904406,24.044158066066437,0.5315092939468258,53.2,23.48620386646439,25.822089802230494,4.131176948547363
C0141,64_relu_nesterov_lr0.001_wd0.005_do0.1_bs32_ns0.05_momentum0.9_nesterovTrue,64,1,64,relu,nesterov,0.001,0.005,0.1,32,0.05,0.9,True,,24.57865607699504,0.8779680356390855,23.94742042197665,0.63123565501839,56.6,23.550444851686596,25.72013593750856,4.442758321762085
C0140,64_relu_nesterov_lr0.001_wd0.005_do0.1_bs32_ns0.01_momentum0.9_nesterovTrue,64,1,64,relu,nesterov,0.001,0.005,0.1,32,0.01,0.9,True,,24.58480491099238,0.9125472828291611,23.898645266906247,0.686159644086132,62.2,23.47232787506632,25.74870108737614,4.779816389083862
C0130,64_relu_nesterov_lr0.001_wd0.001_do0.1_bs32_ns0_momentum0.9_nesterovTrue,64,1,64,relu,nesterov,0.001,0.001,0.1,32,0.0,0.9,True,,24.587049836939695,0.9443148674940638,24.043772116344094,0.5432777205956008,52.8,23.491040277932093,25.824214040828394,4.074682950973511
C0104,64_tanh_adam_lr0.005_wd0.005_do0.1_bs32_ns0.01,64,1,64,tanh,adam,0.005,0.005,0.1,32,0.01,,,,24.589969842204134,0.9542220408594653,24.00728193060811,0.5826879115960253,39.0,23.71285840463663,26.159763538552617,4.14336633682251
C0132,64_relu_nesterov_lr0.001_wd0.001_do0.1_bs32_ns0.05_momentum0.9_nesterovTrue,64,1,64,relu,nesterov,0.001,0.001,0.1,32,0.05,0.9,True,,24.5916505363157,0.8820753372157374,23.946750162263097,0.6449003740526038,56.6,23.545852953806968,25.72291508353058,4.522953748703003
C0098,64_tanh_adam_lr0.005_wd0.001_do0.2_bs32_ns0.01,64,1,64,tanh,adam,0.005,0.001,0.2,32,0.01,,,,24.6150413024507,1.0538336464626696,23.885366701440027,0.7296746010106716,44.0,23.367570356453836,26.24669431299092,4.472289085388184
C0131,64_relu_nesterov_lr0.001_wd0.001_do0.1_bs32_ns0.01_momentum0.9_nesterovTrue,64,1,64,relu,nesterov,0.001,0.001,0.1,32,0.01,0.9,True,,24.624818063081822,0.9358406962909933,23.91425101171683,0.7105670513649933,62.2,23.469783595601008,25.750316919467387,4.791439533233643
C0583,64x64x32_relu_nesterov_lr0.005_wd0.001_do0.2_bs32_ns0_momentum0.9_nesterovTrue,64x64x32,3,160,relu,nesterov,0.005,0.001,0.2,32,0.0,0.9,True,,24.629784130387744,1.0661558939972493,24.424761515647695,0.20502261474004868,32.6,23.71139906224902,26.401807692409903,4.90209174156189
C0167,64_tanh_nesterov_lr0.01_wd0.001_do0.1_bs32_ns0.01_momentum0.9_nesterovTrue,64,1,64,tanh,nesterov,0.01,0.001,0.1,32,0.01,0.9,True,,24.633988281683358,0.9055229866916354,23.987489278557025,0.6464990031263333,50.4,23.799176592502512,25.6161196651746,4.1413280963897705
C0072,64_tanh_adam_lr0.01_wd0.005_do0.2_bs32_ns0.05,64,1,64,tanh,adam,0.01,0.005,0.2,32,0.05,,,,24.639645452650235,0.8492196777110607,24.31695722345167,0.3226882291985653,32.2,23.958924572734222,26.076309373551453,3.6420767307281494
C0097,64_tanh_adam_lr0.005_wd0.001_do0.2_bs32_ns0,64,1,64,tanh,adam,0.005,0.001,0.2,32,0.0,,,,24.693415465794754,1.057256250149353,24.03091691232305,0.6624985534717034,38.2,23.374337261374215,26.207437396188965,3.9423201084136963
C0385,64x32_tanh_nesterov_lr0.01_wd0.001_do0.2_bs32_ns0_momentum0.9_nesterovTrue,64x32,2,96,tanh,nesterov,0.01,0.001,0.2,32,0.0,0.9,True,,24.732409834034208,1.3389228782678817,24.245892827328333,0.48651700670587417,40.6,23.472517400149986,26.67061963661526,4.408453464508057
C0584,64x64x32_relu_nesterov_lr0.005_wd0.001_do0.2_bs32_ns0.01_momentum0.9_nesterovTrue,64x64x32,3,160,relu,nesterov,0.005,0.001,0.2,32,0.01,0.9,True,,24.74828920637367,1.0186150489563623,24.47704404549752,0.27124516087614836,32.6,23.593021595429082,26.350059858396367,5.004378318786621
C0520,64x64x32_tanh_adam_lr0.001_wd0.005_do0.2_bs32_ns0,64x64x32,3,160,tanh,adam,0.001,0.005,0.2,32,0.0,,,,24.766570228103422,0.7440745644099872,24.269170750066024,0.4973994780373978,51.0,23.737828007112817,25.40718918061477,8.75380253791809
C0252,64x32_relu_adam_lr0.001_wd0.005_do0.2_bs32_ns0.05,64x32,2,96,relu,adam,0.001,0.005,0.2,32,0.05,,,,24.775499740625214,1.6479172800711297,24.446957677371735,0.32854206325347945,52.8,22.950477719062945,26.99634905042482,6.586258172988892
C0297,64x32_tanh_adam_lr0.001_wd0.001_do0.2_bs32_ns0.05,64x32,2,96,tanh,adam,0.001,0.001,0.2,32,0.05,,,,24.779116782233277,1.5588908972649855,24.109388267403702,0.6697285148295755,63.8,23.347953745358957,27.442025511478153,7.1796581745147705
C0071,64_tanh_adam_lr0.01_wd0.005_do0.2_bs32_ns0.01,64,1,64,tanh,adam,0.01,0.005,0.2,32,0.01,,,,24.78535855870757,0.7774537880081921,24.33484748182634,0.4505110768812308,30.0,23.9769648380585,26.07977654548364,3.4582135677337646
C0070,64_tanh_adam_lr0.01_wd0.005_do0.2_bs32_ns0,64,1,64,tanh,adam,0.01,0.005,0.2,32,0.0,,,,24.78574300865271,0.8577829937540373,24.541368236294804,0.2443747723579044,21.2,23.796700600418472,26.157628361313943,2.7840991020202637
C0513,64x64x32_tanh_adam_lr0.001_wd0.001_do0.2_bs32_ns0.05,64x64x32,3,160,tanh,adam,0.001,0.001,0.2,32,0.05,,,,24.80268853258909,1.7579117285022972,24.36075848243805,0.4419300501510399,48.0,22.88721885567978,26.982270940099813,8.334078550338745
C0603,64x64x32_tanh_nesterov_lr0.01_wd0.001_do0.2_bs32_ns0.05_momentum0.9_nesterovTrue,64x64x32,3,160,tanh,nesterov,0.01,0.001,0.2,32,0.05,0.9,True,,24.814554509259743,1.6562633552577728,24.447584113604243,0.3669703956554997,57.0,23.25045124231935,27.35076613022511,7.540702819824219
C0168,64_tanh_nesterov_lr0.01_wd0.001_do0.1_bs32_ns0.05_momentum0.9_nesterovTrue,64,1,64,tanh,nesterov,0.01,0.001,0.1,32,0.05,0.9,True,,24.824501048396392,0.7806397234722915,24.181784818973885,0.6427162294225077,41.8,23.785628662114853,25.64041358294734,3.649912118911743
C0099,64_tanh_adam_lr0.005_wd0.001_do0.2_bs32_ns0.05,64,1,64,tanh,adam,0.005,0.001,0.2,32,0.05,,,,24.825284654300827,0.8728070953180473,24.086989719804993,0.7382949344958334,33.6,23.981433575349534,26.27255550772901,3.7790355682373047
C0394,64x32_tanh_nesterov_lr0.01_wd0.005_do0.2_bs32_ns0_momentum0.9_nesterovTrue,64x32,2,96,tanh,nesterov,0.01,0.005,0.2,32,0.0,0.9,True,,24.849729921277152,1.2791755521085122,24.44352487183334,0.4062050494438125,37.2,23.622707969038466,26.686295607825446,4.0948052406311035
C0511,64x64x32_tanh_adam_lr0.001_wd0.001_do0.2_bs32_ns0,64x64x32,3,160,tanh,adam,0.001,0.001,0.2,32,0.0,,,,24.8517942710156,0.5901103396231219,24.29317245066155,0.5586218203540483,40.8,24.121735163269758,25.411315152761336,7.336367607116699
C0512,64x64x32_tanh_adam_lr0.001_wd0.001_do0.2_bs32_ns0.01,64x64x32,3,160,tanh,adam,0.001,0.001,0.2,32,0.01,,,,24.854409504463113,1.800824045860902,24.40506525331117,0.4493442511519419,45.4,22.35292654639902,26.971746898610228,8.021291494369507
C0522,64x64x32_tanh_adam_lr0.001_wd0.005_do0.2_bs32_ns0.05,64x64x32,3,160,tanh,adam,0.001,0.005,0.2,32,0.05,,,,24.86491855430196,0.9650444272930494,24.2972159486198,0.5677026056821575,58.2,23.656880318774192,26.166241844833944,9.79455041885376
C0243,64x32_relu_adam_lr0.001_wd0.001_do0.2_bs32_ns0.05,64x32,2,96,relu,adam,0.001,0.001,0.2,32,0.05,,,,24.888910724358123,1.4713746883957968,24.512097088639912,0.3768136357182108,41.6,22.944676245047233,27.009801147032743,5.560049533843994
C0349,64x32_relu_nesterov_lr0.001_wd0.001_do0.2_bs32_ns0_momentum0.9_nesterovTrue,64x32,2,96,relu,nesterov,0.001,0.001,0.2,32,0.0,0.9,True,,24.889624862102966,0.9473283627960407,24.60531454989996,0.28431031220300795,79.4,23.637074042981407,25.90408369466628,7.544090032577515
C0611,64x64x32_tanh_nesterov_lr0.01_wd0.005_do0.2_bs32_ns0.01_momentum0.9_nesterovTrue,64x64x32,3,160,tanh,nesterov,0.01,0.005,0.2,32,0.01,0.9,True,,24.895238047605062,1.5085441011649896,24.66521326917196,0.23002477843310132,54.8,23.51796184209825,27.280226332103688,7.533297300338745
C0199,64_tanh_nesterov_lr0.005_wd0.001_do0_bs32_ns0_momentum0.9_nesterovTrue,64,1,64,tanh,nesterov,0.005,0.001,0.0,32,0.0,0.9,True,,24.909245979386746,1.0977182688543758,24.181161283821904,0.7280846955648421,50.8,23.57772770304167,26.081891897527136,3.768918037414551
C0610,64x64x32_tanh_nesterov_lr0.01_wd0.005_do0.2_bs32_ns0_momentum0.9_nesterovTrue,64x64x32,3,160,tanh,nesterov,0.01,0.005,0.2,32,0.0,0.9,True,,24.92056061979238,1.900710402436947,24.492062944722303,0.4284976750700764,55.4,23.29096922567841,27.414342514492567,7.326347827911377
C0075,64_tanh_adam_lr0.001_wd0.001_do0_bs32_ns0.05,64,1,64,tanh,adam,0.001,0.001,0.0,32,0.05,,,,24.93109289273806,1.0904252777241512,24.388337688113136,0.5427552046249247,74.0,23.6438541876664,26.404957888898274,6.126836776733398
C0612,64x64x32_tanh_nesterov_lr0.01_wd0.005_do0.2_bs32_ns0.05_momentum0.9_nesterovTrue,64x64x32,3,160,tanh,nesterov,0.01,0.005,0.2,32,0.05,0.9,True,,24.941354243833523,1.5069165121272814,24.708906169693467,0.23244807414005564,54.4,23.516714044206097,27.322218126171368,7.640530109405518
C0242,64x32_relu_adam_lr0.001_wd0.001_do0.2_bs32_ns0.01,64x32,2,96,relu,adam,0.001,0.001,0.2,32,0.01,,,,24.95656502100553,1.5270840939308965,24.5960640879595,0.3605009330460298,35.0,22.9271197957992,27.00607696333458,4.9642627239227295
C0074,64_tanh_adam_lr0.001_wd0.001_do0_bs32_ns0.01,64,1,64,tanh,adam,0.001,0.001,0.0,32,0.01,,,,24.961914258725887,1.070122748731239,24.384650819626454,0.5772634390994327,74.0,23.710437582542585,26.419677753759924,6.1082775592803955
C0251,64x32_relu_adam_lr0.001_wd0.005_do0.2_bs32_ns0.01,64x32,2,96,relu,adam,0.001,0.005,0.2,32,0.01,,,,24.96548608624221,1.4712211219366305,24.61760902005158,0.34787706619062675,37.4,23.213247402127408,26.993867327289934,5.164647102355957
C0073,64_tanh_adam_lr0.001_wd0.001_do0_bs32_ns0,64,1,64,tanh,adam,0.001,0.001,0.0,32,0.0,,,,24.98380056186495,1.0405709267073422,24.413986127721344,0.5698144341436056,71.2,23.815156031852307,26.422406287977555,5.759408950805664
C0386,64x32_tanh_nesterov_lr0.01_wd0.001_do0.2_bs32_ns0.01_momentum0.9_nesterovTrue,64x32,2,96,tanh,nesterov,0.01,0.001,0.2,32,0.01,0.9,True,,25.026669440016338,1.23535986317731,24.6603341837252,0.36633525629113706,30.2,24.06905871113314,26.759730684311148,3.7236247062683105
C0395,64x32_tanh_nesterov_lr0.01_wd0.005_do0.2_bs32_ns0.01_momentum0.9_nesterovTrue,64x32,2,96,tanh,nesterov,0.01,0.005,0.2,32,0.01,0.9,True,,25.028019884634826,1.2183537039313617,24.678460407024318,0.34955947761050865,35.0,23.89448927959302,26.75390431909808,4.029209136962891
C0396,64x32_tanh_nesterov_lr0.01_wd0.005_do0.2_bs32_ns0.05_momentum0.9_nesterovTrue,64x32,2,96,tanh,nesterov,0.01,0.005,0.2,32,0.05,0.9,True,,25.050365273883926,1.2158989462212983,24.708900274294116,0.34146499958981025,35.0,23.935282885665256,26.775825900680456,4.0302112102508545
C0166,64_tanh_nesterov_lr0.01_wd0.001_do0.1_bs32_ns0_momentum0.9_nesterovTrue,64,1,64,tanh,nesterov,0.01,0.001,0.1,32,0.0,0.9,True,,25.05279856124165,0.9265077395179594,24.64535840637875,0.4074401548629005,27.4,23.63051126474946,25.791075298082678,2.696467161178589
C0421,64x32_tanh_nesterov_lr0.005_wd0.001_do0.2_bs32_ns0_momentum0.9_nesterovTrue,64x32,2,96,tanh,nesterov,0.005,0.001,0.2,32,0.0,0.9,True,,25.067358326255082,1.2697752954744395,24.625109184800273,0.4422491414548091,46.6,24.033993106491682,26.937693229341573,5.245392322540283
C0387,64x32_tanh_nesterov_lr0.01_wd0.001_do0.2_bs32_ns0.05_momentum0.9_nesterovTrue,64x32,2,96,tanh,nesterov,0.01,0.001,0.2,32,0.05,0.9,True,,25.06934502384625,1.2394131864195945,24.789229975547574,0.2801150482986756,26.0,24.06222953782367,26.78312614615776,3.440545082092285
C0176,64_tanh_nesterov_lr0.01_wd0.005_do0.1_bs32_ns0.01_momentum0.9_nesterovTrue,64,1,64,tanh,nesterov,0.01,0.005,0.1,32,0.01,0.9,True,,25.073918666615047,1.0045632554473354,24.549382709500858,0.524535957114189,33.6,23.945628236921664,25.94624088650729,3.1882996559143066
C0601,64x64x32_tanh_nesterov_lr0.01_wd0.001_do0.2_bs32_ns0_momentum0.9_nesterovTrue,64x64x32,3,160,tanh,nesterov,0.01,0.001,0.2,32,0.0,0.9,True,,25.07858676159438,1.8066800696182534,24.512446853105118,0.5661399084892622,48.8,23.48957464972314,27.43617155100204,6.518788576126099
C0358,64x32_relu_nesterov_lr0.001_wd0.005_do0.2_bs32_ns0_momentum0.9_nesterovTrue,64x32,2,96,relu,nesterov,0.001,0.005,0.2,32,0.0,0.9,True,,25.095314584983875,1.1772730247228234,24.72106051148584,0.3742540734980331,64.4,23.641112605923716,26.704176524760243,6.146810293197632
C0602,64x64x32_tanh_nesterov_lr0.01_wd0.001_do0.2_bs32_ns0.01_momentum0.9_nesterovTrue,64x64x32,3,160,tanh,nesterov,0.01,0.001,0.2,32,0.01,0.9,True,,25.097786708944454,1.5385567342670707,24.77521915874371,0.3225675502007448,45.0,23.182504513045394,27.30838402360511,6.310443639755249
C0107,64_tanh_adam_lr0.005_wd0.005_do0.2_bs32_ns0.01,64,1,64,tanh,adam,0.005,0.005,0.2,32,0.01,,,,25.100882450478416,0.9540554882677749,24.534928769316593,0.5659536811618224,30.8,23.93880892717278,26.424316946018337,3.5565474033355713
C0306,64x32_tanh_adam_lr0.001_wd0.005_do0.2_bs32_ns0.05,64x32,2,96,tanh,adam,0.001,0.005,0.2,32,0.05,,,,25.117219743297902,0.9650610835487408,24.460717725032694,0.6565020182652077,53.8,24.15750852307634,26.660169971696128,6.843647480010986
C0430,64x32_tanh_nesterov_lr0.005_wd0.005_do0.2_bs32_ns0_momentum0.9_nesterovTrue,64x32,2,96,tanh,nesterov,0.005,0.005,0.2,32,0.0,0.9,True,,25.124559499700347,1.2159705720122036,24.70138725681601,0.42317224288433763,50.2,24.089712741951086,26.926557945744996,4.827503204345703
C0295,64x32_tanh_adam_lr0.001_wd0.001_do0.2_bs32_ns0,64x32,2,96,tanh,adam,0.001,0.001,0.2,32,0.0,,,,25.12682142627939,0.5107480314617302,24.70331495815585,0.42350646812353787,36.6,24.473350089155613,25.675921699618108,4.6258180141448975
C0305,64x32_tanh_adam_lr0.001_wd0.005_do0.2_bs32_ns0.01,64x32,2,96,tanh,adam,0.001,0.005,0.2,32,0.01,,,,25.130207320189434,0.9632761058896235,24.47301270654119,0.6571946136482438,49.6,24.16799756041009,26.64734477627037,6.489997148513794
C0108,64_tanh_adam_lr0.005_wd0.005_do0.2_bs32_ns0.05,64,1,64,tanh,adam,0.005,0.005,0.2,32,0.05,,,,25.13767209638501,0.8880613392686656,24.597190473574965,0.5404816228100451,27.0,24.190101744743426,26.42792201903085,3.279770612716675
C0422,64x32_tanh_nesterov_lr0.005_wd0.001_do0.2_bs32_ns0.01_momentum0.9_nesterovTrue,64x32,2,96,tanh,nesterov,0.005,0.001,0.2,32,0.01,0.9,True,,25.142023646345717,1.258338117849616,24.644594426513372,0.49742921983234467,48.6,24.038078761527913,27.085563752766312,4.979024171829224
C0106,64_tanh_adam_lr0.005_wd0.005_do0.2_bs32_ns0,64,1,64,tanh,adam,0.005,0.005,0.2,32,0.0,,,,25.15366837512599,0.8223967724274003,24.733046998401136,0.4206213767248528,22.0,24.209461940316153,26.406727696817722,2.8573145866394043
C0423,64x32_tanh_nesterov_lr0.005_wd0.001_do0.2_bs32_ns0.05_momentum0.9_nesterovTrue,64x32,2,96,tanh,nesterov,0.005,0.001,0.2,32,0.05,0.9,True,,25.164555959506863,1.2608724275448395,24.67766308192658,0.486892877580285,48.6,24.057326329967367,27.113946962207603,4.961338043212891
C0201,64_tanh_nesterov_lr0.005_wd0.001_do0_bs32_ns0.05_momentum0.9_nesterovTrue,64,1,64,tanh,nesterov,0.005,0.001,0.0,32,0.05,0.9,True,,25.170408870458665,0.8239153185916289,24.76418394047438,0.40622492998428683,37.0,23.84980908391235,26.037229895498644,3.1445388793945312
C0177,64_tanh_nesterov_lr0.01_wd0.005_do0.1_bs32_ns0.05_momentum0.9_nesterovTrue,64,1,64,tanh,nesterov,0.01,0.005,0.1,32,0.05,0.9,True,,25.184799760128648,0.8623499708117338,24.741526418649595,0.4432733414790526,26.0,23.94089142864467,25.939610007719608,2.7366747856140137
C0200,64_tanh_nesterov_lr0.005_wd0.001_do0_bs32_ns0.01_momentum0.9_nesterovTrue,64,1,64,tanh,nesterov,0.005,0.001,0.0,32,0.01,0.9,True,,25.188548407949842,0.8160712060576973,24.539403145188693,0.6491452627611487,39.6,23.904116141579706,26.076904309806423,3.2806835174560547
C0431,64x32_tanh_nesterov_lr0.005_wd0.005_do0.2_bs32_ns0.01_momentum0.9_nesterovTrue,64x32,2,96,tanh,nesterov,0.005,0.005,0.2,32,0.01,0.9,True,,25.194843053200106,1.193711836376975,24.72777805927921,0.4670649939208964,48.8,24.134207435962452,27.04124491080009,4.569809436798096
C0432,64x32_tanh_nesterov_lr0.005_wd0.005_do0.2_bs32_ns0.05_momentum0.9_nesterovTrue,64x32,2,96,tanh,nesterov,0.005,0.005,0.2,32,0.05,0.9,True,,25.210035110988844,1.1944714913441836,24.75740215799208,0.4526329529967654,49.6,24.15008520059382,27.067399937778454,5.363982439041138
C0304,64x32_tanh_adam_lr0.001_wd0.005_do0.2_bs32_ns0,64x32,2,96,tanh,adam,0.001,0.005,0.2,32,0.0,,,,25.210336488372512,0.8389790202954686,24.632648206726646,0.5776882816458659,43.6,23.921355878934186,26.244855247758245,5.802944183349609
C0210,64_tanh_nesterov_lr0.005_wd0.005_do0_bs32_ns0.05_momentum0.9_nesterovTrue,64,1,64,tanh,nesterov,0.005,0.005,0.0,32,0.05,0.9,True,,25.21390940870912,0.82783323810139,24.654590392987195,0.5593190157219254,40.4,23.901903231937155,26.021680915032334,3.339470148086548
C0084,64_tanh_adam_lr0.001_wd0.005_do0_bs32_ns0.05,64,1,64,tanh,adam,0.001,0.005,0.0,32,0.05,,,,25.22407617418651,0.8496289631914837,24.82155950218198,0.40251667200453056,49.0,24.350185279878673,26.539883556197786,4.64013409614563
C0209,64_tanh_nesterov_lr0.005_wd0.005_do0_bs32_ns0.01_momentum0.9_nesterovTrue,64,1,64,tanh,nesterov,0.005,0.005,0.0,32,0.01,0.9,True,,25.22975906601416,0.8255628104280266,24.652436031460365,0.5773230345537961,40.6,23.929601856986586,26.057381340891578,3.355686902999878
C0208,64_tanh_nesterov_lr0.005_wd0.005_do0_bs32_ns0_momentum0.9_nesterovTrue,64,1,64,tanh,nesterov,0.005,0.005,0.0,32,0.0,0.9,True,,25.230963775075264,0.8245570236444895,24.652138402865365,0.5788253722098986,40.6,23.934000039119116,26.06191208179145,3.2258589267730713
C0083,64_tanh_adam_lr0.001_wd0.005_do0_bs32_ns0.01,64,1,64,tanh,adam,0.001,0.005,0.0,32,0.01,,,,25.240033845599193,0.8460645222479266,24.818624456344907,0.4214093892542863,49.0,24.370193826613217,26.549931460450495,4.634298086166382
C0082,64_tanh_adam_lr0.001_wd0.005_do0_bs32_ns0,64,1,64,tanh,adam,0.001,0.005,0.0,32,0.0,,,,25.241082605939244,0.8459245980597153,24.8182281063476,0.4228544995916437,49.0,24.372315538486077,26.551554203858426,4.431858539581299
C0521,64x64x32_tanh_adam_lr0.001_wd0.005_do0.2_bs32_ns0.01,64x64x32,3,160,tanh,adam,0.001,0.005,0.2,32,0.01,,,,25.282517195878178,1.2029099715257503,24.84506655473829,0.43745064113988974,37.6,24.203947816272724,26.962183931277366,7.113865613937378
C0467,64x64x32_relu_adam_lr0.001_wd0.005_do0.2_bs32_ns0.01,64x64x32,3,160,relu,adam,0.001,0.005,0.2,32,0.01,,,,25.28877058089778,1.7814942314942293,25.318363663264556,-0.029593082366776713,23.0,23.33878610637088,27.40713587265634,5.216542720794678
C0175,64_tanh_nesterov_lr0.01_wd0.005_do0.1_bs32_ns0_momentum0.9_nesterovTrue,64,1,64,tanh,nesterov,0.01,0.005,0.1,32,0.0,0.9,True,,25.29440075735743,1.0939132613102074,24.74487706708576,0.5495236902716698,25.2,23.78904166251674,26.6184734856168,2.5807254314422607
C0458,64x64x32_relu_adam_lr0.001_wd0.001_do0.2_bs32_ns0.01,64x64x32,3,160,relu,adam,0.001,0.001,0.2,32,0.01,,,,25.306354725380057,1.76364319690162,25.27661072283521,0.02974400254484877,24.4,23.31677003184695,27.416420164538824,5.562237739562988
C0202,64_tanh_nesterov_lr0.005_wd0.001_do0.1_bs32_ns0_momentum0.9_nesterovTrue,64,1,64,tanh,nesterov,0.005,0.001,0.1,32,0.0,0.9,True,,25.328848817715137,0.6662757793636823,24.69597969279066,0.6328691249244756,46.8,24.34720752288461,26.01251703639458,3.8079493045806885
C0468,64x64x32_relu_adam_lr0.001_wd0.005_do0.2_bs32_ns0.05,64x64x32,3,160,relu,adam,0.001,0.005,0.2,32,0.05,,,,25.365139605744325,1.657843587241931,25.425646715061884,-0.06050710931755887,23.6,23.341609157360296,27.396353994194556,5.32699179649353
C0170,64_tanh_nesterov_lr0.01_wd0.001_do0.2_bs32_ns0.01_momentum0.9_nesterovTrue,64,1,64,tanh,nesterov,0.01,0.001,0.2,32,0.01,0.9,True,,25.42384701701536,0.7834519672850505,24.97381239776545,0.45003461924990873,19.8,24.30167544392385,26.235267867606172,2.3534977436065674
C0180,64_tanh_nesterov_lr0.01_wd0.005_do0.2_bs32_ns0.05_momentum0.9_nesterovTrue,64,1,64,tanh,nesterov,0.01,0.005,0.2,32,0.05,0.9,True,,25.429230650718477,0.8114844332463738,25.015933547274606,0.4132971034438704,21.2,24.305552450204964,26.384226367731923,2.448486566543579
C0211,64_tanh_nesterov_lr0.005_wd0.005_do0.1_bs32_ns0_momentum0.9_nesterovTrue,64,1,64,tanh,nesterov,0.005,0.005,0.1,32,0.0,0.9,True,,25.43334667331289,0.7117971471204205,24.883249136838543,0.5500975364743468,39.6,24.46285021080309,26.163387027776366,3.407104730606079
C0179,64_tanh_nesterov_lr0.01_wd0.005_do0.2_bs32_ns0.01_momentum0.9_nesterovTrue,64,1,64,tanh,nesterov,0.01,0.005,0.2,32,0.01,0.9,True,,25.454675551425634,0.8149942083903542,25.022452082238225,0.4322234691874094,19.4,24.333514466617867,26.40531612099222,2.3342807292938232
C0648,64x64x32_tanh_nesterov_lr0.005_wd0.005_do0.2_bs32_ns0.05_momentum0.9_nesterovTrue,64x64x32,3,160,tanh,nesterov,0.005,0.005,0.2,32,0.05,0.9,True,,25.474314350822304,1.3070766308459694,25.265951709639573,0.20836264118273107,65.2,23.786140132301103,27.223982049060254,8.457141160964966
C0076,64_tanh_adam_lr0.001_wd0.001_do0.1_bs32_ns0,64,1,64,tanh,adam,0.001,0.001,0.1,32,0.0,,,,25.489471303430708,0.650884677202979,25.22615265662464,0.2633186468060664,31.0,24.755240006544206,26.04860152775816,3.4476263523101807
C0078,64_tanh_adam_lr0.001_wd0.001_do0.1_bs32_ns0.05,64,1,64,tanh,adam,0.001,0.001,0.1,32,0.05,,,,25.4913991678271,0.7141474868573457,25.188540014741918,0.3028591530851834,28.6,24.693282638344233,26.302419700740547,3.3802146911621094
C0466,64x64x32_relu_adam_lr0.001_wd0.005_do0.2_bs32_ns0,64x64x32,3,160,relu,adam,0.001,0.005,0.2,32,0.0,,,,25.499806572185822,1.9433975134001735,25.402352261591084,0.0974543105947383,29.0,23.33161124980949,28.288348596914933,5.8082053661346436
C0171,64_tanh_nesterov_lr0.01_wd0.001_do0.2_bs32_ns0.05_momentum0.9_nesterovTrue,64,1,64,tanh,nesterov,0.01,0.001,0.2,32,0.05,0.9,True,,25.50229984885247,0.9343996999820502,25.019134955670513,0.4831648931819572,19.6,24.269803697520928,26.72737406738018,2.347442865371704
C0359,64x32_relu_nesterov_lr0.001_wd0.005_do0.2_bs32_ns0.01_momentum0.9_nesterovTrue,64x32,2,96,relu,nesterov,0.001,0.005,0.2,32,0.01,0.9,True,,25.513550159496663,1.2119328449551896,25.1523066004724,0.3612435590242633,39.8,24.036870057247175,26.779042023395466,4.401225328445435
C0351,64x32_relu_nesterov_lr0.001_wd0.001_do0.2_bs32_ns0.05_momentum0.9_nesterovTrue,64x32,2,96,relu,nesterov,0.001,0.001,0.2,32,0.05,0.9,True,,25.513792260418064,1.2229590118242633,25.17429637166655,0.3394958887515145,36.2,24.04396804207201,26.825392887232248,4.313075304031372
C0077,64_tanh_adam_lr0.001_wd0.001_do0.1_bs32_ns0.01,64,1,64,tanh,adam,0.001,0.001,0.1,32,0.01,,,,25.52745874275289,0.6955135499160428,25.263047430400256,0.26441131235263526,25.8,24.69502052618177,26.3162821653713,3.179685115814209
C0178,64_tanh_nesterov_lr0.01_wd0.005_do0.2_bs32_ns0_momentum0.9_nesterovTrue,64,1,64,tanh,nesterov,0.01,0.005,0.2,32,0.0,0.9,True,,25.5374860685859,0.6690520621397288,25.35149061208551,0.18599545650038962,14.2,24.74565149859534,26.40514362565343,1.9505479335784912
C0086,64_tanh_adam_lr0.001_wd0.005_do0.1_bs32_ns0.01,64,1,64,tanh,adam,0.001,0.005,0.1,32,0.01,,,,25.542891850662276,0.7330832714045113,25.29220759608442,0.25068425457785537,25.8,24.679865090691276,26.430282921569273,3.2149083614349365
C0360,64x32_relu_nesterov_lr0.001_wd0.005_do0.2_bs32_ns0.05_momentum0.9_nesterovTrue,64x32,2,96,relu,nesterov,0.001,0.005,0.2,32,0.05,0.9,True,,25.55182215433436,1.2044203307213228,25.2004876343932,0.3513345199411617,35.4,24.04040646066368,26.820236600355543,4.1535727977752686
C0169,64_tanh_nesterov_lr0.01_wd0.001_do0.2_bs32_ns0_momentum0.9_nesterovTrue,64,1,64,tanh,nesterov,0.01,0.001,0.2,32,0.0,0.9,True,,25.553266900336048,0.6598694491474463,25.239063923169084,0.3142029771669641,17.6,24.757822209555393,26.260872679079142,2.1764771938323975
C0350,64x32_relu_nesterov_lr0.001_wd0.001_do0.2_bs32_ns0.01_momentum0.9_nesterovTrue,64x32,2,96,relu,nesterov,0.001,0.001,0.2,32,0.01,0.9,True,,25.56037300908313,1.1830622738244387,25.185995426949138,0.37437758213399164,35.2,24.068291257451907,26.783354926101445,4.317968130111694
C0087,64_tanh_adam_lr0.001_wd0.005_do0.1_bs32_ns0.05,64,1,64,tanh,adam,0.001,0.005,0.1,32,0.05,,,,25.58194747261832,0.8004044913657107,25.325983792780256,0.25596367983806445,22.8,24.678116849379848,26.658252145221706,3.002750873565674
C0457,64x64x32_relu_adam_lr0.001_wd0.001_do0.2_bs32_ns0,64x64x32,3,160,relu,adam,0.001,0.001,0.2,32,0.0,,,,25.59355823297807,1.8922021096441566,25.48943861132781,0.10411962165025912,25.0,23.212511512063195,28.28590319810711,5.533827781677246
C0204,64_tanh_nesterov_lr0.005_wd0.001_do0.1_bs32_ns0.05_momentum0.9_nesterovTrue,64,1,64,tanh,nesterov,0.005,0.001,0.1,32,0.05,0.9,True,,25.594791088996562,0.7323264271068164,25.188832972000434,0.4059581169961284,19.6,24.6449214072595,26.42991584234202,2.3679137229919434
C0085,64_tanh_adam_lr0.001_wd0.005_do0.1_bs32_ns0,64,1,64,tanh,adam,0.001,0.005,0.1,32,0.0,,,,25.595462438960332,0.7966082893433752,25.34375199023178,0.2517104487285522,24.4,24.748184430415655,26.591016291132327,3.018707275390625
C0647,64x64x32_tanh_nesterov_lr0.005_wd0.005_do0.2_bs32_ns0.01_momentum0.9_nesterovTrue,64x64x32,3,160,tanh,nesterov,0.005,0.005,0.2,32,0.01,0.9,True,,25.60005108028481,1.0905235370028463,25.371596057776433,0.22845502250837768,46.8,24.525181115245207,27.223995035394296,6.685797452926636
C0203,64_tanh_nesterov_lr0.005_wd0.001_do0.1_bs32_ns0.01_momentum0.9_nesterovTrue,64,1,64,tanh,nesterov,0.005,0.001,0.1,32,0.01,0.9,True,,25.603096794748563,0.745345995281639,25.154418681931396,0.4486781128171664,21.8,24.64080809503225,26.448874793878883,2.489656686782837
C0212,64_tanh_nesterov_lr0.005_wd0.005_do0.1_bs32_ns0.01_momentum0.9_nesterovTrue,64,1,64,tanh,nesterov,0.005,0.005,0.1,32,0.01,0.9,True,,25.616707038536816,0.86560371146652,25.20375754614513,0.4129494923916859,19.4,24.498171212618786,26.70498827003514,2.3421847820281982
C0205,64_tanh_nesterov_lr0.005_wd0.001_do0.2_bs32_ns0_momentum0.9_nesterovTrue,64,1,64,tanh,nesterov,0.005,0.001,0.2,32,0.0,0.9,True,,25.6411478331158,0.6733555865368722,25.227565366223324,0.4135824668924748,22.6,24.90768956719706,26.380981488392944,2.45609188079834
C0213,64_tanh_nesterov_lr0.005_wd0.005_do0.1_bs32_ns0.05_momentum0.9_nesterovTrue,64,1,64,tanh,nesterov,0.005,0.005,0.1,32,0.05,0.9,True,,25.64118240649355,0.8167293337968335,25.232678560380712,0.4085038461128363,17.6,24.64114850041739,26.70782464276432,2.2355446815490723
C0214,64_tanh_nesterov_lr0.005_wd0.005_do0.2_bs32_ns0_momentum0.9_nesterovTrue,64,1,64,tanh,nesterov,0.005,0.005,0.2,32,0.0,0.9,True,,25.64864404861139,0.7032556741445627,25.24330186868095,0.4053421799304431,22.6,24.89569088469252,26.478676972977176,2.464265823364258
C0088,64_tanh_adam_lr0.001_wd0.005_do0.2_bs32_ns0,64,1,64,tanh,adam,0.001,0.005,0.2,32,0.0,,,,25.686588941831996,0.8796189615140423,25.318965210908615,0.3676237309233805,24.2,24.681622243943384,26.753416493540158,3.0091652870178223
C0216,64_tanh_nesterov_lr0.005_wd0.005_do0.2_bs32_ns0.05_momentum0.9_nesterovTrue,64,1,64,tanh,nesterov,0.005,0.005,0.2,32,0.05,0.9,True,,25.686629487872473,0.8019737020861286,25.372986716643915,0.3136427712285581,14.0,24.839164390391694,26.769764459886183,2.0461394786834717
C0079,64_tanh_adam_lr0.001_wd0.001_do0.2_bs32_ns0,64,1,64,tanh,adam,0.001,0.001,0.2,32,0.0,,,,25.687377460367163,0.8576257163588681,25.475536325075044,0.21184113529211857,26.0,24.710665326238566,26.680465078987844,3.090639114379883
C0090,64_tanh_adam_lr0.001_wd0.005_do0.2_bs32_ns0.05,64,1,64,tanh,adam,0.001,0.005,0.2,32,0.05,,,,25.691210980848137,0.8966469647134994,25.50358942244504,0.18762155840309802,16.8,24.621131131267198,26.772187807797117,2.610264301300049
C0215,64_tanh_nesterov_lr0.005_wd0.005_do0.2_bs32_ns0.01_momentum0.9_nesterovTrue,64,1,64,tanh,nesterov,0.005,0.005,0.2,32,0.01,0.9,True,,25.693358101377306,0.8063587946264027,25.381643967004113,0.31171413437319373,14.0,24.837725375730095,26.7719091252926,2.036895513534546
C0207,64_tanh_nesterov_lr0.005_wd0.001_do0.2_bs32_ns0.05_momentum0.9_nesterovTrue,64,1,64,tanh,nesterov,0.005,0.001,0.2,32,0.05,0.9,True,,25.69441584797549,0.7938032332689431,25.37715895590173,0.3172568920737575,14.0,24.850497066555096,26.751952763426857,2.0305559635162354
C0089,64_tanh_adam_lr0.001_wd0.005_do0.2_bs32_ns0.01,64,1,64,tanh,adam,0.001,0.005,0.2,32,0.01,,,,25.69878444479046,0.9114752744446691,25.510374632009125,0.18840981278133384,16.8,24.620986774003278,26.80142335358346,2.6366114616394043
C0206,64_tanh_nesterov_lr0.005_wd0.001_do0.2_bs32_ns0.01_momentum0.9_nesterovTrue,64,1,64,tanh,nesterov,0.005,0.001,0.2,32,0.01,0.9,True,,25.702451098265936,0.7991093856236623,25.38681319970816,0.3156378985577746,14.0,24.84919361440467,26.75604450826206,2.021148681640625
C0081,64_tanh_adam_lr0.001_wd0.001_do0.2_bs32_ns0.05,64,1,64,tanh,adam,0.001,0.001,0.2,32,0.05,,,,25.70253398739435,0.8784704706603015,25.624055019614502,0.07847896777984786,16.0,24.658175676714183,26.740882240263364,2.5816264152526855
C0080,64_tanh_adam_lr0.001_wd0.001_do0.2_bs32_ns0.01,64,1,64,tanh,adam,0.001,0.001,0.2,32,0.01,,,,25.706195388549,0.9014570172305059,25.511656697953768,0.19453869059523043,16.8,24.634497554365403,26.773069523741395,2.5832090377807617
C0400,64x32_tanh_nesterov_lr0.001_wd0.001_do0.1_bs32_ns0_momentum0.9_nesterovTrue,64x32,2,96,tanh,nesterov,0.001,0.001,0.1,32,0.0,0.9,True,,25.74540489935574,0.9937006512082858,25.2645528296098,0.4808520697459393,58.4,24.612125097120998,27.29791495870888,5.759975910186768
C0409,64x32_tanh_nesterov_lr0.001_wd0.005_do0.1_bs32_ns0_momentum0.9_nesterovTrue,64x32,2,96,tanh,nesterov,0.001,0.005,0.1,32,0.0,0.9,True,,25.747062287688255,0.9903666985624164,25.273501098867694,0.4735611888205611,58.4,24.60310375592808,27.290835014006042,5.645490884780884
C0401,64x32_tanh_nesterov_lr0.001_wd0.001_do0.1_bs32_ns0.01_momentum0.9_nesterovTrue,64x32,2,96,tanh,nesterov,0.001,0.001,0.1,32,0.01,0.9,True,,25.759264879174886,0.9368602386315672,25.324960251530676,0.4343046276442095,56.6,24.879304609319984,27.22824827857794,5.788633346557617
C0402,64x32_tanh_nesterov_lr0.001_wd0.001_do0.1_bs32_ns0.05_momentum0.9_nesterovTrue,64x32,2,96,tanh,nesterov,0.001,0.001,0.1,32,0.05,0.9,True,,25.76135764990955,0.9493044239464796,25.333223249318678,0.4281344005908707,56.0,24.889351202062112,27.255555817235027,5.742669105529785
C0411,64x32_tanh_nesterov_lr0.001_wd0.005_do0.1_bs32_ns0.05_momentum0.9_nesterovTrue,64x32,2,96,tanh,nesterov,0.001,0.005,0.1,32,0.05,0.9,True,,25.765775434512072,0.9384982999566264,25.34565173882229,0.4201236956897816,56.4,24.8730347097376,27.2392278490287,5.969485282897949
C0410,64x32_tanh_nesterov_lr0.001_wd0.005_do0.1_bs32_ns0.01_momentum0.9_nesterovTrue,64x32,2,96,tanh,nesterov,0.001,0.005,0.1,32,0.01,0.9,True,,25.770617233284206,0.9414442146154465,25.338164874457185,0.43245235882702104,56.0,24.863118658681167,27.25022073678802,5.863078355789185
C0193,64_tanh_nesterov_lr0.001_wd0.005_do0.1_bs32_ns0_momentum0.9_nesterovTrue,64,1,64,tanh,nesterov,0.001,0.005,0.1,32,0.0,0.9,True,,25.838904807654266,0.9656904149234126,25.718079685867586,0.12082512178668026,29.2,24.74758852986652,27.117994551939706,2.828564167022705
C0639,64x64x32_tanh_nesterov_lr0.005_wd0.001_do0.2_bs32_ns0.05_momentum0.9_nesterovTrue,64x64x32,3,160,tanh,nesterov,0.005,0.001,0.2,32,0.05,0.9,True,,25.868483440498437,0.9394631359835964,25.61824877213786,0.2502346683605765,37.8,24.588192699655078,27.24073927035055,5.991127252578735
C0627,64x64x32_tanh_nesterov_lr0.001_wd0.005_do0.1_bs32_ns0.05_momentum0.9_nesterovTrue,64x64x32,3,160,tanh,nesterov,0.001,0.005,0.1,32,0.05,0.9,True,,25.880391560267356,0.7300624355961964,25.37468144606405,0.5057101142033069,50.4,25.13726156540404,27.02228518893611,6.014431715011597
C0198,64_tanh_nesterov_lr0.001_wd0.005_do0.2_bs32_ns0.05_momentum0.9_nesterovTrue,64,1,64,tanh,nesterov,0.001,0.005,0.2,32,0.05,0.9,True,,25.881728972548917,1.0780953224175727,25.774822012617182,0.10690695993173449,18.0,24.648617977587676,27.361700132792624,2.272310972213745
C0197,64_tanh_nesterov_lr0.001_wd0.005_do0.2_bs32_ns0.01_momentum0.9_nesterovTrue,64,1,64,tanh,nesterov,0.001,0.005,0.2,32,0.01,0.9,True,,25.882967817599187,1.081472798207338,25.78031320761604,0.1026546099831478,18.0,24.64743900369163,27.359857028187275,2.2701363563537598
C0459,64x64x32_relu_adam_lr0.001_wd0.001_do0.2_bs32_ns0.05,64x64x32,3,160,relu,adam,0.001,0.001,0.2,32,0.05,,,,25.887668054601072,1.1724215168206609,25.91483672045456,-0.02716866585348754,14.8,24.102610951490345,27.39029525713056,4.275846004486084
C0189,64_tanh_nesterov_lr0.001_wd0.001_do0.2_bs32_ns0.05_momentum0.9_nesterovTrue,64,1,64,tanh,nesterov,0.001,0.001,0.2,32,0.05,0.9,True,,25.890410360396693,1.0786345791169247,25.783688241801645,0.10672211859504799,18.0,24.654960308166757,27.36642109271812,2.2794060707092285
C0188,64_tanh_nesterov_lr0.001_wd0.001_do0.2_bs32_ns0.01_momentum0.9_nesterovTrue,64,1,64,tanh,nesterov,0.001,0.001,0.2,32,0.01,0.9,True,,25.89178588051116,1.0821145813602222,25.789331426418094,0.10245445409306697,18.0,24.653775103213786,27.364549486846784,2.267920732498169
C0618,64x64x32_tanh_nesterov_lr0.001_wd0.001_do0.1_bs32_ns0.05_momentum0.9_nesterovTrue,64x64x32,3,160,tanh,nesterov,0.001,0.001,0.1,32,0.05,0.9,True,,25.89730435598393,0.7296112305248904,25.38163792611559,0.5156664298683395,50.4,25.175354054409393,27.042551358068856,7.245246648788452
C0184,64_tanh_nesterov_lr0.001_wd0.001_do0.1_bs32_ns0_momentum0.9_nesterovTrue,64,1,64,tanh,nesterov,0.001,0.001,0.1,32,0.0,0.9,True,,25.905531936432975,1.064581227677659,25.802107478508354,0.1034244579246213,22.2,24.751852160485118,27.407585615335403,2.447838544845581
C0196,64_tanh_nesterov_lr0.001_wd0.005_do0.2_bs32_ns0_momentum0.9_nesterovTrue,64,1,64,tanh,nesterov,0.001,0.005,0.2,32,0.0,0.9,True,,25.905750071785928,1.0852035246191047,25.750344149299487,0.15540592248644103,20.2,24.69699566463778,27.39783994645876,2.307145118713379
C0195,64_tanh_nesterov_lr0.001_wd0.005_do0.1_bs32_ns0.05_momentum0.9_nesterovTrue,64,1,64,tanh,nesterov,0.001,0.005,0.1,32,0.05,0.9,True,,25.908445505745256,1.086804709997747,25.789080499245166,0.11936500650008952,18.0,24.70508422157929,27.414682529152593,2.2774295806884766
C0187,64_tanh_nesterov_lr0.001_wd0.001_do0.2_bs32_ns0_momentum0.9_nesterovTrue,64,1,64,tanh,nesterov,0.001,0.001,0.2,32,0.0,0.9,True,,25.915330244484487,1.085764852941449,25.759755230169255,0.15557501431523235,20.2,24.703979166836632,27.403781208304384,2.321950912475586
C0194,64_tanh_nesterov_lr0.001_wd0.005_do0.1_bs32_ns0.01_momentum0.9_nesterovTrue,64,1,64,tanh,nesterov,0.001,0.005,0.1,32,0.01,0.9,True,,25.91698009697878,1.0914391215987949,25.79538842599579,0.12159167098299051,17.8,24.704532492190644,27.418803328705234,2.2653605937957764
C0186,64_tanh_nesterov_lr0.001_wd0.001_do0.1_bs32_ns0.05_momentum0.9_nesterovTrue,64,1,64,tanh,nesterov,0.001,0.001,0.1,32,0.05,0.9,True,,25.92245035923641,1.0874155600661781,25.800325378345992,0.12212498089041901,17.8,24.71183476606393,27.419055443548064,2.277009963989258
C0192,64_tanh_nesterov_lr0.001_wd0.005_do0_bs32_ns0.05_momentum0.9_nesterovTrue,64,1,64,tanh,nesterov,0.001,0.005,0.0,32,0.05,0.9,True,,25.925111616136654,1.0675410381246067,25.8664772953477,0.05863432078895414,17.2,24.7749432206737,27.41861435105154,2.084017515182495
C0185,64_tanh_nesterov_lr0.001_wd0.001_do0.1_bs32_ns0.01_momentum0.9_nesterovTrue,64,1,64,tanh,nesterov,0.001,0.001,0.1,32,0.01,0.9,True,,25.925729941815156,1.0917421224590935,25.804406162488146,0.12132377932701033,17.8,24.71128212949257,27.42323546188006,2.3992111682891846
C0191,64_tanh_nesterov_lr0.001_wd0.005_do0_bs32_ns0.01_momentum0.9_nesterovTrue,64,1,64,tanh,nesterov,0.001,0.005,0.0,32,0.01,0.9,True,,25.930497767832815,1.0644710383008815,25.870263832608863,0.06023393522395182,17.2,24.777357275302897,27.409274131873456,2.085153341293335
C0190,64_tanh_nesterov_lr0.001_wd0.005_do0_bs32_ns0_momentum0.9_nesterovTrue,64,1,64,tanh,nesterov,0.001,0.005,0.0,32,0.0,0.9,True,,25.93090828406694,1.0632147083704502,25.8704647000732,0.06044358399374161,17.2,24.778109938178424,27.406480185145416,1.9863271713256836
C0183,64_tanh_nesterov_lr0.001_wd0.001_do0_bs32_ns0.05_momentum0.9_nesterovTrue,64,1,64,tanh,nesterov,0.001,0.001,0.0,32,0.05,0.9,True,,25.933657268807742,1.0683036062175075,25.874917189544806,0.05874007926293601,17.2,24.779389645474772,27.42314425888742,2.064871311187744
C0182,64_tanh_nesterov_lr0.001_wd0.001_do0_bs32_ns0.01_momentum0.9_nesterovTrue,64,1,64,tanh,nesterov,0.001,0.001,0.0,32,0.01,0.9,True,,25.939188303024288,1.065253542555421,25.878816445186885,0.06037185783740284,17.2,24.78181329710833,27.413701725599015,2.0674450397491455
C0181,64_tanh_nesterov_lr0.001_wd0.001_do0_bs32_ns0_momentum0.9_nesterovTrue,64,1,64,tanh,nesterov,0.001,0.001,0.0,32,0.0,0.9,True,,25.93960229358201,1.0639871354640815,25.879017870811207,0.06058442277080189,17.2,24.782570831060006,27.410878590214075,2.009532928466797
C0638,64x64x32_tanh_nesterov_lr0.005_wd0.001_do0.2_bs32_ns0.01_momentum0.9_nesterovTrue,64x64x32,3,160,tanh,nesterov,0.005,0.001,0.2,32,0.01,0.9,True,,25.992523838323184,1.0189018923390198,25.731606738296165,0.26091710002701873,31.0,24.533593328250593,27.241466469472346,5.338364362716675
C0626,64x64x32_tanh_nesterov_lr0.001_wd0.005_do0.1_bs32_ns0.01_momentum0.9_nesterovTrue,64x64x32,3,160,tanh,nesterov,0.001,0.005,0.1,32,0.01,0.9,True,,26.000606214980557,0.7202596841057594,25.518319778655787,0.4822864363247703,43.4,25.113610978024376,26.999085403112492,5.362088441848755
C0412,64x32_tanh_nesterov_lr0.001_wd0.005_do0.2_bs32_ns0_momentum0.9_nesterovTrue,64x32,2,96,tanh,nesterov,0.001,0.005,0.2,32,0.0,0.9,True,,26.002537122589693,0.9550423007674486,25.689100966982473,0.3134361556072207,46.2,24.919746605916227,27.462813159166977,5.0186920166015625
C0403,64x32_tanh_nesterov_lr0.001_wd0.001_do0.2_bs32_ns0_momentum0.9_nesterovTrue,64x32,2,96,tanh,nesterov,0.001,0.001,0.2,32,0.0,0.9,True,,26.017038447123184,0.9559767909539408,25.699620384224538,0.31741806289864627,46.2,24.933876621873818,27.47747816689348,4.814131259918213
C0617,64x64x32_tanh_nesterov_lr0.001_wd0.001_do0.1_bs32_ns0.01_momentum0.9_nesterovTrue,64x64x32,3,160,tanh,nesterov,0.001,0.001,0.1,32,0.01,0.9,True,,26.02308399314044,0.7160805429210824,25.532442915208417,0.49064107793202183,43.4,25.150755864784124,27.01896212747973,6.683944463729858
C0574,64x64x32_relu_nesterov_lr0.001_wd0.005_do0.2_bs32_ns0_momentum0.9_nesterovTrue,64x64x32,3,160,relu,nesterov,0.001,0.005,0.2,32,0.0,0.9,True,,26.087819873317653,0.9896680640095384,25.81253181496088,0.2752880583567716,19.8,25.247451028622514,27.66290599483935,3.7771968841552734
C0625,64x64x32_tanh_nesterov_lr0.001_wd0.005_do0.1_bs32_ns0_momentum0.9_nesterovTrue,64x64x32,3,160,tanh,nesterov,0.001,0.005,0.1,32,0.0,0.9,True,,26.148175716510337,0.7264940716084803,25.52430771543471,0.6238680010756283,50.6,25.28804992495853,26.927312775757365,5.872888088226318
C0413,64x32_tanh_nesterov_lr0.001_wd0.005_do0.2_bs32_ns0.01_momentum0.9_nesterovTrue,64x32,2,96,tanh,nesterov,0.001,0.005,0.2,32,0.01,0.9,True,,26.15434578021054,1.0712534545492463,25.84327659484351,0.31106918536703176,31.6,24.783643196423192,27.774334206547746,3.6492083072662354
C0414,64x32_tanh_nesterov_lr0.001_wd0.005_do0.2_bs32_ns0.05_momentum0.9_nesterovTrue,64x32,2,96,tanh,nesterov,0.001,0.005,0.2,32,0.05,0.9,True,,26.16091767372341,1.073477347247304,25.846456215980407,0.31446145774300405,31.6,24.789514886331574,27.785794862583344,3.430386543273926
C0404,64x32_tanh_nesterov_lr0.001_wd0.001_do0.2_bs32_ns0.01_momentum0.9_nesterovTrue,64x32,2,96,tanh,nesterov,0.001,0.001,0.2,32,0.01,0.9,True,,26.170242223048273,1.070444300906055,25.85811136444216,0.312130858606114,31.6,24.797518164567567,27.78470305007488,3.9074957370758057
C0575,64x64x32_relu_nesterov_lr0.001_wd0.005_do0.2_bs32_ns0.01_momentum0.9_nesterovTrue,64x64x32,3,160,relu,nesterov,0.001,0.005,0.2,32,0.01,0.9,True,,26.174902291290387,1.058519091823668,26.130458038602207,0.044444252688180086,12.2,25.278899491617736,27.89286119901633,3.1295785903930664
C0405,64x32_tanh_nesterov_lr0.001_wd0.001_do0.2_bs32_ns0.05_momentum0.9_nesterovTrue,64x32,2,96,tanh,nesterov,0.001,0.001,0.2,32,0.05,0.9,True,,26.177071118720285,1.0726988618856814,25.861506992075668,0.31556412664461675,31.6,24.803346845380077,27.79639270763347,3.8929457664489746
C0565,64x64x32_relu_nesterov_lr0.001_wd0.001_do0.2_bs32_ns0_momentum0.9_nesterovTrue,64x64x32,3,160,relu,nesterov,0.001,0.001,0.2,32,0.0,0.9,True,,26.21089173786649,0.9851421539763304,25.915494267611468,0.29539747025502194,16.4,25.251496743168616,27.688910994947083,3.4032745361328125
C0616,64x64x32_tanh_nesterov_lr0.001_wd0.001_do0.1_bs32_ns0_momentum0.9_nesterovTrue,64x64x32,3,160,tanh,nesterov,0.001,0.001,0.1,32,0.0,0.9,True,,26.28268385007929,0.9268865220452631,25.666285575977764,0.6163982741015275,42.6,25.26981716440695,27.549573355150898,6.208287239074707
C0576,64x64x32_relu_nesterov_lr0.001_wd0.005_do0.2_bs32_ns0.05_momentum0.9_nesterovTrue,64x64x32,3,160,relu,nesterov,0.001,0.005,0.2,32,0.05,0.9,True,,26.293835866256767,0.9793265799673266,26.252727603395975,0.041108262860792166,6.0,25.34580984414601,27.92682886433811,2.5582380294799805
C0566,64x64x32_relu_nesterov_lr0.001_wd0.001_do0.2_bs32_ns0.01_momentum0.9_nesterovTrue,64x64x32,3,160,relu,nesterov,0.001,0.001,0.2,32,0.01,0.9,True,,26.298922601869343,0.9577074620015579,26.256135079781366,0.04278752208797698,6.0,25.35305896365858,27.88936047272656,2.4880638122558594
C0567,64x64x32_relu_nesterov_lr0.001_wd0.001_do0.2_bs32_ns0.05_momentum0.9_nesterovTrue,64x64x32,3,160,relu,nesterov,0.001,0.001,0.2,32,0.05,0.9,True,,26.299997233475988,0.9744071995925806,26.257871603704587,0.04212562977140166,6.0,25.346081069282796,27.923343518193388,2.4985690116882324
C0646,64x64x32_tanh_nesterov_lr0.005_wd0.005_do0.2_bs32_ns0_momentum0.9_nesterovTrue,64x64x32,3,160,tanh,nesterov,0.005,0.005,0.2,32,0.0,0.9,True,,26.447387833320853,0.6677945797767328,26.18371551243451,0.26367232088634296,10.8,25.647975488360345,27.413522633173493,3.0453925132751465
C0637,64x64x32_tanh_nesterov_lr0.005_wd0.001_do0.2_bs32_ns0_momentum0.9_nesterovTrue,64x64x32,3,160,tanh,nesterov,0.005,0.001,0.2,32,0.0,0.9,True,,26.477629836535648,0.6651367928927842,26.21507968748373,0.2625501490519184,10.8,25.653596626171662,27.42817831650435,3.1863183975219727
C0629,64x64x32_tanh_nesterov_lr0.001_wd0.005_do0.2_bs32_ns0.01_momentum0.9_nesterovTrue,64x64x32,3,160,tanh,nesterov,0.001,0.005,0.2,32,0.01,0.9,True,,26.704676948871708,0.586739412160164,26.356948869662773,0.34772807920893456,29.0,26.067163086647337,27.475289804452945,4.173201084136963
C0630,64x64x32_tanh_nesterov_lr0.001_wd0.005_do0.2_bs32_ns0.05_momentum0.9_nesterovTrue,64x64x32,3,160,tanh,nesterov,0.001,0.005,0.2,32,0.05,0.9,True,,26.72108951387053,0.5955765614111518,26.376887675023124,0.3442018388474075,29.0,26.084245076104274,27.508067014477042,4.272406578063965
C0621,64x64x32_tanh_nesterov_lr0.001_wd0.001_do0.2_bs32_ns0.05_momentum0.9_nesterovTrue,64x64x32,3,160,tanh,nesterov,0.001,0.001,0.2,32,0.05,0.9,True,,26.755471852279534,0.5918883448277324,26.41029731565527,0.34517453662426334,29.0,26.141845941197097,27.527656763181415,4.964926242828369
C0620,64x64x32_tanh_nesterov_lr0.001_wd0.001_do0.2_bs32_ns0.01_momentum0.9_nesterovTrue,64x64x32,3,160,tanh,nesterov,0.001,0.001,0.2,32,0.01,0.9,True,,26.79982593034735,0.6001988379208377,26.445508049941772,0.35431788040557777,29.2,26.123047860991516,27.49401226238067,5.085969686508179
C0628,64x64x32_tanh_nesterov_lr0.001_wd0.005_do0.2_bs32_ns0_momentum0.9_nesterovTrue,64x64x32,3,160,tanh,nesterov,0.001,0.005,0.2,32,0.0,0.9,True,,26.81033439920294,0.6706943925912362,26.40161975034955,0.40871464885339037,28.0,26.08795722693584,27.879853839319793,4.055195569992065
C0619,64x64x32_tanh_nesterov_lr0.001_wd0.001_do0.2_bs32_ns0_momentum0.9_nesterovTrue,64x64x32,3,160,tanh,nesterov,0.001,0.001,0.2,32,0.0,0.9,True,,26.843500306891496,0.6677613894817652,26.430712460608085,0.41278784628341114,28.0,26.09451029589489,27.893790322723316,4.949193000793457
